movie_title,title_year,genres,director_name,actor_1_name,actor_2_name,actor_3_name,imdb_score,plot_keywords,language
Avatar,2009.0,Action Adventure Fantasy Sci-Fi,James Cameron,CCH Pounder,Joel David Moore,Wes Studi,7.9,"avatar, future, marine, native, paraplegic",English
Pirates of the Caribbean: At World's End,2007.0,Action Adventure Fantasy,Gore Verbinski,Johnny Depp,Orlando Bloom,Jack Davenport,7.1,"goddess, marriage ceremony, marriage proposal, pirate, singapore",English
Spectre,2015.0,Action Adventure Thriller,Sam Mendes,Christoph Waltz,Rory Kinnear,Stephanie Sigman,6.8,"bomb, espionage, sequel, spy, terrorist",English
The Dark Knight Rises,2012.0,Action Thriller,Christopher Nolan,Tom Hardy,Christian Bale,Joseph Gordon-Levitt,8.5,"deception, imprisonment, lawlessness, police officer, terrorist plot",English
John Carter,2012.0,Action Adventure Sci-Fi,Andrew Stanton,Daryl Sabara,Samantha Morton,Polly Walker,6.6,"alien, american civil war, male nipple, mars, princess",English
Spider-Man 3,2007.0,Action Adventure Romance,Sam Raimi,J.K. Simmons,James Franco,Kirsten Dunst,6.2,"sandman, spider man, symbiote, venom, villain",English
Tangled,2010.0,Adventure Animation Comedy Family Fantasy Musical Romance,Nathan Greno,Brad Garrett,Donna Murphy,M.C. Gainey,7.8,"17th century, based on fairy tale, disney, flower, tower",English
Avengers: Age of Ultron,2015.0,Action Adventure Sci-Fi,Joss Whedon,Chris Hemsworth,Robert Downey Jr.,Scarlett Johansson,7.5,"artificial intelligence, based on comic book, captain america, marvel cinematic universe, superhero",English
Harry Potter and the Half-Blood Prince,2009.0,Adventure Family Fantasy Mystery,David Yates,Alan Rickman,Daniel Radcliffe,Rupert Grint,7.5,"blood, book, love, potion, professor",English
Batman v Superman: Dawn of Justice,2016.0,Action Adventure Sci-Fi,Zack Snyder,Henry Cavill,Lauren Cohan,Alan D. Purwin,6.9,"based on comic book, batman, sequel to a reboot, superhero, superman",English
Superman Returns,2006.0,Action Adventure Sci-Fi,Bryan Singer,Kevin Spacey,Marlon Brando,Frank Langella,6.1,"crystal, epic, lex luthor, lois lane, return to earth",English
Quantum of Solace,2008.0,Action Adventure,Marc Forster,Giancarlo Giannini,Mathieu Amalric,Rory Kinnear,6.7,"action hero, attempted rape, bond girl, official james bond series, revenge",English
Pirates of the Caribbean: Dead Man's Chest,2006.0,Action Adventure Fantasy,Gore Verbinski,Johnny Depp,Orlando Bloom,Jack Davenport,7.3,"box office hit, giant squid, heart, liar's dice, monster",English
The Lone Ranger,2013.0,Action Adventure Western,Gore Verbinski,Johnny Depp,Ruth Wilson,Tom Wilkinson,6.5,"horse, outlaw, texas, texas ranger, train",English
Man of Steel,2013.0,Action Adventure Fantasy Sci-Fi,Zack Snyder,Henry Cavill,Christopher Meloni,Harry Lennix,7.2,"based on comic book, british actor playing american character, final battle, origin of hero, reboot",English
The Chronicles of Narnia: Prince Caspian,2008.0,Action Adventure Family Fantasy,Andrew Adamson,Peter Dinklage,Pierfrancesco Favino,Damián Alcázar,6.6,"brother brother relationship, brother sister relationship, good versus evil, king, narnia",English
The Avengers,2012.0,Action Adventure Sci-Fi,Joss Whedon,Chris Hemsworth,Robert Downey Jr.,Scarlett Johansson,8.1,"alien invasion, assassin, battle, iron man, soldier",English
Pirates of the Caribbean: On Stranger Tides,2011.0,Action Adventure Fantasy,Rob Marshall,Johnny Depp,Sam Claflin,Stephen Graham,6.7,"blackbeard, captain, pirate, revenge, soldier",English
Men in Black 3,2012.0,Action Adventure Comedy Family Fantasy Sci-Fi,Barry Sonnenfeld,Will Smith,Michael Stuhlbarg,Nicole Scherzinger,6.8,"alien, criminal, m.i.b., maximum security prison, prison",English
The Hobbit: The Battle of the Five Armies,2014.0,Adventure Fantasy,Peter Jackson,Aidan Turner,Adam Brown,James Nesbitt,7.5,"army, elf, hobbit, middle earth, orc",English
The Amazing Spider-Man,2012.0,Action Adventure Fantasy,Marc Webb,Emma Stone,Andrew Garfield,Chris Zylka,7.0,"lizard, outcast, spider, spider man, teenager",English
Robin Hood,2010.0,Action Adventure Drama History,Ridley Scott,Mark Addy,William Hurt,Scott Grimes,6.7,"1190s, archer, england, king of england, robin hood",English
The Hobbit: The Desolation of Smaug,2013.0,Adventure Fantasy,Peter Jackson,Aidan Turner,Adam Brown,James Nesbitt,7.9,"dwarf, elf, lake town, mountain, sword and sorcery",English
The Golden Compass,2007.0,Adventure Family Fantasy,Chris Weitz,Christopher Lee,Eva Green,Kristin Scott Thomas,6.1,"children, epic, friend, girl, quest",English
King Kong,2005.0,Action Adventure Drama Romance,Peter Jackson,Naomi Watts,Thomas Kretschmann,Evan Parke,7.2,"animal name in title, ape abducts a woman, gorilla, island, king kong",English
Titanic,1997.0,Drama Romance,James Cameron,Leonardo DiCaprio,Kate Winslet,Gloria Stuart,7.7,"artist, love, ship, titanic, wet",English
Captain America: Civil War,2016.0,Action Adventure Sci-Fi,Anthony Russo,Robert Downey Jr.,Scarlett Johansson,Chris Evans,8.2,"based on comic book, knife, marvel cinematic universe, returning character killed off, superhero",English
Battleship,2012.0,Action Adventure Sci-Fi Thriller,Peter Berg,Liam Neeson,Alexander Skarsgård,Tadanobu Asano,5.9,"box office flop, hawaii, naval, oahu hawaii, ship",English
Jurassic World,2015.0,Action Adventure Sci-Fi Thriller,Colin Trevorrow,Bryce Dallas Howard,Judy Greer,Omar Sy,7.0,"dinosaur, disaster film, experiment gone wrong, jurassic park, velociraptor",English
Skyfall,2012.0,Action Adventure Thriller,Sam Mendes,Albert Finney,Helen McCrory,Rory Kinnear,7.8,"brawl, childhood home, computer cracker, intelligence agency, terrorist cell",English
Spider-Man 2,2004.0,Action Adventure Fantasy Romance,Sam Raimi,J.K. Simmons,James Franco,Kirsten Dunst,7.3,"death, doctor, scientist, super villain, tentacle",English
Iron Man 3,2013.0,Action Adventure Sci-Fi,Shane Black,Robert Downey Jr.,Jon Favreau,Don Cheadle,7.2,"armor, explosion, human bomb, missile attack, terrorist",English
Alice in Wonderland,2010.0,Adventure Family Fantasy,Tim Burton,Johnny Depp,Alan Rickman,Anne Hathaway,6.5,"alice in wonderland, mistaking reality for dream, queen, shrinking, shrinking potion",English
X-Men: The Last Stand,2006.0,Action Adventure Fantasy Sci-Fi Thriller,Brett Ratner,Hugh Jackman,Kelsey Grammer,Daniel Cudmore,6.8,"battle, mutant, outrage, walking through a wall, x men",English
Monsters University,2013.0,Adventure Animation Comedy Family Fantasy,Dan Scanlon,Steve Buscemi,Tyler Labine,Sean Hayes,7.3,"cheating, fraternity, monster, singing in a car, university",English
Transformers: Revenge of the Fallen,2009.0,Action Adventure Sci-Fi,Michael Bay,Glenn Morshower,Kevin Dunn,Ramon Rodriguez,6.0,"autobot, decepticon, machine, sun, symbol",English
Transformers: Age of Extinction,2014.0,Action Adventure Sci-Fi,Michael Bay,Bingbing Li,Sophia Myles,Kelsey Grammer,5.7,"blockbuster, bumblebee the character, semi truck and trailer, texas, truck",English
Oz the Great and Powerful,2013.0,Adventure Family Fantasy,Sam Raimi,Tim Holmes,Mila Kunis,James Franco,6.4,"circus, magic, magician, oz, witch",English
The Amazing Spider-Man 2,2014.0,Action Adventure Fantasy Sci-Fi,Marc Webb,Emma Stone,Andrew Garfield,B.J. Novak,6.7,"costumed hero, death of girlfriend, masked vigilante, returning character killed off, teenager",English
TRON: Legacy,2010.0,Action Adventure Sci-Fi,Joseph Kosinski,Jeff Bridges,Olivia Wilde,James Frain,6.8,"arcade, bridge, disappearance, escape, warrior",English
Cars 2,2011.0,Adventure Animation Comedy Family Sport,John Lasseter,Joe Mantegna,Thomas Kretschmann,Eddie Izzard,6.3,"best friend, car race, conspiracy, gadget car, spy",English
Green Lantern,2011.0,Action Adventure Sci-Fi,Martin Campbell,Ryan Reynolds,Temuera Morrison,Taika Waititi,5.6,"autopsy, lantern, planet, ring, test pilot",English
Toy Story 3,2010.0,Adventure Animation Comedy Family Fantasy,Lee Unkrich,Tom Hanks,John Ratzenberger,Don Rickles,8.3,"college, day care, escape, teddy bear, toy",English
Terminator Salvation,2009.0,Action Adventure Sci-Fi,McG,Christian Bale,Bryce Dallas Howard,Common,6.6,"death row, future, machine, rescue, skynet",English
Furious 7,2015.0,Action Crime Thriller,James Wan,Jason Statham,Paul Walker,Vin Diesel,7.2,"car falling off a cliff, hospital, revenge, star died before release, terrorist",English
World War Z,2013.0,Action Adventure Horror Sci-Fi Thriller,Marc Forster,Peter Capaldi,Brad Pitt,Mireille Enos,7.0,"chaos, disease, infection, pandemic, zombie",English
X-Men: Days of Future Past,2014.0,Action Adventure Fantasy Sci-Fi Thriller,Bryan Singer,Jennifer Lawrence,Peter Dinklage,Hugh Jackman,8.0,"dystopia, super strength, supernatural power, time paradox, time travel",English
Star Trek Into Darkness,2013.0,Action Adventure Sci-Fi,J.J. Abrams,Benedict Cumberbatch,Bruce Greenwood,Noel Clarke,7.8,"admiral, captain, manhunt, mission, space",English
Jack the Giant Slayer,2013.0,Adventure Fantasy,Bryan Singer,Eddie Marsan,Ewen Bremner,Ralph Brown,6.3,"bean, giant, king, no opening credits, princess",English
The Great Gatsby,2013.0,Drama Romance,Baz Luhrmann,Leonardo DiCaprio,Elizabeth Debicki,Steve Bisley,7.3,"ingratitude, mansion, party, title appears in writing, tragedy",English
Prince of Persia: The Sands of Time,2010.0,Action Adventure Fantasy Romance,Mike Newell,Jake Gyllenhaal,Richard Coyle,Reece Ritchie,6.6,"alamut, dagger, king, persia, princess",English
Pacific Rim,2013.0,Action Adventure Sci-Fi,Guillermo del Toro,Charlie Hunnam,Clifton Collins Jr.,Larry Joe Campbell,7.0,"giant monster, kaiju, pilot, portal, robot",English
Transformers: Dark of the Moon,2011.0,Action Adventure Sci-Fi,Michael Bay,Glenn Morshower,Lester Speight,Kevin Dunn,6.3,"autobot, decepticon, job interview, moon, spacecraft",English
Indiana Jones and the Kingdom of the Crystal Skull,2008.0,Action Adventure Fantasy,Steven Spielberg,Harrison Ford,Ray Winstone,Jim Broadbent,6.2,"cult figure, femme fatale, indiana jones, unsubtitled foreign language, year 1957",English
The Good Dinosaur,2015.0,Adventure Animation Comedy Family Fantasy,Peter Sohn,A.J. Buckley,Jack McGraw,Peter Sohn,6.8,"apatosaurus, asteroid, dinosaur, fear, river",English
Brave,2012.0,Adventure Animation Comedy Family Fantasy,Mark Andrews,Kelly Macdonald,John Ratzenberger,Julie Walters,7.2,"archery, coming of age, female warrior, princess, rebellious daughter",English
Star Trek Beyond,2016.0,Action Adventure Sci-Fi Thriller,Justin Lin,Sofia Boutella,Melissa Roxburgh,Lydia Wilson,7.5,"hatred, sequel, space opera, star trek, third part",English
WALL·E,2008.0,Adventure Animation Family Sci-Fi,Andrew Stanton,John Ratzenberger,Fred Willard,Jeff Garlin,8.4,"earth, obesity, plant, robot, soil",English
Rush Hour 3,2007.0,Action Comedy Crime Thriller,Brett Ratner,Tzi Ma,Dana Ivey,Noémie Lenoir,6.2,"ambassador, assassination, chinese, french, triad",English
2012,2009.0,Action Adventure Sci-Fi,Roland Emmerich,Oliver Platt,Liam James,Tom McCarthy,5.8,"ark, catastrophe, geologist, president, writer",English
A Christmas Carol,2009.0,Animation Drama Family Fantasy,Robert Zemeckis,Robin Wright,Colin Firth,Gary Oldman,6.8,"charles dickens, christmas, christmas eve, ghost, scrooge",English
Jupiter Ascending,2015.0,Action Adventure Sci-Fi,Lana Wachowski,Channing Tatum,Mila Kunis,Eddie Redmayne,5.4,"box office flop, critically bashed, planet earth, space opera, woman in bra and panties",English
The Legend of Tarzan,2016.0,Action Adventure Drama Romance,David Yates,Christoph Waltz,Alexander Skarsgård,Casper Crump,6.6,"africa, capture, jungle, male objectification, tarzan",English
"The Chronicles of Narnia: The Lion, the Witch and the Wardrobe",2005.0,Adventure Family Fantasy,Andrew Adamson,Jim Broadbent,Kiran Shah,Shane Rangi,6.9,"hide and seek, lion, magic, professor, snow",English
X-Men: Apocalypse,2016.0,Action Adventure Sci-Fi,Bryan Singer,Jennifer Lawrence,Michael Fassbender,Tye Sheridan,7.3,"mutant, superhero, superhero team, x men, year 1983",English
The Dark Knight,2008.0,Action Crime Drama Thriller,Christopher Nolan,Christian Bale,Heath Ledger,Morgan Freeman,9.0,"based on comic book, dc comics, psychopath, star died before release, urban setting",English
Up,2009.0,Adventure Animation Comedy Family,Pete Docter,John Ratzenberger,Delroy Lindo,Jess Harnell,8.3,"balloon, house, promise, retirement, skeleton",English
Monsters vs. Aliens,2009.0,Action Adventure Animation Comedy Family Sci-Fi,Rob Letterman,Amy Poehler,Rainn Wilson,Stephen Colbert,6.5,"alien, alien invasion, alien space craft, giant, giantess",English
Iron Man,2008.0,Action Adventure Sci-Fi,Jon Favreau,Robert Downey Jr.,Jeff Bridges,Jon Favreau,7.9,"afghanistan, billionaire, inventor, playboy, u.s. air force",English
Hugo,2011.0,Adventure Drama Family Mystery,Martin Scorsese,Chloë Grace Moretz,Christopher Lee,Ray Winstone,7.5,"automaton, mechanical, railway station, steampunk, train",English
Wild Wild West,1999.0,Action Comedy Sci-Fi Western,Barry Sonnenfeld,Will Smith,Salma Hayek,Bai Ling,4.8,"buddy movie, general, inventor, steampunk, utah",English
The Mummy: Tomb of the Dragon Emperor,2008.0,Action Adventure Fantasy Horror Thriller,Rob Cohen,Jet Li,Brendan Fraser,Russell Wong,5.2,"army, china, emperor, mummy, shangri la",English
Suicide Squad,2016.0,Action Adventure Comedy Sci-Fi,David Ayer,Will Smith,Robin Atkin Downes,Ike Barinholtz,6.9,"based on comic book, critically bashed, father daughter relationship, reference to superman, super villain",English
Evan Almighty,2007.0,Comedy Family Fantasy,Tom Shadyac,Jimmy Bennett,Morgan Freeman,Steve Carell,5.4,"ark, change, congressman, depiction of god, flood",English
Edge of Tomorrow,2014.0,Action Adventure Sci-Fi,Doug Liman,Tom Cruise,Lara Pulver,Noah Taylor,7.9,"alien, combat, dying repeatedly, end of the world, time loop",English
Waterworld,1995.0,Action Adventure Sci-Fi Thriller,Kevin Reynolds,Jeanne Tripplehorn,Rick Aviles,Zakes Mokae,6.1,"future, sail, sea, smoker, water",English
G.I. Joe: The Rise of Cobra,2009.0,Action Adventure Sci-Fi Thriller,Stephen Sommers,Joseph Gordon-Levitt,Dennis Quaid,Leo Howard,5.8,"cobra, gi joe, snake, train, warhead",English
Inside Out,2015.0,Adventure Animation Comedy Drama Family Fantasy,Pete Docter,Amy Poehler,Mindy Kaling,Phyllis Smith,8.3,"anger, joy, memory, running away, sadness",English
The Jungle Book,2016.0,Adventure Drama Family Fantasy,Jon Favreau,Scarlett Johansson,Bill Murray,Garry Shandling,7.8,"fire, jungle, remake, tiger, wolf",English
Iron Man 2,2010.0,Action Adventure Sci-Fi,Jon Favreau,Robert Downey Jr.,Scarlett Johansson,Jon Favreau,7.0,"hammer, military, monaco, revenge, tony stark",English
Snow White and the Huntsman,2012.0,Action Adventure Drama Fantasy,Rupert Sanders,Chris Hemsworth,Kristen Stewart,Sam Claflin,6.1,"evil queen, fairy tale, magic, queen, snow white",English
Maleficent,2014.0,Action Adventure Family Fantasy Romance,Robert Stromberg,Angelina Jolie Pitt,Sharlto Copley,Sam Riley,7.0,"curse, dark fantasy, fairy, king, kingdom",English
Dawn of the Planet of the Apes,2014.0,Action Adventure Drama Sci-Fi,Matt Reeves,Gary Oldman,Judy Greer,Kodi Smit-McPhee,7.6,"ape, dam, leader, post apocalypse, sequel",English
The Lovers,2015.0,Action Adventure Romance Sci-Fi,Roland Joffé,Tamsin Egerton,Alice Englert,Bipasha Basu,4.5,"1770s, british india, great barrier reef, india, ring",English
47 Ronin,2013.0,Action Adventure Drama Fantasy,Carl Rinsch,Keanu Reeves,Cary-Hiroyuki Tagawa,Jin Akanishi,6.3,"box office flop, ronin, samurai, shogun, tournament",English
Captain America: The Winter Soldier,2014.0,Action Adventure Sci-Fi,Anthony Russo,Scarlett Johansson,Chris Evans,Hayley Atwell,7.8,"conspiracy, heroism, megalomaniac, super soldier, world domination",English
Shrek Forever After,2010.0,Adventure Animation Comedy Family Fantasy,Mike Mitchell,Jon Hamm,Kathy Griffin,Mary Kay Place,6.4,"alternate world, fairy tale parody, female warrior, ogre, true love",English
Tomorrowland,2015.0,Action Adventure Family Mystery Sci-Fi,Brad Bird,Judy Greer,Chris Bauer,Thomas Robinson,6.5,"boy genius, futuristic city, inventor, teenage girl, time travel",English
Big Hero 6,2014.0,Action Adventure Animation Comedy Drama Family Sci-Fi,Don Hall,Damon Wayans Jr.,Daniel Henney,Abraham Benrubi,7.9,"high tech, martial arts, masked man, robot, superhero",English
Wreck-It Ralph,2012.0,Adventure Animation Comedy Family Sci-Fi,Rich Moore,Jack McBrayer,Sarah Silverman,Joe Lo Truglio,7.8,"arcade, candy, glitch, king, medal",English
The Polar Express,2004.0,Adventure Animation Family Fantasy,Robert Zemeckis,Tom Hanks,Eddie Deezen,Peter Scolari,6.6,"boy, christmas, christmas eve, north pole, train",English
Independence Day: Resurgence,2016.0,Action Adventure Sci-Fi,Roland Emmerich,Vivica A. Fox,Sela Ward,Judd Hirsch,5.5,"alien, battle, defense, independence day, mothership",English
How to Train Your Dragon,2010.0,Adventure Animation Family Fantasy,Dean DeBlois,Gerard Butler,America Ferrera,Craig Ferguson,8.2,"dragon, island, training, viking, village",English
Terminator 3: Rise of the Machines,2003.0,Action Sci-Fi,Jonathan Mostow,Nick Stahl,M.C. Gainey,Carolyn Hennesy,6.4,"drifter, exploding truck, future, machine, skynet",English
Guardians of the Galaxy,2014.0,Action Adventure Sci-Fi,James Gunn,Bradley Cooper,Vin Diesel,Djimon Hounsou,8.1,"bounty hunter, outer space, raccoon, talking animal, tree",English
Interstellar,2014.0,Adventure Drama Sci-Fi,Christopher Nolan,Matthew McConaughey,Anne Hathaway,Mackenzie Foy,8.6,"black hole, father daughter relationship, saving the world, space travel, wormhole",English
Inception,2010.0,Action Adventure Sci-Fi Thriller,Christopher Nolan,Leonardo DiCaprio,Tom Hardy,Joseph Gordon-Levitt,8.8,"ambiguous ending, corporate espionage, dream, subconscious, thief",English
Godzilla Resurgence,2016.0,Action Adventure Drama Horror Sci-Fi,Hideaki Anno,Mark Chinnery,Shin'ya Tsukamoto,Atsuko Maeda,8.2,"blood, godzilla, monster, sequel",Japanese
The Hobbit: An Unexpected Journey,2012.0,Adventure Fantasy,Peter Jackson,Aidan Turner,Adam Brown,James Nesbitt,7.9,"dragon, dwarf, hobbit, orc, wizard",English
The Fast and the Furious,2001.0,Action Crime Thriller,Rob Cohen,Paul Walker,Vin Diesel,Jordana Brewster,6.7,"eighteen wheeler, illegal street racing, truck, trucker, undercover cop",English
The Curious Case of Benjamin Button,2008.0,Drama Fantasy Romance,David Fincher,Brad Pitt,Jason Flemyng,Julia Ormond,7.8,"deformed baby, diary, lingerie slip, older man younger woman relationship, premature aging",English
X-Men: First Class,2011.0,Action Adventure Sci-Fi,Matthew Vaughn,Jennifer Lawrence,Michael Fassbender,Oliver Platt,7.8,"cia, cia agent, mutant, nuclear war, professor",English
The Hunger Games: Mockingjay - Part 2,2015.0,Adventure Sci-Fi,Francis Lawrence,Jennifer Lawrence,Philip Seymour Hoffman,Josh Hutcherson,6.6,"death of sister, dystopia, execution, rebellion, revolution",English
The Sorcerer's Apprentice,2010.0,Action Adventure Family Fantasy,Jon Turteltaub,Nicolas Cage,Omar Benson Miller,Robert Capron,6.1,"chosen one, enchanted object, love, spell, training",English
Poseidon,2006.0,Action Adventure Drama Thriller,Wolfgang Petersen,Jimmy Bennett,Mike Vogel,Andre Braugher,5.6,"cruise, escape, ocean, passenger, water",English
Alice Through the Looking Glass,2016.0,Adventure Family Fantasy,James Bobin,Johnny Depp,Alan Rickman,Anne Hathaway,6.4,"clock, dark fantasy, mad hatter, queen, sequel",English
Shrek the Third,2007.0,Adventure Animation Comedy Family Fantasy,Chris Miller,Justin Timberlake,Eric Idle,Rupert Everett,6.1,"disney spoof, fairy tale, prince, princess, tough guy",English
Warcraft,2016.0,Action Adventure Fantasy,Duncan Jones,Dominic Cooper,Callum Rennie,Ruth Negga,7.3,"based on video game, fictional language, fictional war, orc, sword and sorcery",English
Terminator Genisys,2015.0,Action Adventure Sci-Fi,Alan Taylor,J.K. Simmons,Emilia Clarke,Matt Smith,6.6,"alternate timeline, cyborg, future, robot, time machine",English
The Chronicles of Narnia: The Voyage of the Dawn Treader,2010.0,Adventure Family Fantasy,Michael Apted,Bruce Spence,Shane Rangi,Laura Brent,6.3,"dragon, king, mouse, quest, warrior",English
Pearl Harbor,2001.0,Action Drama History Romance War,Michael Bay,Jennifer Garner,Jaime King,Mako,6.1,"air raid, black smoke, japanese military, japanese navy, sunday",English
Transformers,2007.0,Action Adventure Sci-Fi,Michael Bay,Zack Ward,Michael O'Neill,Kevin Dunn,7.1,"alien contact, autobot, decepticon, robot vs. robot, teenage hero",English
Alexander,2004.0,Action Adventure Biography Drama History Romance War,Oliver Stone,Anthony Hopkins,Angelina Jolie Pitt,Brian Blessed,5.5,"ancient greece, conquest, greek, greek myth, king",English
Harry Potter and the Order of the Phoenix,2007.0,Adventure Family Fantasy Mystery,David Yates,Robert Pattinson,Daniel Radcliffe,Fiona Shaw,7.5,"battle, magic, school, teacher, wizard",English
Harry Potter and the Goblet of Fire,2005.0,Adventure Family Fantasy Mystery,Mike Newell,Robert Pattinson,Daniel Radcliffe,Rupert Grint,7.6,"fire, goblet, magic, tournament, wizard",English
Hancock,2008.0,Action Drama,Peter Berg,Will Smith,Charlize Theron,Eddie Marsan,6.4,"bully comeuppance, destruction, prison, superhero, tough girl",English
I Am Legend,2007.0,Drama Horror Sci-Fi,Francis Lawrence,Will Smith,Alice Braga,Willow Smith,7.2,"new york city, pandemic, post apocalypse, survivalist, virus",English
Charlie and the Chocolate Factory,2005.0,Adventure Comedy Family Fantasy,Tim Burton,Johnny Depp,Christopher Lee,David Kelly,6.7,"chocolate, diminution, miniaturization, physical flexability, ticket",English
Ratatouille,2007.0,Animation Comedy Family Fantasy,Brad Bird,Janeane Garofalo,John Ratzenberger,Brian Dennehy,8.0,"chef, food, french, rat, restaurant",English
Batman Begins,2005.0,Action Adventure,Christopher Nolan,Christian Bale,Liam Neeson,Morgan Freeman,8.3,"armored car, gangster, gotham, mixed martial arts, social decay",English
Madagascar: Escape 2 Africa,2008.0,Action Adventure Animation Comedy Family,Eric Darnell,Bernie Mac,Jada Pinkett Smith,Cedric the Entertainer,6.7,"africa, madagascar, new york city, sequel, zoo",English
Night at the Museum: Battle of the Smithsonian,2009.0,Adventure Comedy Family Fantasy,Shawn Levy,Robin Williams,Rami Malek,Steve Coogan,5.9,"hdtv, motorcycle, museum, security guard, tyrannosaurus rex",English
X-Men Origins: Wolverine,2009.0,Action Adventure Fantasy Sci-Fi Thriller,Gavin Hood,Hugh Jackman,Ryan Reynolds,Dominic Monaghan,6.7,"army, civil war, claw fight, commando, wolverine the character",English
The Matrix Revolutions,2003.0,Action Sci-Fi,Lana Wachowski,Essie Davis,Collin Chou,Nona Gaye,6.7,"battle, epic, fight, future, machine",English
Frozen,2013.0,Adventure Animation Comedy Family Fantasy Musical,Chris Buck,Josh Gad,Maurice LaMarche,Livvy Stubenrauch,7.6,"magic, sister love, sister sister relationship, snow, snowman",English
The Matrix Reloaded,2003.0,Action Sci-Fi,Lana Wachowski,Steve Bastoni,Daniel Bernhardt,Helmut Bakaitis,7.2,"car motorcycle chase, one against many, oracle, prophecy, stylized violence",English
Thor: The Dark World,2013.0,Action Adventure Fantasy,Alan Taylor,Chris Hemsworth,Natalie Portman,Anthony Hopkins,7.1,"arrest, portal, thor, warrior, weapon",English
Mad Max: Fury Road,2015.0,Action Adventure Sci-Fi Thriller,George Miller,Tom Hardy,Charlize Theron,Zoë Kravitz,8.1,"australia, desert, escape, on the run, post apocalypse",English
Angels & Demons,2009.0,Mystery Thriller,Ron Howard,Tom Hanks,Ayelet Zurer,Armin Mueller-Stahl,6.7,"conclave, illuminati, murder, reference to bernini, reference to raphael",English
Thor,2011.0,Action Adventure Fantasy,Kenneth Branagh,Chris Hemsworth,Natalie Portman,Anthony Hopkins,7.0,"battle, marvel cinematic universe, scientist, thor, throne",English
Bolt,2008.0,Adventure Animation Comedy Drama Family,Byron Howard,Chloë Grace Moretz,Diedrich Bader,James Lipton,6.9,"cat, dog, hamster, new york city, superpower",English
G-Force,2009.0,Action Adventure Animation Comedy Family Fantasy Sci-Fi,Hoyt Yeatman,Kelli Garner,Piper Mackenzie Harris,Niecy Nash,5.1,"fbi director, guinea pig, household appliance, secret agent, talking mouse",English
Wrath of the Titans,2012.0,Action Adventure Fantasy,Jonathan Liebesman,Liam Neeson,Edgar Ramírez,Lily James,5.8,"ares, hades, titan, underworld, zeus",English
Dark Shadows,2012.0,Comedy Fantasy Horror,Tim Burton,Johnny Depp,Chloë Grace Moretz,Christopher Lee,6.2,"camera shot of feet, cartoon on tv, female stockinged feet, female stockinged soles, foot closeup",English
Mission: Impossible - Rogue Nation,2015.0,Action Adventure Thriller,Christopher McQuarrie,Tom Cruise,Jeremy Renner,Sean Harris,7.4,"capture, computer hacker, mission, rogue agent, spy",English
The Wolfman,2010.0,Drama Fantasy Horror Thriller,Joe Johnston,Anthony Hopkins,Simon Merrells,Art Malik,5.8,"asylum, death, full moon, transformation, werewolf",English
The Legend of Tarzan,2016.0,Action Adventure Drama Romance,David Yates,Christoph Waltz,Alexander Skarsgård,Casper Crump,6.6,"africa, capture, jungle, male objectification, tarzan",English
Bee Movie,2007.0,Adventure Animation Comedy Family,Steve Hickner,Matthew Broderick,Oprah Winfrey,Rip Torn,6.2,"bee, dream sequence, egg, scatological humor, squashed bug",English
Kung Fu Panda 2,2011.0,Action Adventure Animation Comedy Family,Jennifer Yuh Nelson,Angelina Jolie Pitt,Gary Oldman,Mike Bell,7.3,"china, kung fu, panda, peacock, tigress",English
The Last Airbender,2010.0,Action Adventure Family Fantasy,M. Night Shyamalan,Seychelle Gabriel,Noah Ringer,Aasif Mandvi,4.2,"avatar, fire, kingdom, tribe, water",English
Mission: Impossible III,2006.0,Action Adventure Thriller,J.J. Abrams,Philip Seymour Hoffman,Tom Cruise,Eddie Marsan,6.9,"arms dealer, fictional government agency, mission, rescue, vatican",English
White House Down,2013.0,Action Drama Thriller,Roland Emmerich,Channing Tatum,Jake Weber,Matt Craven,6.4,"black u.s. president, president, secret service, tour, white house",English
Mars Needs Moms,2011.0,Action Adventure Animation Comedy Family Sci-Fi,Simon Wells,Elisabeth Harnois,Dan Fogler,Tom Everett Scott,5.4,"boy, martian, rescue, robot, sexism",English
Flushed Away,2006.0,Adventure Animation Comedy Family,David Bowers,Hugh Jackman,Kate Winslet,David Suchet,6.7,"boat, frog, rat, sewer, toad",English
Pan,2015.0,Adventure Family Fantasy,Joe Wright,Hugh Jackman,Cara Delevingne,Nonso Anozie,5.8,"1940s, child hero, fantasy world, orphan, reference to peter pan",English
Mr. Peabody & Sherman,2014.0,Adventure Animation Comedy Family Sci-Fi,Rob Minkoff,Ty Burrell,Zach Callison,Karan Brar,6.9,"dog, father son relationship, inventor, talking dog, time travel",English
Troy,2004.0,Adventure,Wolfgang Petersen,Brad Pitt,Orlando Bloom,Julian Glover,7.2,"greek, mythology, prince, trojan, troy",English
Madagascar 3: Europe's Most Wanted,2012.0,Adventure Animation Comedy Family,Eric Darnell,Jada Pinkett Smith,Martin Short,Cedric the Entertainer,6.9,"animal, circus, island name in title, lemur, penguin",English
Die Another Day,2002.0,Action Adventure Thriller,Lee Tamahori,Toby Stephens,Colin Salmon,Rick Yune,6.1,"catfight, clinic, colonel, diamond, patricide",English
Ghostbusters,2016.0,Action Comedy Fantasy Sci-Fi,Paul Feig,Ed Begley Jr.,Kate McKinnon,Zach Woods,5.5,"ghost, ghostbuster, ghostbusters, male objectification, reboot",English
Armageddon,1998.0,Action Adventure Sci-Fi Thriller,Michael Bay,Bruce Willis,Steve Buscemi,Will Patton,6.6,"asteroid, astronaut, bomb, meteorite, outer space",English
Men in Black II,2002.0,Action Adventure Comedy Family Fantasy Mystery Sci-Fi,Barry Sonnenfeld,Will Smith,Rosario Dawson,Rip Torn,6.1,"alien, lingerie, lingerie model, m.i.b., pug",English
Beowulf,2007.0,Action Adventure Animation Fantasy,Robert Zemeckis,Robin Wright,Anthony Hopkins,Sebastian Roché,6.3,"creature, demon, king, reward, warrior",English
Kung Fu Panda 3,2016.0,Action Adventure Animation Comedy Family,Alessandro Carloni,J.K. Simmons,Angelina Jolie Pitt,Wayne Knight,7.2,"china, kung fu, panda, pig, village",English
Mission: Impossible - Ghost Protocol,2011.0,Action Adventure Thriller,Brad Bird,Tom Cruise,Jeremy Renner,Michael Nyqvist,7.4,"dubai, kremlin, race against time, russian, terrorist",English
Rise of the Guardians,2012.0,Adventure Animation Family Fantasy,Peter Ramsey,Hugh Jackman,Kamil McFadden,Khamani Griffin,7.3,"belief, box office hit, children, new york city, tooth",English
Fun with Dick and Jane,2005.0,Comedy Crime,Dean Parisot,John Michael Higgins,Richard Burgi,David Herman,6.1,"animal abuse, ceo, heist, suburb, unemployment",English
The Last Samurai,2003.0,Action Drama History War,Edward Zwick,Tom Cruise,Tony Goldwyn,Chad Lindberg,7.7,"captain, emperor, honor, japan, samurai",English
Exodus: Gods and Kings,2014.0,Action Adventure Drama,Ridley Scott,Christian Bale,María Valverde,Ben Mendelsohn,6.1,"egypt, exodus, moses, pharaoh, plague",English
Star Trek,2009.0,Action Adventure Sci-Fi,J.J. Abrams,Chris Hemsworth,Leonard Nimoy,Bruce Greenwood,8.0,"box office hit, future, lifted by the throat, star trek, vulcan",English
Spider-Man,2002.0,Action Adventure Fantasy Romance,Sam Raimi,J.K. Simmons,James Franco,Kirsten Dunst,7.3,"evil, goblin, spider, spider man, superhero",English
How to Train Your Dragon 2,2014.0,Action Adventure Animation Comedy Family Fantasy,Dean DeBlois,Gerard Butler,Djimon Hounsou,America Ferrera,7.9,"dragon, father son relationship, husband wife relationship, mother son relationship, viking",English
Gods of Egypt,2016.0,Action Adventure Fantasy,Alex Proyas,Gerard Butler,Elodie Yung,Bryan Brown,5.5,"ancient egypt, egypt, egyptian, egyptian god, egyptian goddess",English
Stealth,2005.0,Action Adventure Sci-Fi Thriller,Rob Cohen,Sam Shepard,Joe Morton,Richard Roxburgh,5.0,"artificial intelligence, box office flop, fighter jet, navy, pilot",English
Watchmen,2009.0,Action Drama Mystery Sci-Fi,Zack Snyder,Matt Frewer,Billy Crudup,Stephen McHattie,7.7,"conspiracy, cynicism, false promise of the american dream, male full frontal nudity, male nudity",English
Lethal Weapon 4,1998.0,Action Crime Thriller,Richard Donner,Jet Li,Rene Russo,Darlene Love,6.6,"kung fu, lapd, martial arts, private investigator, triad",English
Hulk,2003.0,Action Sci-Fi,Ang Lee,Kevin Rankin,Regi Davis,Celia Weston,5.7,"1980s, c 130 hercules, monster, panzer, san francisco california",English
G.I. Joe: Retaliation,2013.0,Action Adventure Sci-Fi Thriller,Jon M. Chu,Channing Tatum,Dwayne Johnson,Elodie Yung,5.8,"general, gi joe, martial arts, ninja, president",English
Sahara,2005.0,Action Adventure Comedy Thriller,Breck Eisner,Matthew McConaughey,Rainn Wilson,Delroy Lindo,6.0,"beach, civil war, desert, dictator, ship",English
Final Fantasy: The Spirits Within,2001.0,Action Adventure Animation Fantasy Romance Sci-Fi,Hironobu Sakaguchi,Steve Buscemi,Ming-Na Wen,Jean Simmons,6.4,"general, military, scientist, soldier, year 2065",English
Captain America: The First Avenger,2011.0,Action Adventure Sci-Fi,Joe Johnston,Chris Evans,Dominic Cooper,Hayley Atwell,6.9,"arctic, captain america, scientist, tesseract, war bond",English
The World Is Not Enough,1999.0,Action Adventure Thriller,Michael Apted,Colin Salmon,Maria Grazia Cucinotta,Desmond Llewelyn,6.4,"british, oil, scientist, terrorist, tycoon",English
Master and Commander: The Far Side of the World,2003.0,Action Adventure Drama History War,Peter Weir,James D'Arcy,Lee Ingleby,David Threlfall,7.4,"1800s, napoleonic wars, pursuit, royal navy, ship",English
The Twilight Saga: Breaking Dawn - Part 2,2012.0,Adventure Drama Fantasy Romance,Bill Condon,Robert Pattinson,Kristen Stewart,Taylor Lautner,5.5,"battle, friend, super strength, vampire, vision",English
Happy Feet 2,2011.0,Animation Comedy Family Musical,George Miller,Robin Williams,Brad Pitt,Common,5.9,"3d, antarctica, krill, penguin, sequel",English
The Incredible Hulk,2008.0,Action Adventure Sci-Fi,Louis Leterrier,Ty Burrell,Peter Mensah,William Hurt,6.8,"antidote, cure, hulk, marvel cinematic universe, opening action scene",English
The BFG,2016.0,Adventure Family Fantasy,Steven Spielberg,Mark Rylance,Penelope Wilton,Rafe Spall,6.8,"cannibal, evil brother, giant, london england, queen",English
The Revenant,2015.0,Adventure Drama Thriller Western,Alejandro G. Iñárritu,Leonardo DiCaprio,Tom Hardy,Lukas Haas,8.1,"bear attack, cauterizing a wound, native american, revenge, survival",English
Turbo,2013.0,Adventure Animation Comedy Family Sport,David Soren,Ryan Reynolds,Snoop Dogg,Ben Schwartz,6.5,"accident, freak accident, race, snail, underdog",English
Rango,2011.0,Adventure Animation Comedy Family Western,Gore Verbinski,Johnny Depp,Ray Winstone,Stephen Root,7.2,"chameleon, lizard, sheriff, water, western town",English
Penguins of Madagascar,2014.0,Adventure Animation Comedy Family,Eric Darnell,Benedict Cumberbatch,Annet Mahendru,Andy Richter,6.7,"little girl, park, spy, statue of liberty, television van",English
The Bourne Ultimatum,2007.0,Action Mystery Thriller,Paul Greengrass,Matt Damon,Edgar Ramírez,Albert Finney,8.1,"action hero, cia, dark past, flashback, memory",English
Kung Fu Panda,2008.0,Action Adventure Animation Comedy Family,Mark Osborne,Angelina Jolie Pitt,Wayne Knight,Dan Fogler,7.6,"kung fu, kung fu master, master, panda, snow leopard",English
Ant-Man,2015.0,Action Adventure Comedy Sci-Fi,Peyton Reed,Judy Greer,Hayley Atwell,T.I.,7.4,"ant, chinatown san francisco, heist, sabotage, vault",English
The Hunger Games: Catching Fire,2013.0,Adventure Sci-Fi Thriller,Francis Lawrence,Jennifer Lawrence,Josh Hutcherson,Sandra Ellis Lafferty,7.6,"president, snow, television, tour, uprising",English
The Twilight Saga: Breaking Dawn - Part 2,2012.0,Adventure Drama Fantasy Romance,Bill Condon,Robert Pattinson,Kristen Stewart,Taylor Lautner,5.5,"battle, friend, super strength, vampire, vision",English
Home,2015.0,Adventure Animation Comedy Family Fantasy Sci-Fi,Tim Johnson,Jim Parsons,Matt Jones,April Winchell,6.7,"alien friendship, alien invasion, australia, flying car, mother daughter relationship",English
War of the Worlds,2005.0,Adventure Sci-Fi Thriller,Steven Spielberg,Tom Cruise,Lisa Ann Walter,Rick Gonzalez,6.5,"alien, fight, storm, survival, tripod",English
Bad Boys II,2003.0,Action Comedy Crime Thriller,Michael Bay,Will Smith,Henry Rollins,Jordi Mollà,6.6,"cuba, dea, drugs, money, undercover",English
Puss in Boots,2011.0,Action Adventure Animation Comedy Family Fantasy,Chris Miller,Salma Hayek,Constance Marie,Amy Sedaris,6.7,"betrayal, egg, friend, goose, hero",English
Salt,2010.0,Action Crime Mystery Thriller,Phillip Noyce,Angelina Jolie Pitt,Andre Braugher,August Diehl,6.4,"cia, on the run, russian, russian spy, strong female lead",English
Noah,2014.0,Action Adventure Drama,Darren Aronofsky,Anthony Hopkins,Emma Watson,Logan Lerman,5.8,"ark, flood, noah's ark, water, wrath of god",English
The Adventures of Tintin,2011.0,Action Adventure Family Mystery,Steven Spielberg,Toby Jones,Mackenzie Crook,Tony Curran,7.4,"captain, morocco, ship, tintin, treasure",English
Harry Potter and the Prisoner of Azkaban,2004.0,Adventure Family Fantasy Mystery,Alfonso Cuarón,Daniel Radcliffe,Gary Oldman,Rupert Grint,7.8,"magic, muggle, serial killer, traitor, wizard",English
Australia,2008.0,Adventure Drama Romance War,Baz Luhrmann,Essie Davis,Bryan Brown,Eddie Baroo,6.6,"australia, cattle, darwin, drover, japanese",English
After Earth,2013.0,Action Adventure Sci-Fi,M. Night Shyamalan,Will Smith,Zoë Kravitz,Glenn Morshower,4.9,"box office flop, father son team, fear, race against time, real life father and son playing father and son",English
Dinosaur,2000.0,Adventure Animation Family Thriller,Eric Leighton,Alfre Woodard,D.B. Sweeney,Della Reese,6.5,"egg, iguanodon, lemur, meteor, nesting grounds",English
Night at the Museum: Secret of the Tomb,2014.0,Adventure Comedy Family Fantasy,Shawn Levy,Robin Williams,Rami Malek,Steve Coogan,6.2,"museum, museum of natural history manhattan new york city, night watchman, star died before release, tablet",English
Megamind,2010.0,Action Animation Comedy Family Sci-Fi,Tom McGrath,J.K. Simmons,Brad Pitt,Will Ferrell,7.3,"battle, city, planet, prison, superhero",English
Harry Potter and the Sorcerer's Stone,2001.0,Adventure Family Fantasy,Chris Columbus,Daniel Radcliffe,Fiona Shaw,Verne Troyer,7.5,"based on novel, birthday, evil wizard, quidditch, wizard",English
R.I.P.D.,2013.0,Action Comedy Fantasy,Robert Schwentke,Ryan Reynolds,Jeff Bridges,Stephanie Szostak,5.6,"drug dealer, gold, partner, police, undead",English
Godzilla Resurgence,2016.0,Action Adventure Drama Horror Sci-Fi,Hideaki Anno,Mark Chinnery,Shin'ya Tsukamoto,Atsuko Maeda,8.2,"blood, godzilla, monster, sequel",Japanese
Pirates of the Caribbean: The Curse of the Black Pearl,2003.0,Action Adventure Fantasy,Gore Verbinski,Johnny Depp,Orlando Bloom,Jack Davenport,8.1,"caribbean, curse, governor, pirate, undead",English
The Hunger Games: Mockingjay - Part 1,2014.0,Adventure Sci-Fi Thriller,Francis Lawrence,Jennifer Lawrence,Philip Seymour Hoffman,Josh Hutcherson,6.7,"based on young adult novel, manipulation, rebellion, symbol, uprising",English
The Da Vinci Code,2006.0,Mystery Thriller,Ron Howard,Tom Hanks,Seth Gabel,Jürgen Prochnow,6.6,"based on supposedly true story, holy grail, mary magdalene, opus dei, secret",English
Rio 2,2014.0,Adventure Animation Comedy Family Musical,Carlos Saldanha,Miguel Ferrer,Rachel Crow,Jeffrey Garcia,6.4,"amazon, bird, father in law, jungle, no opening credits",English
X-Men 2,2003.0,Action Adventure Fantasy Sci-Fi Thriller,Bryan Singer,Hugh Jackman,Bruce Davison,Aaron Stanford,7.5,"mutant, prison, professor, school, x men",English
Fast Five,2011.0,Action Crime Thriller,Justin Lin,Paul Walker,Vin Diesel,Dwayne Johnson,7.3,"drug lord, drugs, federal agent, heist, police",English
Sherlock Holmes: A Game of Shadows,2011.0,Action Adventure Crime Mystery Thriller,Guy Ritchie,Robert Downey Jr.,Eddie Marsan,Paul Anderson,7.5,"factory, gypsy, investigation, sherlock holmes, train",English
Clash of the Titans,2010.0,Action Adventure Fantasy,Louis Leterrier,Liam Neeson,Jason Flemyng,Alexa Davalos,5.8,"famous line, hand to hand combat, kraken, rape, zeus",English
Total Recall,1990.0,Action Sci-Fi,Paul Verhoeven,Ronny Cox,Rachel Ticotin,Marshall Bell,7.5,"ambiguous ending, false memory, implanted memory, memory, space colony",English
The 13th Warrior,1999.0,Action Adventure History,John McTiernan,Tony Curran,Vladimir Kulich,Clive Russell,6.6,"arab, battle, combat, viking, warrior",English
The Bourne Legacy,2012.0,Action Adventure Thriller,Tony Gilroy,Jeremy Renner,Scott Glenn,Stacy Keach,6.7,"assassin, cia, drone, pill, wolf",English
Batman & Robin,1997.0,Action,Joel Schumacher,Michael Gough,Vivica A. Fox,John Glover,3.7,"butler, critically bashed, cure, freeze, gotham",English
How the Grinch Stole Christmas,2000.0,Comedy Family Fantasy,Ron Howard,Clint Howard,T.J. Thyne,Molly Shannon,6.0,"box office hit, christmas, materialism, public humiliation, snowflake",English
The Day After Tomorrow,2004.0,Action Adventure Sci-Fi Thriller,Roland Emmerich,Jake Gyllenhaal,Dennis Quaid,Sela Ward,6.4,"climate, end of the world, global warming, natural disaster, weather",English
Mission: Impossible II,2000.0,Action Adventure Thriller,John Woo,Tom Cruise,Dougray Scott,Richard Roxburgh,6.1,"cure, mission, terrorist, thief, virus",English
The Perfect Storm,2000.0,Action Adventure Drama Thriller,Wolfgang Petersen,Karen Allen,Mary Elizabeth Mastrantonio,Bob Gunton,6.4,"death, fish, fishing, sea, storm",English
Fantastic 4: Rise of the Silver Surfer,2007.0,Action Adventure Sci-Fi Thriller,Tim Story,Chris Evans,Ioan Gruffudd,Andre Braugher,5.6,"fantastic four, space, strong female character, strong female lead, superheroine",English
Life of Pi,2012.0,Adventure Drama Fantasy,Ang Lee,Suraj Sharma,Rafe Spall,Tabu,8.0,"animal, faith, india, journey, tiger",English
Ghost Rider,2007.0,Action Fantasy Thriller,Mark Steven Johnson,Nicolas Cage,Matt Long,Peter Fonda,5.2,"blackheart, devil, father, ghost, mephistopheles",English
Jason Bourne,2016.0,Action Thriller,Paul Greengrass,Matt Damon,Riz Ahmed,Ato Essandoh,7.1,"black ops, chase, cia, cia agent, repeated scene",English
Charlie's Angels: Full Throttle,2003.0,Action Adventure Comedy Crime,McG,Demi Moore,Bernie Mac,Justin Theroux,4.8,"fbi, murder, ring, witness protection, witness protection program",English
Prometheus,2012.0,Adventure Mystery Sci-Fi,Ridley Scott,Michael Fassbender,Charlize Theron,Sean Harris,7.0,"cave painting, medical scanner, planet, pregnant with an alien fetus, suspended animation",English
Stuart Little 2,2002.0,Adventure Animation Comedy Family Fantasy,Rob Minkoff,Nathan Lane,Brad Garrett,Melanie Griffith,5.4,"anthropomorphic mouse, falcon, marshmallow, second part, soccer",English
Elysium,2013.0,Action Drama Sci-Fi Thriller,Neill Blomkamp,Matt Damon,Sharlto Copley,Alice Braga,6.6,"christ figure, class differences, messiah, saviour, social commentary",English
The Chronicles of Riddick,2004.0,Action Adventure Sci-Fi Thriller,David Twohy,Vin Diesel,Alexa Davalos,Christina Cox,6.7,"bounty hunter, escape, necromonger, planet, warrior",English
RoboCop,2014.0,Action Crime Sci-Fi Thriller,José Padilha,Gary Oldman,Abbie Cornish,Jennifer Ehle,6.2,"law enforcement, police, robocop, robot, technology",English
Speed Racer,2008.0,Action Family Sport,Lana Wachowski,Scott Porter,Kick Gurry,Nicholas Elia,6.1,"based on anime, based on cartoon, gadget car, racer, speed",English
How Do You Know,2010.0,Comedy Drama Romance,James L. Brooks,Shelley Conn,Domenick Lombardozzi,Teyonah Parris,5.3,"embarrassment, falling in love, love, love triangle, revelation",English
Knight and Day,2010.0,Action Comedy Romance,James Mangold,Tom Cruise,Marc Blucas,Jordi Mollà,6.3,"chase, fbi, garage, spy, surveillance",English
Oblivion,2013.0,Action Adventure Mystery Sci-Fi,Joseph Kosinski,Morgan Freeman,Tom Cruise,Zoë Bell,7.0,"cabin in the woods, drone, flying through a thunderstorm, post apocalypse, sex in a pool",English
Star Wars: Episode III - Revenge of the Sith,2005.0,Action Adventure Fantasy Sci-Fi,George Lucas,Natalie Portman,Christopher Lee,Hayden Christensen,7.6,"elongated cry of no, friends become enemies, kicked in the butt, robotic midwife, vision",English
Star Wars: Episode II - Attack of the Clones,2002.0,Action Adventure Fantasy Sci-Fi,George Lucas,Natalie Portman,Christopher Lee,Hayden Christensen,6.7,"martial arts, murdered before giving protagonist information, part computer animation, prequel, prequel to cult film",English
"Monsters, Inc.",2001.0,Adventure Animation Comedy Family Fantasy,Pete Docter,Steve Buscemi,John Ratzenberger,James Coburn,8.1,"friend, little girl, monster, rival, scream",English
The Wolverine,2013.0,Action Adventure Sci-Fi Thriller,James Mangold,Hugh Jackman,Tao Okamoto,Rila Fukushima,6.7,"healing power, marvel comics, mecha, regeneration, self healing",English
Star Wars: Episode I - The Phantom Menace,1999.0,Action Adventure Fantasy Sci-Fi,George Lucas,Natalie Portman,Liam Neeson,Ian McDiarmid,6.5,"alien, character says i have a bad feeling about this, hand to hand combat, seven word title, wilhelm scream",English
The Croods,2013.0,Adventure Animation Comedy Family Fantasy,Kirk De Micco,Ryan Reynolds,Emma Stone,Nicolas Cage,7.3,"cave, caveman, journey, strict father, survival",English
Asterix at the Olympic Games,2008.0,Adventure Comedy Family Fantasy,Frédéric Forestier,Alain Delon,Santiago Segura,Vanessa Hessler,5.1,"1st century b.c., lightsaber, local blockbuster, magical potion, potion",French
Windtalkers,2002.0,Action Drama War,John Woo,Nicolas Cage,Roger Willie,Noah Emmerich,6.0,"code, duty, steel helmet, u.s. marine, u.s. soldier",English
The Huntsman: Winter's War,2016.0,Action Adventure Drama Fantasy,Cedric Nicolas-Troyan,Chris Hemsworth,Sam Claflin,Charlize Theron,6.1,"based on fairy tale, dark fantasy, fairy tale, second part, sequel",English
Teenage Mutant Ninja Turtles,2014.0,Action Adventure Comedy Sci-Fi,Jonathan Liebesman,Noel Fisher,Danny Woodburn,Jeremy Howard,5.9,"18 wheeler, mutant, ninja, sewer, turtle",English
Gravity,2013.0,Adventure Drama Sci-Fi Thriller,Alfonso Cuarón,Phaldut Sharma,Basher Savage,Amy Warren,7.8,"box office hit, long take, sole survivor, space, space station",English
Dante's Peak,1997.0,Action Adventure Thriller,Roger Donaldson,Jamie Renée Smith,Grant Heslov,Tzi Ma,5.8,"ash, escape, lava, mayor, volcano",English
Teenage Mutant Ninja Turtles: Out of the Shadows,2016.0,Action Adventure Comedy Sci-Fi,Dave Green,Stephen Amell,Noel Fisher,Brad Garrett,6.3,"based on comic book, brother brother relationship, rat, sequel, turtle",English
Fantastic Four,2015.0,Action Adventure Sci-Fi,Josh Trank,Tim Blake Nelson,Reg E. Cathey,Tim Heidecker,4.3,"box office flop, critically bashed, portal, teleportation, troubled production",English
Night at the Museum,2006.0,Action Adventure Comedy Family Fantasy,Shawn Levy,Robin Williams,Rami Malek,Steve Coogan,6.4,"chaos, museum, museum of natural history, night watchman, watchman",English
San Andreas,2015.0,Action Adventure Drama Thriller,Brad Peyton,Dwayne Johnson,Ioan Gruffudd,Archie Panjabi,6.1,"disaster movie, earthquake, journey, natural disaster, san andreas fault",English
Tomorrow Never Dies,1997.0,Action Adventure Thriller,Roger Spottiswoode,Vincent Schiavelli,Colin Salmon,Joe Don Baker,6.5,"ex boyfriend ex girlfriend relationship, media tycoon, megalomaniac, official james bond series, world war three",English
The Patriot,2000.0,Action Drama History War,Roland Emmerich,Heath Ledger,Adam Baldwin,Tom Wilkinson,7.1,"american revolution, british, french, hero, standoff",English
Ocean's Twelve,2004.0,Crime Thriller,Steven Soderbergh,Brad Pitt,Julia Roberts,Mini Anden,6.4,"father daughter relationship, heist, pretending to be pregnant, sequel, thief",English
Mr. & Mrs. Smith,2005.0,Action Comedy Crime Romance Thriller,Doug Liman,Brad Pitt,Angelina Jolie Pitt,Stephanie March,6.5,"assassin, marriage, secret agent, suburb, target",English
Insurgent,2015.0,Adventure Sci-Fi Thriller,Robert Schwentke,Kate Winslet,Theo James,Mekhi Phifer,6.3,"action heroine, falling from height, mind control, trainhopping, truth serum",English
The Aviator,2004.0,Biography Drama,Martin Scorsese,Leonardo DiCaprio,Adam Scott,Frances Conroy,7.5,"1920s, aviation, fight, spruce goose, test flight",English
Gulliver's Travels,2010.0,Adventure Comedy Family Fantasy,Rob Letterman,James Corden,Catherine Tate,Olly Alexander,4.9,"bermuda triangle, box office hit, shipwrecked, travel, travel writer",English
The Green Hornet,2011.0,Action Comedy Crime Sci-Fi Thriller,Michel Gondry,Christoph Waltz,Tom Wilkinson,Chad L. Coleman,5.8,"heir, kung fu, party, playboy, superhero",English
300: Rise of an Empire,2014.0,Action Drama Fantasy War,Noam Murro,Eva Green,Sullivan Stapleton,Peter Mensah,6.2,"army, commander, female rear nudity, greek, navy",English
The Smurfs,2011.0,Adventure Animation Comedy Family Fantasy,Raja Gosnell,Mahadeo Shivraj,Tim Gunn,Madison McKinley,5.5,"blue, new york, new york city, no opening credits, smurf",English
Home on the Range,2004.0,Animation Comedy Family Music Western,Will Finn,Steve Buscemi,Roseanne Barr,G.W. Bailey,5.4,"cattle, cow, dairy farm, farm, rustler",English
Allegiant,2016.0,Action Adventure Mystery Sci-Fi Thriller,Robert Schwentke,Naomi Watts,Theo James,Zoë Kravitz,5.8,"based on young adult novel, dystopia, genetic experimentation, strong female character, strong female lead",English
Real Steel,2011.0,Action Drama Sci-Fi Sport,Shawn Levy,Hugh Jackman,Torey Michael Adkins,Olga Fonda,7.1,"arena, boxing, boxing movie, robot, robot battle",English
The Smurfs 2,2013.0,Adventure Animation Comedy Family Fantasy,Raja Gosnell,Jacob Tremblay,Nancy O'Dell,Vanessa Matsui,5.4,"based on cartoon, box office hit, no opening credits, sequel, smurf",English
Speed 2: Cruise Control,1997.0,Action Crime Romance Thriller,Jan de Bont,Jason Patric,Temuera Morrison,Lois Chiles,3.7,"collision course, computer, cruise, diamonds, ship run aground",English
Ender's Game,2013.0,Action Sci-Fi,Gavin Hood,Harrison Ford,Moises Arias,Aramis Knight,6.7,"alien, future, manipulation, simulation, training",English
Live Free or Die Hard,2007.0,Action Adventure Thriller,Len Wiseman,Bruce Willis,Jonathan Sadowski,Cyril Raffaelli,7.2,"fbi, hacker, independence day, police, terrorist",English
The Lord of the Rings: The Fellowship of the Ring,2001.0,Action Adventure Drama Fantasy,Peter Jackson,Christopher Lee,Orlando Bloom,Billy Boyd,8.8,"elf, hobbit, middle earth, quest, ring",English
Around the World in 80 Days,2004.0,Action Adventure Comedy,Frank Coraci,Jim Broadbent,Steve Coogan,Cécile De France,5.8,"19th century, around the world, inventor, martial arts, train",English
Ali,2001.0,Biography Drama Sport,Michael Mann,Will Smith,Jada Pinkett Smith,Joe Morton,6.8,"african american protagonist, african americans, boxing gym, gym, rumble in the jungle",English
The Cat in the Hat,2003.0,Adventure Comedy Family Fantasy,Bo Welch,Sean Hayes,Kelly Preston,Spencer Breslin,3.8,"based on cult comic book, cat, home alone, imagination, talking cat",English
"I, Robot",2004.0,Action Mystery Sci-Fi Thriller,Alex Proyas,Will Smith,Bruce Greenwood,Chi McBride,7.1,"humanoid robot, man versus machine, prosthetic limb, robot as pathos, robot vs. robot",English
Kingdom of Heaven,2005.0,Action Adventure Drama History War,Ridley Scott,Liam Neeson,Orlando Bloom,Philip Glenister,7.2,"12th century, crusader, jerusalem, knight, medieval times",English
Stuart Little,1999.0,Adventure Comedy Family Fantasy,Rob Minkoff,Chazz Palminteri,Nathan Lane,Jeffrey Jones,5.9,"box office hit, cat, first part, mouse, orphanage",English
The Princess and the Frog,2009.0,Animation Family Fantasy Musical Romance,Ron Clements,Oprah Winfrey,Jenifer Lewis,Anika Noni Rose,7.1,"amphibian, dream, frog, frog prince, waitress",English
The Martian,2015.0,Adventure Drama Sci-Fi,Ridley Scott,Matt Damon,Donald Glover,Benedict Wong,8.1,"astronaut, international cooperation, left for dead, nasa, space habitat",English
The Island,2005.0,Action Adventure Romance Sci-Fi Thriller,Michael Bay,Scarlett Johansson,Steve Buscemi,Djimon Hounsou,6.9,"clone, environment, escape, island, lottery",English
Town & Country,2001.0,Comedy Romance,Peter Chelsom,Del Zamora,Warren Beatty,Garry Shandling,4.4,"anniversary, architect, cellist, friend, hardware store",English
Gone in Sixty Seconds,2000.0,Action Crime Thriller,Dominic Sena,Nicolas Cage,Angelina Jolie Pitt,Robert Duvall,6.5,"auto theft, brother, car, theft, thief",English
Gladiator,2000.0,Action Drama Romance,Ridley Scott,Djimon Hounsou,Connie Nielsen,Oliver Reed,8.5,"battlefield, blood, combat, gladiator, roman empire",English
Minority Report,2002.0,Action Mystery Sci-Fi Thriller,Steven Spielberg,Tom Cruise,Frank Grillo,Jessica Capshaw,7.7,"future, murder, neo noir, washington d.c., year 2054",English
Harry Potter and the Chamber of Secrets,2002.0,Adventure Family Fantasy Mystery,Chris Columbus,Daniel Radcliffe,Rupert Grint,Emma Watson,7.4,"bildungsroman, flying broom, invisibility cloak, monster, wizardry",English
Casino Royale,2006.0,Action Adventure Thriller,Martin Campbell,Eva Green,Tobias Menzies,Ivana Milicevic,8.0,"casino, espionage, free running, james bond, terrorist",English
Planet of the Apes,2001.0,Action Adventure Sci-Fi Thriller,Tim Burton,Cary-Hiroyuki Tagawa,Estella Warren,Erick Avari,5.7,"astronaut, cage, planet, wilhelm scream, year 2029",English
Terminator 2: Judgment Day,1991.0,Action Sci-Fi,James Cameron,Joe Morton,Jenette Goldstein,S. Epatha Merkerson,8.5,"future, liquid metal, multiple cameos, sexy woman, time travel",English
Public Enemies,2009.0,Biography Crime Drama History Romance,Michael Mann,Johnny Depp,Christian Bale,Stephen Graham,7.0,"1930s, bank, celebrity criminal, fbi, public enemy number one",English
American Gangster,2007.0,Biography Crime Drama,Ridley Scott,Denzel Washington,Ruby Dee,RZA,7.8,"death, heroin, popcorn, smuggling, vietnam",English
True Lies,1994.0,Action Comedy Thriller,James Cameron,Jamie Lee Curtis,Tia Carrere,Tom Arnold,7.2,"espionage, secret agent, secret mission, spy, spy film",English
The Taking of Pelham 1 2 3,2009.0,Action Crime Thriller,Tony Scott,Denzel Washington,Ramon Rodriguez,Michael Rispoli,6.4,"hijack, hostage, ransom, subway, train",English
Little Fockers,2010.0,Comedy Romance,Paul Weitz,Robert De Niro,Blythe Danner,Teri Polo,5.5,"birthday, critically bashed, male nurse, nurse, suspicion",English
The Other Guys,2010.0,Action Comedy Crime,Adam McKay,Dwayne Johnson,Will Ferrell,Derek Jeter,6.7,"capitalist, detective, investigation, new york city, police",English
Eraser,1996.0,Action Drama Mystery Thriller,Chuck Russell,Vanessa Williams,James Coburn,Roma Maffia,6.1,"assassination attempt, corporate crime, rogue agent, witness, witness protection program",English
Django Unchained,2012.0,Drama Western,Quentin Tarantino,Leonardo DiCaprio,Christoph Waltz,Ato Essandoh,8.5,"dynamite, historically inaccurate, ku klux klan, n word, slavery",English
The Hunchback of Notre Dame,1996.0,Animation Drama Family Musical Romance,Gary Trousdale,Demi Moore,Jason Alexander,Bill Fagerbakke,6.9,"15th century, cathedral, gypsy, paris, victor hugo",English
The Emperor's New Groove,2000.0,Adventure Animation Comedy Family Fantasy,Mark Dindal,Eartha Kitt,Wendie Malick,John Fiedler,7.3,"antidote, disney, emperor, first part, llama",English
The Expendables 2,2012.0,Action Adventure Thriller,Simon West,Jason Statham,Sylvester Stallone,Bruce Willis,6.7,"church, hostage, mine, plutonium, revenge",English
National Treasure,2004.0,Action Adventure Comedy Family Mystery,Jon Turteltaub,Nicolas Cage,Armando Riesco,Annie Parisse,6.9,"declaration of independence, secret society, treasure, treasure hunt, treasure hunter",English
Eragon,2006.0,Action Adventure Family Fantasy,Stefen Fangmeier,Djimon Hounsou,Ed Speleers,Gary Lewis,5.1,"dragon, dragon rider, fictional war, sword and fantasy, teenage hero",English
Where the Wild Things Are,2009.0,Adventure Drama Family Fantasy,Spike Jonze,Catherine O'Hara,Ryan Corr,Max Records,6.8,"based on children's book, creature, igloo, imagination, king",English
Pan,2015.0,Adventure Family Fantasy,Joe Wright,Hugh Jackman,Cara Delevingne,Nonso Anozie,5.8,"1940s, child hero, fantasy world, orphan, reference to peter pan",English
Epic,2013.0,Adventure Animation Family Fantasy,Chris Wedge,Josh Hutcherson,Emma Kenney,Troy Evans,6.7,"father daughter relationship, forest, miniature person, shrinking, sword and fantasy",English
The Tourist,2010.0,Action Romance Thriller,Florian Henckel von Donnersmarck,Johnny Depp,Angelina Jolie Pitt,Rufus Sewell,6.0,"police surveillance, surveillance van, tailing a suspect, tourist, venice italy",English
End of Days,1999.0,Action Fantasy Horror Mystery,Peter Hyams,CCH Pounder,Mark Margolis,Udo Kier,5.7,"atheist, ex cop, female masturbation, female nudity, lucifer",English
Blood Diamond,2006.0,Adventure Drama Thriller,Edward Zwick,Leonardo DiCaprio,Djimon Hounsou,Stephen Collins,8.0,"diamond, elephant, fisherman, rebel, sierra leone",English
The Wolf of Wall Street,2013.0,Biography Comedy Crime Drama,Martin Scorsese,Leonardo DiCaprio,Matthew McConaughey,Jon Favreau,8.2,"based on true story, fellatio, female rear nudity, sex in an airplane, stockbroker",English
Batman Forever,1995.0,Action Adventure Fantasy,Joel Schumacher,Michael Gough,Rene Auberjonois,Debi Mazar,5.4,"love, necktie, partner, rock music, tuxedo",English
Starship Troopers,1997.0,Action Sci-Fi War,Paul Verhoeven,Jake Busey,Patrick Muldoon,Seth Gilliam,7.2,"alien, federation, future, military, planet",English
Cloud Atlas,2012.0,Drama Sci-Fi,Tom Tykwer,Tom Hanks,Jim Sturgess,Jim Broadbent,7.5,"composer, future, letter, nonlinear timeline, nursing home",English
Legend of the Guardians: The Owls of Ga'Hoole,2010.0,Action Adventure Animation Family Fantasy,Zack Snyder,Abbie Cornish,Richard Roxburgh,Anthony LaPaglia,7.0,"barn owl, escape, owl, ruler, soldier",English
Catwoman,2004.0,Action Crime Fantasy Romance Thriller,Pitof,Frances Conroy,Christopher Heyerdahl,Alex Borstein,3.3,"based on cult comic book, bechdel test passed, cat, detective, radical transformation",English
Hercules,2014.0,Action Adventure,Brett Ratner,Dwayne Johnson,Rufus Sewell,Ingrid Bolsø Berdal,6.0,"army, greek mythology, hercules, king, mercenary",English
Treasure Planet,2002.0,Adventure Animation Family Sci-Fi,Ron Clements,Joseph Gordon-Levitt,Martin Short,Michael Wincott,7.1,"alien, cyborg, pirate, planet, treasure",English
Land of the Lost,2009.0,Adventure Comedy Sci-Fi,Brad Silberling,Will Ferrell,Anna Friel,Bobb'e J. Thompson,5.4,"human versus dinosaur, lizard, primate, time travel, tyrannosaurus rex",English
The Expendables 3,2014.0,Action Adventure Thriller,Patrick Hughes,Jason Statham,Sylvester Stallone,Harrison Ford,6.1,"battle, fight, mission, pg 13 sequel to r rated franchise, rescue",English
Point Break,2015.0,Action Crime Sport Thriller,Ericson Core,Ray Winstone,Edgar Ramírez,Delroy Lindo,5.3,"athlete, extreme sports, fbi, fbi agent, heist",English
Son of the Mask,2005.0,Comedy Family Fantasy,Lawrence Guterman,Jamie Kennedy,Traylor Howard,Ben Stein,2.2,"baby, cartoon on tv, cartoonist, dog, mask",English
In the Heart of the Sea,2015.0,Action Adventure Biography Drama History Thriller,Ron Howard,Chris Hemsworth,Benjamin Walker,Frank Dillane,7.0,"emaciation, ship, starvation, vomiting, whale",English
The Adventures of Pluto Nash,2002.0,Action Comedy Sci-Fi,Ron Underwood,Rosario Dawson,Randy Quaid,Burt Young,3.8,"casino, future, laser gun, moon, nightclub",English
Green Zone,2010.0,Action Drama Thriller War,Paul Greengrass,Matt Damon,Sean Huze,Igal Naor,6.9,"cia, iraq, iraqi, political military conspiracy, weapon of mass destruction",English
The Peanuts Movie,2015.0,Adventure Animation Comedy Family,Steve Martino,Francesca Capaldi,Venus Schultheis,Bill Melendez,7.2,"dog, girl, imagination, peanuts, red hair",English
The Spanish Prisoner,1997.0,Drama Mystery Thriller,David Mamet,Ben Gazzara,Felicity Huffman,Campbell Scott,7.3,"brother sister relationship, extradition, fbi, japanese tourist, secret",English
The Mummy Returns,2001.0,Action Adventure Fantasy Thriller,Stephen Sommers,Dwayne Johnson,Brendan Fraser,Patricia Velasquez,6.3,"ancient egypt, bracelet, king, scorpion, son",English
Gangs of New York,2002.0,Crime Drama,Martin Scorsese,Leonardo DiCaprio,Liam Neeson,Jim Broadbent,7.5,"butcher, civil war, gangster, new york city, revenge",English
The Flowers of War,2011.0,Drama History Romance War,Yimou Zhang,Christian Bale,Ni Ni,Shigeo Kobayashi,7.6,"abusive stepfather, attempted rape, food shortage, sexual abuse, starving child",Mandarin
Surf's Up,2007.0,Animation Comedy Family Sport,Ash Brannon,Jeff Bridges,Zooey Deschanel,Jon Heder,6.8,"chicken, competition, island, penguin, surfing",English
The Stepford Wives,2004.0,Comedy Sci-Fi Thriller,Frank Oz,Jon Lovitz,Matthew Broderick,Roger Bart,5.2,"community, connecticut, fem bot, tv producer, writer",English
Black Hawk Down,2001.0,Drama History War,Ridley Scott,Ioan Gruffudd,Sam Shepard,Ewen Bremner,7.7,"army, helicopter, somali, somalia, warlord",English
The Campaign,2012.0,Comedy,Jay Roach,Will Ferrell,Thomas Middleditch,Katherine LaNasa,6.2,"campaigning, congressman, north carolina, title at the end, u.s. congressman",English
The Fifth Element,1997.0,Action Adventure Sci-Fi,Luc Besson,Milla Jovovich,Bruce Willis,Gary Oldman,7.7,"1910s, alien, artificially created woman, love, taxi driver",English
Sex and the City 2,2010.0,Comedy Drama Romance,Michael Patrick King,Chris Noth,Liza Minnelli,Kristin Davis,4.3,"abu dhabi, box office hit, muslim, nanny, united arab emirates",English
The Road to El Dorado,2000.0,Adventure Animation Comedy Family Romance,Bibo Bergeron,Frank Welker,Rosie Perez,Elton John,6.9,"adventurer, el dorado, gold, high priest, implied sex",English
Ice Age: Continental Drift,2012.0,Adventure Animation Comedy Family,Steve Martino,Peter Dinklage,Josh Gad,Drake,6.6,"acorn, herd, iceberg, ocean, pirate",English
Cinderella,2015.0,Drama Family Fantasy Romance,Kenneth Branagh,Hayley Atwell,Derek Jacobi,Lily James,7.0,"dress, duke, fairy godmother, fairy tale, pumpkin",English
The Lovely Bones,2009.0,Drama Fantasy Thriller,Peter Jackson,Michael Imperioli,AJ Michalka,Tom McCarthy,6.7,"1970s, afterlife, heaven, pedophile, rape",English
Finding Nemo,2003.0,Adventure Animation Comedy Family,Andrew Stanton,Alexander Gould,Stephen Root,Brad Garrett,8.2,"great barrier reef, protective father, separation from family, shark, short term memory loss",English
The Lord of the Rings: The Return of the King,2003.0,Action Adventure Drama Fantasy,Peter Jackson,Orlando Bloom,Billy Boyd,Bernard Hill,8.9,"battle, epic, king, orc, ring",English
The Lord of the Rings: The Two Towers,2002.0,Action Adventure Drama Fantasy,Peter Jackson,Christopher Lee,Orlando Bloom,Billy Boyd,8.7,"epic, evil wizard, middle earth, ring, wizard",English
Seventh Son,2014.0,Action Adventure Fantasy,Sergey Bodrov,Jeff Bridges,Djimon Hounsou,Olivia Williams,5.5,"apprentice, demon, exorcism, master apprentice relationship, witch",English
Lara Croft: Tomb Raider,2001.0,Action Adventure Fantasy Thriller,Simon West,Angelina Jolie Pitt,Noah Taylor,Chris Barrie,5.7,"illuminati, planetary alignment, time, tomb, tomb raider",English
Transcendence,2014.0,Drama Mystery Romance Sci-Fi Thriller,Wally Pfister,Johnny Depp,Morgan Freeman,Clifton Collins Jr.,6.3,"artificial intelligence, consciousness, power outage, scientist, technology",English
Jurassic Park III,2001.0,Action Adventure Sci-Fi Thriller,Joe Johnston,Michael Jeter,Trevor Morgan,Alessandro Nivola,5.9,"dinosaur, island, jurassic park, paleontologist, search",English
Rise of the Planet of the Apes,2011.0,Action Drama Sci-Fi Thriller,Rupert Wyatt,James Franco,David Oyelowo,Tyler Labine,7.6,"alzheimer's disease, ape, chimpanzee, fire, when animals attack",English
The Spiderwick Chronicles,2008.0,Adventure Family Fantasy,Mark Waters,Martin Short,Tod Fennell,Joan Plowright,6.6,"actor playing multiple roles, brownie the creature, closing credits sequence, family relationships, magical creature",English
A Good Day to Die Hard,2013.0,Action Thriller,John Moore,Bruce Willis,Cole Hauser,Megalyn Echikunwoke,5.3,"bomb, cia, courthouse, escape, russian",English
The Alamo,2004.0,Drama History War Western,John Lee Hancock,Dennis Quaid,Marc Blucas,Jordi Mollà,6.0,"army, dictator, general, texan, texas",English
The Incredibles,2004.0,Action Adventure Animation Family,Brad Bird,Holly Hunter,Craig T. Nelson,Lou Romano,8.0,"hero, island, lawsuit, secret, superhero",English
Cutthroat Island,1995.0,Action Adventure Comedy,Renny Harlin,Christopher Masterson,Frank Langella,Matthew Modine,5.6,"latin, pirate, pirate ship, treasure, treasure map",English
Percy Jackson & the Olympians: The Lightning Thief,2010.0,Adventure Family Fantasy,Chris Columbus,Logan Lerman,Rosario Dawson,Steve Coogan,5.9,"greek, lightning, lightning bolt, poseidon, teenager",English
Men in Black,1997.0,Adventure Comedy Family Mystery Sci-Fi,Barry Sonnenfeld,Will Smith,Rip Torn,Linda Fiorentino,7.3,"alien, box office hit, flying saucer, laser gun, wisecrack humor",English
Toy Story 2,1999.0,Adventure Animation Comedy Family Fantasy,John Lasseter,Tom Hanks,John Ratzenberger,Wayne Knight,7.9,"collector, dog, friend, rescue, toy",English
Unstoppable,2010.0,Action Thriller,Tony Scott,Denzel Washington,Rosario Dawson,Ethan Suplee,6.8,"freight train, race against time, runaway train, train, train engineer",English
Rush Hour 2,2001.0,Action Comedy Crime Thriller,Brett Ratner,Mei Melançon,John Lone,Harris Yulin,6.6,"boat, gang, hong kong, triad, vacation",English
What Lies Beneath,2000.0,Drama Fantasy Horror Mystery Thriller,Robert Zemeckis,Harrison Ford,Amber Valletta,Miranda Otto,6.6,"ghost, haunted house, research, secret, vermont",English
Cloudy with a Chance of Meatballs,2009.0,Animation Comedy Family Sci-Fi,Phil Lord,Will Forte,Bobb'e J. Thompson,Al Roker,7.0,"food, giant food, mayor, sardine, weather",English
Ice Age: Dawn of the Dinosaurs,2009.0,Action Adventure Animation Comedy Family,Carlos Saldanha,Denis Leary,Maile Flanagan,Kelly Keaton,7.0,"egg, lost world, rescue, squirrel, weasel",English
The Secret Life of Walter Mitty,2013.0,Adventure Comedy Drama Fantasy Romance,Ben Stiller,Adam Scott,Adrian Martinez,Joey Slotnick,7.3,"daydream, life magazine, magazine, photographer, snow leopard",English
Charlie's Angels,2000.0,Action Adventure Comedy Crime Thriller,McG,Bill Murray,LL Cool J,Kelly Lynch,5.5,"booty shake, box office hit, duct tape over mouth, first part, martial arts",English
The Departed,2006.0,Crime Drama Thriller,Martin Scorsese,Leonardo DiCaprio,Matt Damon,Ray Winstone,8.5,"boston, mole, police, undercover, undercover cop",English
Mulan,1998.0,Adventure Animation Family Fantasy Musical War,Tony Bancroft,Ming-Na Wen,Harvey Fierstein,June Foray,7.5,"based on poem, based on true story, china, one word title, the huns",English
Tropic Thunder,2008.0,Action Comedy,Ben Stiller,Robert Downey Jr.,Steve Coogan,Brandon T. Jackson,7.0,"film director, parody, spoof, vietnam, written and directed by cast member",English
The Girl with the Dragon Tattoo,2011.0,Crime Drama Mystery Thriller,David Fincher,Robin Wright,Goran Visnjic,Joely Richardson,7.8,"computer hacker, hacker, investigation, journalist, punk",English
Die Hard with a Vengeance,1995.0,Action Adventure Thriller,John McTiernan,Bruce Willis,Aldis Hodge,Kevin Chamberlin,7.6,"bomb, detective, new york city, police, terrorist",English
Sherlock Holmes,2009.0,Action Adventure Crime Mystery Thriller,Guy Ritchie,Robert Downey Jr.,Eddie Marsan,Robert Maillet,7.6,"black magic, bridge construction, professor moriarty, scotland yard inspector, sherlock holmes",English
Atlantis: The Lost Empire,2001.0,Action Adventure Animation Family Fantasy Sci-Fi,Gary Trousdale,Leonard Nimoy,Jim Varney,Cree Summer,6.8,"atlantis, crew, expedition, journal, museum",English
Alvin and the Chipmunks: The Road Chip,2015.0,Adventure Animation Comedy Family Fantasy Music,Walt Becker,Bella Thorne,Joshua Mikel,Jesse McCartney,5.0,"chipmunk, highway travel, on the road, plane, road movie",English
Valkyrie,2008.0,Drama History Thriller War,Bryan Singer,Tom Cruise,Tom Wilkinson,Thomas Kretschmann,7.1,"american actor playing foreigner, assassination, conspiracy, military, nazis",English
You Don't Mess with the Zohan,2008.0,Action Comedy,Dennis Dugan,Adam Sandler,Sayed Badreya,Kevin Nealon,5.5,"hair stylist, jew, landlord, muslim, palestinian",English
Pixels,2015.0,Action Animation Comedy Sci-Fi,Chris Columbus,Peter Dinklage,Adam Sandler,Josh Gad,5.6,"alien, arcade game, chase, driving in reverse, video gamer",English
A.I. Artificial Intelligence,2001.0,Adventure Drama Sci-Fi,Steven Spielberg,Haley Joel Osment,William Hurt,Kevin Sussman,7.1,"affection, boy, fairy, future, robot",English
The Haunted Mansion,2003.0,Comedy Family Fantasy Horror Mystery,Rob Minkoff,Marsha Thomason,Rachael Harris,Marc John Jefferies,4.9,"arachnophobia, crystal ball, ghost, haunted house, thunderstorm",English
Contact,1997.0,Drama Mystery Sci-Fi Thriller,Robert Zemeckis,Matthew McConaughey,Tom Skerritt,Larry King,7.4,"message from outer space, religion, religion versus science, scientist, universe",English
Hollow Man,2000.0,Action Horror Sci-Fi Thriller,Paul Verhoeven,Greg Grunberg,Kim Dickens,Joey Slotnick,5.7,"experiment, research, scientist, suburb, surrealism",English
The Interpreter,2005.0,Crime Mystery Thriller,Sydney Pollack,Curtiss Cook,George Harris,Michael Wright,6.4,"african, assassination, dialect, interpreter, threat",Aboriginal
Percy Jackson: Sea of Monsters,2013.0,Adventure Family Fantasy,Thor Freudenthal,Logan Lerman,Leven Rambin,Brandon T. Jackson,5.9,"golden fleece, half brother, magical tree, sea, tree",English
Lara Croft Tomb Raider: The Cradle of Life,2003.0,Action Adventure Fantasy,Jan de Bont,Gerard Butler,Angelina Jolie Pitt,Djimon Hounsou,5.5,"duology, female hero, female lead, orb, pandora's box",English
Now You See Me 2,2016.0,Action Adventure Comedy Crime Mystery Thriller,Jon M. Chu,Daniel Radcliffe,Morgan Freeman,Sanaa Lathan,6.9,"card trick, london england, magician, rain machine, rooftop",English
The Saint,1997.0,Action Adventure Romance Sci-Fi Thriller,Phillip Noyce,Alun Armstrong,Michael Byrne,Velibor Topic,6.2,"cold fusion, disguise, energy, fusion, the saint",English
Spy Game,2001.0,Action Crime Thriller,Tony Scott,Brad Pitt,Stephen Dillane,Catherine McCormack,7.0,"china, cia, cold war, friendship, retirement",English
Mission to Mars,2000.0,Adventure Sci-Fi Thriller,Brian De Palma,Don Cheadle,Connie Nielsen,Kim Delaney,5.6,"astronaut, mars, mars the planet, outer space, zero gravity",English
Rio,2011.0,Adventure Animation Comedy Family Musical,Carlos Saldanha,Anne Hathaway,Wanda Sykes,Will.i.am,7.0,"bird, brazilian, cockatoo, macaw, minnesota",English
Bicentennial Man,1999.0,Comedy Drama Sci-Fi,Chris Columbus,Robin Williams,Oliver Platt,John Michael Higgins,6.8,"23rd century, android, artificial intelligence, dual role, robot",English
Volcano,1997.0,Action Drama Sci-Fi Thriller,Mick Jackson,Don Cheadle,Anne Heche,Gaby Hoffmann,5.4,"earthquake, fire, lava, rescue, volcano",English
The Devil's Own,1997.0,Action Crime Drama Thriller,Alan J. Pakula,Harrison Ford,Brad Pitt,Natascha McElhone,6.1,"friendship, murder, northern ireland, police officer, terrorist",English
K-19: The Widowmaker,2002.0,Drama History Thriller War,Kathryn Bigelow,Liam Neeson,Christian Camargo,Lex Shrapnel,6.7,"courage, radiation sickness, radioactive contamination, sea, test launch",English
Fantastic Four,2015.0,Action Adventure Sci-Fi,Josh Trank,Tim Blake Nelson,Reg E. Cathey,Tim Heidecker,4.3,"box office flop, critically bashed, portal, teleportation, troubled production",English
Conan the Barbarian,1982.0,Adventure Fantasy,John Milius,William Smith,Mako,Sandahl Bergman,6.9,"actual animal killed, cult, evil sorcerer, gladiator, warlord",English
Cinderella Man,2005.0,Biography Drama Sport,Ron Howard,Paddy Considine,Bruce McGill,Rosemarie DeWitt,8.0,"boxer, boxing, dream, great depression, love",English
The Nutcracker in 3D,2010.0,Action Family Fantasy Musical,Andrey Konchalovskiy,Shirley Henderson,Nathan Lane,Richard E. Grant,4.4,"box office flop, christmas, christmas eve, critically bashed, toy comes to life",English
Seabiscuit,2003.0,Drama History Sport,Gary Ross,Jeff Bridges,Michael Angarano,Michael O'Neill,7.3,"horse, horse racing, jockey, limp, seabiscuit",English
Twister,1996.0,Action Adventure Drama Thriller,Jan de Bont,Philip Seymour Hoffman,Alan Ruck,Jami Gertz,6.3,"device, disaster, divorce, storm, tornado",English
The Fast and the Furious,2001.0,Action Crime Thriller,Rob Cohen,Paul Walker,Vin Diesel,Jordana Brewster,6.7,"eighteen wheeler, illegal street racing, truck, trucker, undercover cop",English
Cast Away,2000.0,Adventure Drama Romance,Robert Zemeckis,Tom Hanks,Paul Sanchez,Nick Searcy,7.7,"christmas, island, love, survival, talking to inanimate object",English
Happy Feet,2006.0,Animation Comedy Family Music Romance,George Miller,Robin Williams,Hugh Jackman,Elizabeth Daily,6.5,"dance, emperor penguin, friend, penguin, song",English
The Bourne Supremacy,2004.0,Action Mystery Thriller,Paul Greengrass,Matt Damon,Joan Allen,Oksana Akinshina,7.8,"assassin, car chase, cia, hidden truth, one against many",English
Air Force One,1997.0,Action Adventure Drama Thriller,Wolfgang Petersen,Harrison Ford,Gary Oldman,Dean Stockwell,6.4,"ex soldier, hijacker, hostage, president, terrorist",English
Ocean's Eleven,2001.0,Crime Thriller,Steven Soderbergh,Brad Pitt,Bernie Mac,Elliott Gould,7.8,"card dealer, casino, criminal mastermind, recruiting, ulcer",English
The Three Musketeers,2011.0,Action Adventure Romance,Paul W.S. Anderson,Milla Jovovich,Logan Lerman,Orlando Bloom,5.8,"box office flop, cardinal richelieu, critically bashed, duel, musketeer",English
Hotel Transylvania,2012.0,Animation Comedy Family Fantasy,Genndy Tartakovsky,Steve Buscemi,Adam Sandler,Jon Lovitz,7.1,"dracula, hotel, invisible man, monster, transylvania",English
Enchanted,2007.0,Animation Comedy Family Fantasy Musical Romance,Kevin Lima,Jeff Bennett,Teala Dunn,Fred Tatasciore,7.1,"fairy tale, lawyer, love, new york, prince",English
Safe House,2012.0,Action Crime Mystery Thriller,Daniel Espinosa,Denzel Washington,Ryan Reynolds,Sam Shepard,6.8,"cia, cia agent, consulate, on the run, safe house",English
102 Dalmatians,2000.0,Adventure Comedy Family,Kevin Lima,Ioan Gruffudd,Eric Idle,Jim Carter,4.8,"dog, parole, parole officer, prison, puppy",English
Tower Heist,2011.0,Action Comedy Crime,Brett Ratner,Matthew Broderick,Gabourey Sidibe,Judd Hirsch,6.2,"apartment, fbi, fraud, heist, manager",English
The Holiday,2006.0,Comedy Romance,Nancy Meyers,Kate Winslet,Rufus Sewell,Sarah Parish,6.9,"book, composer, house, love, self esteem",English
Enemy of the State,1998.0,Action Crime Drama Mystery Thriller,Tony Scott,Will Smith,Jake Busey,Lisa Bonet,7.3,"congressman, lawyer, nsa, on the run, surveillance",English
It's Complicated,2009.0,Comedy Drama Romance,Nancy Meyers,Meryl Streep,Hunter Parrish,Zoe Kazan,6.6,"affair, divorce, graduation, vomiting, watching television",English
Ocean's Thirteen,2007.0,Crime Thriller,Steven Soderbergh,Al Pacino,Matt Damon,Brad Pitt,6.9,"casino, heist, manmade earthquake, revenge, tunnel boring machine",English
Open Season,2006.0,Adventure Animation Comedy Family,Roger Allers,Jon Favreau,Debra Messing,Jane Krakowski,6.2,"bear, deer, forest, grizzly bear, hunter",English
Divergent,2014.0,Adventure Mystery Sci-Fi,Neil Burger,Kate Winslet,Theo James,Mekhi Phifer,6.7,"army, brother sister relationship, dystopia, father son relationship, narrated by character",English
Enemy at the Gates,2001.0,Drama History War,Jean-Jacques Annaud,Bob Hoskins,Gabriel Thomson,Clemens Schick,7.6,"battle, german, russian, sniper, stalingrad",English
The Rundown,2003.0,Action Adventure Comedy Thriller,Peter Berg,Dwayne Johnson,Rosario Dawson,Ewen Bremner,6.7,"amazon, bounty hunter, fight, hunter, jungle",English
Last Action Hero,1993.0,Action Adventure Comedy Fantasy,John McTiernan,F. Murray Abraham,Tom Noonan,Joan Plowright,6.2,"action hero, hero, magic, ticket, video store",English
Memoirs of a Geisha,2005.0,Drama Romance,Rob Marshall,Li Gong,Mako,Karl Yune,7.3,"coming of age, geisha, japan, jealousy, love",English
The Fast and the Furious: Tokyo Drift,2006.0,Action Crime Thriller,Justin Lin,Amber Stevens West,Zachery Ty Bryan,Nikki Griffin,6.0,"car, challenge, drift racing, drifting, tokyo japan",English
Arthur Christmas,2011.0,Adventure Animation Comedy Family Fantasy,Sarah Smith,Jim Broadbent,Imelda Staunton,Michael Palin,7.1,"christmas, christmas eve, elf, high tech, resentment",English
Meet Joe Black,1998.0,Drama Fantasy Romance,Martin Brest,Anthony Hopkins,Brad Pitt,Jake Weber,7.1,"birthday, death, death personified, fear of death, wealth",English
Collateral Damage,2002.0,Action Drama Thriller,Andrew Davis,Raymond Cruz,Rick Worthy,Jsu Garcia,5.5,"bare chested boy, car explosion, colombia, explosion, terrorism",English
All That Jazz,1979.0,Comedy Drama Music Musical,Bob Fosse,Roy Scheider,Ben Vereen,Max Wright,7.8,"dancer, editing, stand up comedian, surgery, vomiting",English
Mirror Mirror,2012.0,Adventure Comedy Drama Family Fantasy,Tarsem Singh,Julia Roberts,Nathan Lane,Danny Woodburn,5.6,"kingdom, prince, princess, queen, snow",English
Scott Pilgrim vs. the World,2010.0,Action Comedy Fantasy Romance,Edgar Wright,Anna Kendrick,Kieran Culkin,Ellen Wong,7.5,"band, dating, high school, hipster, rock band",English
The Core,2003.0,Action Adventure Sci-Fi Thriller,Jon Amiel,Glenn Morshower,Tchéky Karyo,Rekha Sharma,5.4,"core, earth, natural disaster, pacemaker, scientist",English
Nutty Professor II: The Klumps,2000.0,Comedy Romance Sci-Fi,Peter Segal,Larry Miller,Janet Jackson,Chris Elliott,4.3,"alter ego, marriage, professor, scientist, serum",English
Scooby-Doo,2002.0,Adventure Comedy Mystery,Raja Gosnell,Sarah Michelle Gellar,Linda Cardellini,Miguel A. Núñez Jr.,4.9,"amusement park, island, motorcycle, scooby doo, tough girl",English
Dredd,2012.0,Action Sci-Fi,Pete Travis,Wood Harris,Jason Cope,Rakie Ayola,7.1,"brutality, dark humor, female antagonist, female warrior, post apocalypse",English
Click,2006.0,Comedy Drama Fantasy Romance,Frank Coraci,Adam Sandler,Cameron Monaghan,Julie Kavner,6.4,"architect, frozen time, obese man, remote control, stopped time",English
Creepshow,1982.0,Comedy Fantasy Horror,George A. Romero,Ted Danson,Hal Holbrook,Adrienne Barbeau,6.9,"anthology, child abuse, critically acclaimed, death, grindhouse",English
Cats & Dogs: The Revenge of Kitty Galore,2010.0,Action Comedy Family Fantasy,Brad Peyton,Jack McBrayer,Sean Hayes,Katt Williams,4.3,"cartoon on tv, cat, dog, kitty, special agent",English
Jumper,2008.0,Action Adventure Sci-Fi Thriller,Doug Liman,Kristen Stewart,Hayden Christensen,Tom Hulce,6.1,"bank, based on novel, ice, teleportation, vault",English
Hellboy II: The Golden Army,2008.0,Action Adventure Fantasy Horror Sci-Fi,Guillermo del Toro,Seth MacFarlane,Iván Kamarás,Brian Steele,7.0,"creature, elf, prince, rebellion, superhero",English
Zodiac,2007.0,Crime Drama History Mystery Thriller,David Fincher,Robert Downey Jr.,Jake Gyllenhaal,Anthony Edwards,7.7,"cartoonist, reporter, serial killer, zodiac, zodiac killer",English
The 6th Day,2000.0,Action Mystery Sci-Fi Thriller,Roger Spottiswoode,Robert Duvall,Michael Rapaport,Tony Goldwyn,5.9,"clone, cloning, future, laser gun, murder",English
Bruce Almighty,2003.0,Comedy Drama,Tom Shadyac,Morgan Freeman,Steve Carell,Lisa Ann Walter,6.7,"answer to prayer, breast expansion, pleading with god, supernatural power, walking on water",English
The Expendables,2010.0,Action Adventure Thriller,Sylvester Stallone,Jason Statham,Sylvester Stallone,Jet Li,6.5,"action hero, assassination attempt, explosion, machine gun, rescue mission",English
Mission: Impossible,1996.0,Action Adventure Thriller,Brian De Palma,Tom Cruise,Kristin Scott Thomas,Vanessa Redgrave,7.1,"disguise, mission, spy, stealing, traitor",English
The Hunger Games,2012.0,Adventure Drama Sci-Fi Thriller,Gary Ross,Jennifer Lawrence,Josh Hutcherson,Anthony Reynolds,7.3,"fight to the death, game, massacre, self survival, suicide attempt",English
The Hangover Part II,2011.0,Comedy,Todd Phillips,Bradley Cooper,Mason Lee,Mike Tyson,6.5,"hotel, male frontal nudity, pubic hair, thailand, wedding",English
Batman Returns,1992.0,Action,Tim Burton,Michael Gough,Vincent Schiavelli,Andrew Bryniarski,7.0,"box office hit, dc comics, gotham, mayor, penguin",English
Over the Hedge,2006.0,Adventure Animation Comedy Family,Tim Johnson,Bruce Willis,Steve Carell,Catherine O'Hara,6.8,"bear, food, forest, raccoon, turtle",English
Lilo & Stitch,2002.0,Adventure Animation Comedy Drama Family Fantasy Sci-Fi,Dean DeBlois,Tia Carrere,Jason Scott Lee,David Ogden Stiers,7.2,"alien, escape, fugitive, hawaii, social worker",English
Charlotte's Web,2006.0,Comedy Family Fantasy,Gary Winick,Steve Buscemi,Julia Roberts,Oprah Winfrey,6.4,"barn, pig, piglet, spider, uncle",English
Deep Impact,1998.0,Action Drama Romance Sci-Fi Thriller,Mimi Leder,Morgan Freeman,Jon Favreau,Robert Duvall,6.1,"astronomer, comet, mission, president, secretary",English
RED 2,2013.0,Action Comedy Crime Thriller,Dean Parisot,Bruce Willis,Anthony Hopkins,Garrick Hagon,6.7,"cia, cia agent, rescue, russian, team",English
The Longest Yard,2005.0,Comedy Crime Sport,Peter Segal,Adam Sandler,Steve Reevis,Dalip Singh,6.4,"coach, convict, football, prison, warden",English
Alvin and the Chipmunks: Chipwrecked,2011.0,Adventure Animation Comedy Family Fantasy Music,Mike Mitchell,Amy Poehler,Jesse McCartney,Lauren Gottlieb,4.4,"chipmunk, cruise ship, football ball, overboard, tennis ball",English
Grown Ups 2,2013.0,Comedy,Dennis Dugan,Steve Buscemi,Adam Sandler,Jon Lovitz,5.4,"belching, number in title, party, reference to nicki minaj, sneezing",English
Get Smart,2008.0,Action Adventure Comedy,Peter Segal,Bill Murray,Dwayne Johnson,Anne Hathaway,6.5,"airplane, misunderstanding, obese woman, overweight woman, spy",English
Something's Gotta Give,2003.0,Comedy Drama Romance,Nancy Meyers,Keanu Reeves,Jon Favreau,Paul Michael Glaser,6.7,"beach, dating, doctor, heart attack, weekend",English
Shutter Island,2010.0,Mystery Thriller,Martin Scorsese,Leonardo DiCaprio,Joseph Sikora,Nellie Sciutto,8.1,"female prisoner, plot twist, self delusion, surprise ending, year 1954",English
Four Christmases,2008.0,Comedy Drama Romance,Seth Gordon,Jon Favreau,Robert Duvall,Katy Mixon,5.6,"airport, christmas, news broadcast, tv broadcast, tv news",English
Robots,2005.0,Adventure Animation Comedy Family Sci-Fi,Chris Wedge,Jim Broadbent,Drew Carey,Paula Abdul,6.3,"actor voicing multiple characters, box office hit, coffee, plate, robot",English
Face/Off,1997.0,Action Crime Sci-Fi Thriller,John Woo,Nicolas Cage,CCH Pounder,Joan Allen,7.3,"death of child, face, face transplant, prison, terrorist",English
Bedtime Stories,2008.0,Comedy Family Fantasy Romance,Adam Shankman,Adam Sandler,Carmen Electra,Kathryn Joosten,6.1,"2000s, bedtime story, elephant, handyman, tween girl",English
Road to Perdition,2002.0,Crime Drama Thriller,Sam Mendes,Tom Hanks,Jennifer Jason Leigh,Liam Aiken,7.7,"1930s, blood, gun, on the run, revenge",English
Just Go with It,2011.0,Comedy Romance,Dennis Dugan,Adam Sandler,Bailee Madison,Kevin Nealon,6.4,"chick flick, hawaii, love, plastic surgeon, woman wearing a string bikini",English
Con Air,1997.0,Action Crime Thriller,Simon West,Steve Buscemi,Monica Potter,Dave Chappelle,6.8,"army rangers, convict, criminal, escape, prison",English
Eagle Eye,2008.0,Action Mystery Thriller,D.J. Caruso,Rosario Dawson,Ethan Embry,Cameron Boyce,6.6,"audio surveillance, death, pentagon, technology, twin brother",English
Cold Mountain,2003.0,Adventure Drama History Romance War,Anthony Minghella,Philip Seymour Hoffman,Natalie Portman,Charlie Hunnam,7.2,"civil war, mountain, soldier, well, wounded soldier",English
The Book of Eli,2010.0,Action Adventure Drama Thriller,Albert Hughes,Denzel Washington,Mila Kunis,Gary Oldman,6.9,"blind, book, long take, post apocalypse, water",English
Flubber,1997.0,Comedy Family Sci-Fi,Les Mayfield,Robin Williams,Jodi Benson,Sam Lloyd,5.2,"college, flubber, flying rubber, professor, wedding",English
The Haunting,1999.0,Fantasy Horror Mystery Thriller,Jan de Bont,Liam Neeson,Lili Taylor,Virginia Madsen,4.9,"greenhouse, haunted house, horror movie remake, mansion, old house",English
Space Jam,1996.0,Adventure Animation Comedy Family Fantasy Sci-Fi Sport,Joe Pytka,Bill Murray,Wayne Knight,Michael Jordan,6.3,"alien, basketball, basketball game, cult film, monstars",English
The Pink Panther,2006.0,Adventure Comedy Crime Family Mystery,Shawn Levy,Roger Rees,Henry Czerny,William Abadie,5.6,"diamond, france, investigation, pink panther, soccer",English
The Day the Earth Stood Still,2008.0,Drama Sci-Fi Thriller,Scott Derrickson,Keanu Reeves,Jon Hamm,Juan Riedinger,5.5,"alien, earth, giant robot, military, scientist",English
Conspiracy Theory,1997.0,Action Crime Mystery Romance Thriller,Richard Donner,Julia Roberts,Alex McArthur,Michael Potts,6.7,"conspiracy, fbi, mk ultra, newsletter, taxi",English
Fury,2014.0,Action Drama War,David Ayer,Brad Pitt,Logan Lerman,Jim Parrack,7.6,"battle, battlefield, brutality, combat, tank",English
Six Days Seven Nights,1998.0,Action Adventure Comedy Romance,Ivan Reitman,Harrison Ford,Anne Heche,Amy Sedaris,5.7,"airplane, island, pilot, storm, thunderstorm",English
Yogi Bear,2010.0,Adventure Animation Comedy Family,Eric Brevig,Justin Timberlake,Tom Cavanagh,Josh Robert Thompson,4.6,"bear, mayor, park, sabotage, yogi bear",English
Spirit: Stallion of the Cimarron,2002.0,Adventure Animation Family Western,Kelly Asbury,Matt Damon,Charles Napier,Zahn McClarnon,7.0,"cavalry, escape, herd, stallion, wild stallion",English
Zookeeper,2011.0,Comedy Family Romance,Frank Coraci,Rosario Dawson,Leslie Bibb,Nicholas Turturro,5.2,"champagne bottle, coca cola, jewelry box, red bull, zoo",English
Lost in Space,1998.0,Action Adventure Family Sci-Fi Thriller,Stephen Hopkins,Gary Oldman,William Hurt,June Lockhart,5.1,"based on tv series, remake, robot, scientist, spaceship",English
The Manchurian Candidate,2004.0,Drama Mystery Sci-Fi Thriller,Jonathan Demme,Denzel Washington,Dorian Missick,Jose Pablo Cantillo,6.6,"brainwashed assassin, conspiracy, critically acclaimed, mother son relationship, soldier",English
Déjà Vu,1997.0,Drama Romance,Henry Jaglom,Vanessa Redgrave,Stephen Dillane,Michael Brandon,7.0,"american, love, pin, ruby, stranger",English
Hotel Transylvania 2,2015.0,Animation Comedy Family Fantasy,Genndy Tartakovsky,Steve Buscemi,Adam Sandler,Fran Drescher,6.7,"california, dracula, hotel, transylvania, vampire",English
Fantasia 2000,1999.0,Animation Family Fantasy Music,James Algar,Quincy Jones,Penn Jillette,Russi Taylor,7.3,"abstract, ark, disney, fairy tale, piano",English
The Time Machine,2002.0,Action Adventure Sci-Fi,Simon Wells,Mark Addy,Alan Young,Josh Stamberg,5.9,"hunter, scientist, time machine, time travel, time travel romance",English
Mighty Joe Young,1998.0,Action Adventure Family Fantasy Thriller,Ron Underwood,Charlize Theron,Mika Boorem,David Paymer,5.6,"animal, california, gorilla, hunter, poacher",English
Swordfish,2001.0,Action Crime Thriller,Dominic Sena,Hugh Jackman,Don Cheadle,Sam Shepard,6.5,"computer, secret agent, terrorism, told in flashback, wearing a sound wire",English
The Legend of Zorro,2005.0,Action Adventure Western,Martin Campbell,Michael Emerson,Nick Chinlund,Adrian Alonso,5.9,"california, fight, hero, mask, zorro",Spanish
What Dreams May Come,1998.0,Drama Fantasy Romance,Vincent Ward,Robin Williams,Annabella Sciorra,Rosalind Chao,7.0,"heaven, hell, soul, soul mate, suicide",English
Little Nicky,2000.0,Comedy Fantasy,Steven Brill,Adam Sandler,Jon Lovitz,Michael McKean,5.3,"angel, devil, flask, hell, the devil",English
The Brothers Grimm,2005.0,Action Adventure Comedy Fantasy Thriller,Terry Gilliam,Matt Damon,Heath Ledger,Mackenzie Crook,5.9,"creature, curse, exorcism, girl, village",English
Mars Attacks!,1996.0,Action Comedy Sci-Fi,Tim Burton,Natalie Portman,Martin Short,Lukas Haas,6.3,"alien, general, martian, president, weapon",English
Evolution,2015.0,Drama Horror Mystery Sci-Fi,Lucile Hadzihalilovic,Nissim Renard,Roxane Duran,Julie-Marie Parmentier,6.4,"boy, giving birth, nurse, sea, ultrasonography",French
The Edge,1997.0,Action Adventure Drama Thriller,Lee Tamahori,Anthony Hopkins,Harold Perrineau,Bart the Bear,6.9,"bear, billionaire, crash, survival tactics, wilderness",English
Surrogates,2009.0,Action Sci-Fi Thriller,Jonathan Mostow,Bruce Willis,Devin Ratray,Boris Kodjoe,6.3,"android, fbi agent, future, murder, robot",English
Thirteen Days,2000.0,Drama History Thriller,Roger Donaldson,Bruce Greenwood,Jon Foster,Bruce Thomas,7.3,"blockade, crisis, cuba, missile, president",English
Daylight,1996.0,Action Adventure Drama Thriller,Rob Cohen,Sylvester Stallone,Viggo Mortensen,Amy Brenneman,5.8,"collapsing tunnel, explosion, new jersey, tunnel, weimaraner",English
Walking with Dinosaurs 3D,2013.0,Adventure Animation Family,Barry Cook,Charlie Rowe,Tiya Sircar,Madison Rothschild,5.2,"brother, dinosaur, head butt, hero, orphan",English
Battlefield Earth,2000.0,Action Adventure Sci-Fi,Roger Christian,Richard Tyson,Michael Byrne,John Topor,2.4,"alien, bad acting, pulp fiction, resistance fighter, voyager golden record",English
Looney Tunes: Back in Action,2003.0,Adventure Animation Comedy Family Fantasy Sci-Fi,Joe Dante,Brendan Fraser,Jenna Elfman,Heather Locklear,5.7,"diamond, duck, monkey, spy, stuntman",English
Nine,2009.0,Drama Musical Romance,Rob Marshall,Fergie,Elio Germano,Andrea Di Stefano,5.8,"based on stage musical based on film, child abuse, film director, italian, mistress",English
Timeline,2003.0,Action Adventure Sci-Fi,Richard Donner,Paul Walker,Gerard Butler,Ethan Embry,5.6,"castle, france, professor, student, time machine",English
The Postman,1997.0,Action Adventure Drama Sci-Fi,Kevin Costner,Olivia Williams,Brian Anthony Wilson,Larenz Tate,6.0,"drifter, escape, hope, postman, usa",English
Babe: Pig in the City,1998.0,Adventure Comedy Drama Family Fantasy,George Miller,Adam Goldberg,Elizabeth Daily,Glenne Headly,5.8,"animal, farm, farmer, hotel, pig",English
The Last Witch Hunter,2015.0,Action Adventure Fantasy,Breck Eisner,Vin Diesel,Joseph Gilgun,Lotte Verbeek,6.0,"box office flop, burned to death, magic, witch, witch hunter",English
Red Planet,2000.0,Action Sci-Fi Thriller,Antony Hoffman,Bob Neill,Val Kilmer,Tom Sizemore,5.7,"astronaut, mars, robot, robot as menace, survival",English
Arthur and the Invisibles,2006.0,Adventure Animation Family Fantasy,Luc Besson,Mia Farrow,Adam LeFevre,Penny Balfour,6.0,"boy, debt, garden, princess, treasure",English
Oceans,2009.0,Documentary Drama,Jacques Perrin,Pedro Armendáriz Jr.,Jacques Perrin,Rie Miyazawa,7.8,"damselfish, ocean habitat, ocean life, razorfish, spider crab",French
A Sound of Thunder,2005.0,Action Adventure Horror Sci-Fi Thriller,Peter Hyams,David Oyelowo,Catherine McCormack,Jemima Rooper,4.2,"butterfly, hunter, time, time travel, wave",English
Pompeii,2014.0,Action Adventure Drama History Romance,Paul W.S. Anderson,Sasha Roiz,Currie Graham,Dylan Schombing,5.6,"arena, lava bomb, mount vesuvius, pompeii, slave",English
A Beautiful Mind,2001.0,Biography Drama,Ron Howard,Adam Goldberg,Austin Pendleton,Judd Hirsch,8.2,"conspiracy, cryptography, mathematician, mental illness, nobel prize",English
The Lion King,1994.0,Adventure Animation Drama Family Musical,Roger Allers,Matthew Broderick,Nathan Lane,Niketa Calame,8.5,"king, prince, scar, uncle, unnecessary guilt",English
Journey 2: The Mysterious Island,2012.0,Action Adventure Comedy Family Fantasy Sci-Fi,Brad Peyton,Josh Hutcherson,Dwayne Johnson,Kristin Davis,5.8,"gold, hurricane, island, mountain, mysterious island",English
Cloudy with a Chance of Meatballs 2,2013.0,Animation Comedy Family Fantasy Sci-Fi,Cody Cameron,Will Forte,Khamani Griffin,Melissa Sturm,6.5,"food, inventor, island, orangutan, scientist",English
Red Dragon,2002.0,Crime Drama Thriller,Brett Ratner,Philip Seymour Hoffman,Anthony Hopkins,Emily Watson,7.2,"criminal profile, fbi agent, madman, tabloid reporter, tragic villain",English
Hidalgo,2004.0,Action Adventure Western,Joe Johnston,J.K. Simmons,Viggo Mortensen,Peter Mensah,6.7,"arab, cowboy, horse, race, sheik",English
Jack and Jill,2011.0,Comedy,Dennis Dugan,Al Pacino,Adam Sandler,Tim Meadows,3.4,"advertising, advertising executive, commercial, protective male, twins",English
2 Fast 2 Furious,2003.0,Action Crime Thriller,John Singleton,Paul Walker,Cole Hauser,Mo Gallini,5.9,"bust, racing, shotgun, street racing, undercover agent",English
The Little Prince,2015.0,Adventure Animation Drama Family Fantasy,Mark Osborne,Jeff Bridges,James Franco,Mackenzie Foy,7.8,"aviator, based on book, girl, little girl, the little prince",English
The Invasion,2007.0,Sci-Fi Thriller,Oliver Hirschbiegel,Roger Rees,Veronica Cartwright,Jeremy Northam,5.9,"alien, epidemic, psychiatrist, space shuttle, virus",English
The Adventures of Rocky & Bullwinkle,2000.0,Adventure Animation Comedy Family Fantasy,Des McAnuff,Robert De Niro,Janeane Garofalo,Jonathan Winters,4.1,"deforestation, fbi, lighthouse, moose, squirrel",English
The Secret Life of Pets,2016.0,Animation Comedy Family,Yarrow Cheney,Steve Coogan,Eric Stonestreet,Albert Brooks,6.8,"animal control, lost animal, mongrel, pet, terrier",English
The League of Extraordinary Gentlemen,2003.0,Action Adventure Fantasy Sci-Fi,Stephen Norrington,Jason Flemyng,Max Ryan,Tony Curran,5.8,"box office flop, captain nemo, dorian gray, invisible man, steampunk",English
Despicable Me 2,2013.0,Animation Comedy Family Sci-Fi,Pierre Coffin,Steve Carell,Miranda Cosgrove,Steve Coogan,7.5,"dating, minion, overprotective father, undercover spy, woman agent",English
Independence Day,1996.0,Action Adventure Sci-Fi,Roland Emmerich,Will Smith,Adam Baldwin,Mary McDonnell,6.9,"alien, area 51, military, spacecraft, spaceship",English
The Lost World: Jurassic Park,1997.0,Action Adventure Sci-Fi,Steven Spielberg,Ariana Richards,Richard Schiff,Vanessa Lee Chester,6.5,"capture, dinosaur, island, jurassic, jurassic park",English
Madagascar,2005.0,Adventure Animation Comedy Family,Eric Darnell,Jada Pinkett Smith,Cedric the Entertainer,Andy Richter,6.9,"escape, jungle, lemur, madagascar, zoo",English
Children of Men,2006.0,Drama Sci-Fi Thriller,Alfonso Cuarón,Charlie Hunnam,Danny Huston,Rita Davies,7.9,"chaos, england, long take, survival, violence",English
X-Men,2000.0,Action Adventure Sci-Fi,Bryan Singer,Hugh Jackman,Tyler Mane,Bruce Davison,7.4,"first part, mutant, professor, superhero, superhero team",English
Wanted,2008.0,Action Crime Fantasy Thriller,Timur Bekmambetov,Angelina Jolie Pitt,Morgan Freeman,Common,6.7,"assassin, bobble head doll, femme fatale, rejuvenation, strong female lead",English
The Rock,1996.0,Action Adventure Thriller,Michael Bay,Nicolas Cage,Michael Biehn,Bokeem Woodbine,7.4,"alcatraz, fbi, general, hostage, rocket",English
Ice Age: The Meltdown,2006.0,Action Adventure Animation Comedy Family Fantasy,Carlos Saldanha,Denis Leary,Ray Romano,Jay Leno,6.9,"flood, mammoth, no opening credits, squirrel, valley",English
50 First Dates,2004.0,Comedy Romance,Peter Segal,Adam Sandler,Peter Dante,Allen Covert,6.8,"dream, hawaii, hawaiian shirt, short term memory loss, veterinarian",English
Hairspray,2007.0,Comedy Drama Family Music Musical Romance,Adam Shankman,Jerry Stiller,Elijah Kelley,Paul Dooley,6.7,"audition, best friend, dance, friend, tv dance show",English
Exorcist: The Beginning,2004.0,Horror Mystery Thriller,Renny Harlin,James D'Arcy,Alan Ford,Izabella Scorupco,5.1,"archeologist, church, excavation, faith, relic",English
Inspector Gadget,1999.0,Action Adventure Comedy Family Sci-Fi,David Kellogg,Matthew Broderick,Rene Auberjonois,Rupert Everett,4.1,"actor playing multiple roles, claw, gadget, inspector, police",English
Now You See Me,2013.0,Crime Mystery Thriller,Louis Leterrier,Morgan Freeman,Common,Michael Kelly,7.3,"bank, fbi, heist, interpol, magician",English
Grown Ups,2010.0,Comedy,Dennis Dugan,Steve Buscemi,Adam Sandler,Salma Hayek,6.0,"basketball, coach, daughter, high school, high school basketball",English
The Terminal,2004.0,Comedy Drama,Steven Spielberg,Tom Hanks,Chi McBride,Barry Shabaka Henley,7.3,"airport, construction site, fish out of water, flight attendant, man without a country",English
Hotel for Dogs,2009.0,Comedy Family,Thor Freudenthal,Don Cheadle,Kevin Dillon,Yvette Nicole Brown,5.4,"abandoned hotel, dog, foster home, overalls, playing with a dog",English
Vertical Limit,2000.0,Action Adventure Drama Thriller,Martin Campbell,Nicholas Lea,Scott Glenn,Ben Mendelsohn,5.9,"death, die hard scenario, k2, rescue, urination",English
Charlie Wilson's War,2007.0,Biography Comedy Drama History,Mike Nichols,Philip Seymour Hoffman,Tom Hanks,Jud Tylor,7.1,"afghanistan, arms dealer, based on true story, cia, texas",English
Shark Tale,2004.0,Adventure Animation Comedy Family,Bibo Bergeron,Robert De Niro,Martin Scorsese,Angelina Jolie Pitt,6.0,"anchor, fish, mobster, shark, vegetarian",English
Dreamgirls,2006.0,Drama Music Musical,Bill Condon,Loretta Devine,Jennifer Hudson,Anika Noni Rose,6.5,"1960s, fire, pop chart, singer, trio",English
Be Cool,2005.0,Comedy Crime Music,F. Gary Gray,Dwayne Johnson,Christina Milian,Debi Mazar,5.7,"concert, mobster, russian, sequel, widow",English
Munich,2005.0,Drama History Thriller,Steven Spielberg,Ayelet Zurer,Moritz Bleibtreu,Mathieu Amalric,7.6,"arab, black september, israel, jew, munich olympics",English
Tears of the Sun,2003.0,Action Drama Thriller War,Antoine Fuqua,Bruce Willis,Tom Skerritt,Cole Hauser,6.6,"dictator, doctor, jungle, rebel, refugee",English
Killers,2010.0,Action Comedy Romance Thriller,Robert Luketic,Tom Selleck,Lisa Ann Walter,Catherine O'Hara,5.4,"hired killer, marriage, neighbor, on the run, store clerk",English
The Man from U.N.C.L.E.,2015.0,Action Adventure Comedy,Guy Ritchie,Henry Cavill,Elizabeth Debicki,Christian Berkel,7.3,"box office flop, cia agent, criminal organization, kgb agent, nuclear bomb",English
Spanglish,2004.0,Comedy Drama Romance,James L. Brooks,Adam Sandler,Paz Vega,Sarah Steele,6.5,"chef, college, housekeeper, letter, mexico",English
Monster House,2006.0,Animation Comedy Family Fantasy Mystery,Gil Kenan,Steve Buscemi,Jon Heder,Catherine O'Hara,6.6,"babysitter, halloween, house, neighbor, suburb",English
Bandits,2001.0,Comedy Crime Drama Romance,Barry Levinson,Bruce Willis,Brían F. O'Byrne,Azura Skye,6.6,"bank manager, hypochondriac, love triangle, prison, television",English
First Knight,1995.0,Action Adventure Romance Thriller,Jerry Zucker,Julia Ormond,Ben Cross,John Gielgud,5.9,"battle, king, king arthur, knight, marriage",English
Anna and the King,1999.0,Drama History Romance,Andy Tennant,Bai Ling,Geoffrey Palmer,Randall Duk Kim,6.7,"1860s, children, king, schoolteacher, siam",English
Immortals,2011.0,Action Drama Fantasy Romance,Tarsem Singh,Henry Cavill,Daniel Sharman,Steve Byers,6.1,"burned alive, castration, olympus, torture, torture device",English
Hostage,2005.0,Action Crime Drama Mystery Thriller,Florent-Emilio Siri,Jimmy Bennett,Bruce Willis,Ransford Doherty,6.6,"california, hostage, hostage negotiator, organized crime, police",English
Titan A.E.,2000.0,Action Adventure Animation Family Sci-Fi,Don Bluth,Matt Damon,Janeane Garofalo,Nathan Lane,6.6,"alien, captain, escape, pilot, scientist",English
Hollywood Homicide,2003.0,Action Comedy Crime Thriller,Ron Shelton,Harrison Ford,Bruce Greenwood,Lena Olin,5.3,"audition, kissing while having sex, machismo, murder, sex",English
Soldier,1998.0,Action Drama Sci-Fi,Paul W.S. Anderson,Connie Nielsen,Sean Pertwee,Jason Scott Lee,6.0,"crash survivor, planet, sergeant, soldier, survivor",English
Carriers,2009.0,Drama Horror Sci-Fi Thriller,David Pastor,Christopher Meloni,Kiernan Shipka,Lou Taylor Pucci,6.0,"beach, disease, latex gloves, pandemic, virus",English
Monkeybone,2001.0,Animation Comedy Fantasy,Henry Selick,Brendan Fraser,Bridget Fonda,Megan Mullally,4.7,"carnival, coma, death, monkey, nightmare",English
Flight of the Phoenix,2004.0,Action Adventure Drama Thriller,John Moore,Dennis Quaid,Tony Curran,Miranda Otto,6.1,"captain, desert, rescue, stranded, survivor",English
Unbreakable,2000.0,Drama Mystery Sci-Fi Thriller,M. Night Shyamalan,Robin Wright,Bruce Willis,Michael Kelly,7.2,"child with gun, comic book, invulnerability, superhero, train crash",English
Minions,2015.0,Action Animation Comedy Family Sci-Fi,Kyle Balda,Steve Carell,Jon Hamm,Steve Coogan,6.4,"antarctica, minion, queen, super villain, villain",English
Sucker Punch,2011.0,Action Fantasy,Zack Snyder,Jon Hamm,Abbie Cornish,Scott Glenn,6.1,"alternate reality, escape, girl gang, prostitution, samurai",English
Snake Eyes,1998.0,Crime Mystery Thriller,Brian De Palma,Nicolas Cage,Mike Starr,John Heard,5.9,"assassination, boxing, casino, conspiracy, long take",English
Sphere,1998.0,Drama Mystery Sci-Fi Thriller,Barry Levinson,Peter Coyote,James Pickens Jr.,Huey Lewis,6.0,"manifestation, ocean, spacecraft, spaceship, sphere",English
The Angry Birds Movie,2016.0,Action Animation Comedy Family,Clay Kaytis,Peter Dinklage,Josh Gad,Keegan-Michael Key,6.3,"butt, downward duck, fish, kingfisher, pig",English
Fool's Gold,2008.0,Action Adventure Comedy Romance Thriller,Andy Tennant,Matthew McConaughey,Ray Winstone,Alexis Dziena,5.6,"debt, rapper, treasure, treasure hunter, yacht",English
Funny People,2009.0,Comedy Drama,Judd Apatow,Adam Sandler,RZA,Maude Apatow,6.4,"breasts, comedian, craigslist, infidelity, stand up comedian",English
The Kingdom,2007.0,Action Drama Thriller,Peter Berg,Jennifer Garner,Frances Fisher,Tim McGraw,7.1,"al qaeda, bomb making, fbi, saudi arabia, stabbed in the crotch",English
Talladega Nights: The Ballad of Ricky Bobby,2006.0,Action Comedy Sport,Adam McKay,Will Ferrell,Leslie Bibb,Gary Cole,6.6,"car racing, french, friend, nascar, racing",English
Dr. Dolittle 2,2001.0,Comedy Family Fantasy,Steve Carr,Raven-Symoné,Jeffrey Jones,Kevin Pollak,4.6,"bear, doctor, false accusation, man with glasses, second part",English
Braveheart,1995.0,Biography Drama History War,Mel Gibson,Mhairi Calvey,Patrick McGoohan,James Robinson,8.4,"14th century, legend, revolt, scotland, tyranny",English
Jarhead,2005.0,Action Drama War,Sam Mendes,Jake Gyllenhaal,Brian Geraghty,James Morrison,7.1,"american abroad, gulf war, u.s. military, u.s. soldier, usmc",English
The Simpsons Movie,2007.0,Adventure Animation Comedy,David Silverman,Albert Brooks,Yeardley Smith,Marcia Wallace,7.4,"alaska, dome, lake, pig, the simpsons",English
The Majestic,2001.0,Drama Romance,Frank Darabont,Martin Landau,Hal Holbrook,Jeffrey DeMunn,6.9,"amnesia, california, communist, small town, writer",English
Driven,2001.0,Action Drama Sport,Renny Harlin,Sylvester Stallone,Estella Warren,Cristián de la Fuente,4.5,"car race, german, race car, race car driver, rookie",English
Two Brothers,2004.0,Adventure Drama Family,Jean-Jacques Annaud,David Gant,Jean-Claude Dreyfus,Oanh Nguyen,7.1,"circus, death of protagonist, jungle, killing an animal, tiger",English
The Village,2004.0,Drama Mystery Romance Thriller,M. Night Shyamalan,Bryce Dallas Howard,Judy Greer,William Hurt,6.5,"creature, pact, plot twist, village, woods",English
Doctor Dolittle,1998.0,Comedy Family Fantasy,Betty Thomas,Oliver Platt,Raven-Symoné,Peter Boyle,5.3,"box office hit, doctor, dog, first part, tiger",English
Signs,2002.0,Drama Sci-Fi Thriller,M. Night Shyamalan,Rory Culkin,Merritt Wever,Cherry Jones,6.7,"crop circle, faith, farm, glass of water, loss of faith",English
Shrek 2,2004.0,Adventure Animation Comedy Family Fantasy Romance,Andrew Adamson,Rupert Everett,Jennifer Saunders,Conrad Vernon,7.2,"drag queen, physical appearance, princess, queen, sequel",English
Cars,2006.0,Adventure Animation Comedy Family Sport,John Lasseter,John Ratzenberger,Cheech Marin,George Carlin,7.2,"car, desert, route 66, tow truck, truck",English
Runaway Bride,1999.0,Comedy Romance,Garry Marshall,Julia Roberts,Christopher Meloni,Hector Elizondo,5.5,"bride, columnist, journalist, maryland, wedding",English
xXx,2002.0,Action Adventure Thriller,Rob Cohen,Vin Diesel,Eve,Leila Arcieri,5.8,"agent, nsa, nsa agent, prague, russian",English
The SpongeBob Movie: Sponge Out of Water,2015.0,Adventure Animation Comedy Family Fantasy,Paul Tibbitt,Tim Conway,Billy West,Eddie Deezen,6.0,"book, magic, pirate, plankton, time machine",English
Ransom,1996.0,Crime Thriller,Ron Howard,Lili Taylor,Delroy Lindo,Rene Russo,6.6,"bounty, fbi, millionaire, money, ransom",English
Inglourious Basterds,2009.0,Adventure Drama War,Quentin Tarantino,Michael Fassbender,Brad Pitt,Christoph Waltz,8.3,"france, german, nazis, revenge, scalping",English
Hook,1991.0,Adventure Comedy Family Fantasy,Steven Spielberg,Robin Williams,Julia Roberts,Bob Hoskins,6.7,"1990s, caught in a net, children, duel, hero",English
Hercules,2014.0,Action Adventure,Brett Ratner,Dwayne Johnson,Rufus Sewell,Ingrid Bolsø Berdal,6.0,"army, greek mythology, hercules, king, mercenary",English
Die Hard 2,1990.0,Action Thriller,Renny Harlin,Bruce Willis,John Amos,Franco Nero,7.1,"airport, fuel, plane, police, terrorist",English
S.W.A.T.,2003.0,Action Adventure Crime Thriller,Clark Johnson,Jeremy Renner,Josh Charles,LL Cool J,6.0,"hostage, police, prison, swat team, training",English
Vanilla Sky,2001.0,Fantasy Mystery Romance Sci-Fi Thriller,Cameron Crowe,Tom Cruise,Ivana Milicevic,Noah Taylor,6.9,"death, dream, love, lynchian, reality",English
Lady in the Water,2006.0,Drama Fantasy Mystery Thriller,M. Night Shyamalan,Bryce Dallas Howard,Freddy Rodríguez,Bob Balaban,5.6,"apartment, bedtime story, eagle, stuttering, swimming pool",English
AVP: Alien vs. Predator,2004.0,Action Horror Sci-Fi Thriller,Paul W.S. Anderson,Sanaa Lathan,Colin Salmon,Raoul Bova,5.6,"alien, antarctica, predator, pyramid, satellite",English
Alvin and the Chipmunks: The Squeakquel,2009.0,Animation Comedy Family Fantasy Music,Betty Thomas,Amy Poehler,Bridgit Mendler,Jesse McCartney,4.5,"adidas, chipmunk, hospital, school, waste container",English
We Were Soldiers,2002.0,Action Drama History War,Randall Wallace,Jon Hamm,Marc Blucas,Chris Klein,7.1,"air cavalry, battle, major, soldier, vietnamese",English
Olympus Has Fallen,2013.0,Action Thriller,Antoine Fuqua,Gerard Butler,Morgan Freeman,Radha Mitchell,6.5,"political thriller, politics, president, speaker of the house, u.s. president",English
Star Trek: Insurrection,1998.0,Action Adventure Sci-Fi Thriller,Jonathan Frakes,LeVar Burton,Jonathan Frakes,Michael Dorn,6.4,"alien, captain, commander, conspiracy, planet",English
Battle Los Angeles,2011.0,Action Sci-Fi,Jonathan Liebesman,Noel Fisher,Jim Parrack,Ramon Rodriguez,5.8,"alien, extraterrestrial, invasion, marine, mission",English
Big Fish,2003.0,Adventure Drama Fantasy,Tim Burton,Steve Buscemi,Alison Lohman,Albert Finney,8.0,"dog saved from a fire, flashback, growing up, multiple narrators, traveling salesman",English
Wolf,1994.0,Drama Horror Romance Thriller,Mike Nichols,David Hyde Pierce,Peter Gerety,Ron Rifkin,6.2,"blood, publisher, publishing house, werewolf, wolf",English
War Horse,2011.0,Drama War,Steven Spielberg,Jeremy Irvine,Benedict Cumberbatch,Eddie Marsan,7.2,"barbed wire, british, cavalry, horse, world war one",English
The Monuments Men,2014.0,Drama War,George Clooney,Bill Murray,Matt Damon,Bob Balaban,6.1,"art, art expert, nazi stolen art, soldier, world war two",English
The Abyss,1989.0,Adventure Drama Sci-Fi Thriller,James Cameron,Michael Biehn,Todd Graff,Mary Elizabeth Mastrantonio,7.6,"alien, estranged couple, ocean, submarine, underwater",English
Wall Street: Money Never Sleeps,2010.0,Drama,Oliver Stone,Frank Langella,Austin Pendleton,John Buffalo Mailer,6.3,"corporate greed, crisis, economy, greed, mentor",English
Dracula Untold,2014.0,Action Drama Fantasy Horror War,Gary Shore,Dominic Cooper,Sarah Gadon,Zach McGowan,6.3,"death of wife, dracula, tarantula, turk, vampire",English
The Siege,1998.0,Action Thriller,Edward Zwick,Denzel Washington,Bruce Willis,Mark Valley,6.3,"abduction, martial law, military, new york city, terrorist",English
Stardust,2007.0,Adventure Family Fantasy Romance,Matthew Vaughn,Henry Cavill,David Kelly,Nathaniel Parker,7.7,"king, magic, one word title, pirate, village",English
Seven Years in Tibet,1997.0,Adventure Biography Drama History War,Jean-Jacques Annaud,Brad Pitt,Mako,Victor Wong,7.0,"austria, dalai lama, himalaya, mountain, tibet",English
The Dilemma,2011.0,Comedy Drama,Ron Howard,Channing Tatum,Clint Howard,Chelcie Ross,5.3,"best friend, friend, investigation, secret, two word title",English
Bad Company,2002.0,Action Adventure Comedy Thriller,Joel Schumacher,Anthony Hopkins,Brooke Smith,Garcelle Beauvais,5.6,"cia, cia agent, terrorist, twin, twin brother",English
Doom,2005.0,Action Adventure Horror Sci-Fi,Andrzej Bartkowiak,Dwayne Johnson,Ben Daniels,Dexter Fletcher,5.2,"commando unit, extra chromosome, first person shooter, special forces, teleportation",English
I Spy,2002.0,Action Adventure Comedy Thriller,Betty Thomas,Gary Cole,Phill Lewis,Tate Taylor,5.4,"boxer, espionage, spy, stealth, top secret",English
Underworld: Awakening,2012.0,Action Fantasy Horror,Måns Mårlind,Theo James,Stephen Rea,Sandrine Holt,6.4,"battle, cryogenics, detective, scientist, vampire",English
Rock of Ages,2012.0,Comedy Drama Musical Romance,Adam Shankman,James Martin Kelly,Shane Hartline,Celina Beach,5.9,"concert, love, music industry, panties, pole dancer",English
Hart's War,2002.0,Drama War,Gregory Hoblit,Bruce Willis,Cole Hauser,Rory Cochrane,6.3,"colonel, honor, lieutenant, pilot, racism",English
Killer Elite,2011.0,Action Crime Thriller,Gary McKendry,Jason Statham,Robert De Niro,Ben Mendelsohn,6.5,"australia, death, mentor, revenge, secret society",English
Rollerball,2002.0,Action Sci-Fi Sport,John McTiernan,LL Cool J,Chris Klein,Andrew Bryniarski,3.0,"ball, blood, skating, song, year 2005",English
Ballistic: Ecks vs. Sever,2002.0,Action Crime Sci-Fi Thriller,Wych Kaosayananda,Talisa Soto,Sandrine Holt,Gregg Henry,3.6,"blood splatter, camera shot from inside human body, combat, die hard scenario, fbi",English
Hard Rain,1998.0,Action Crime Drama Thriller,Mikael Salomon,Morgan Freeman,Minnie Driver,Randy Quaid,5.8,"dam, flood, money, police, sheriff",English
Osmosis Jones,2001.0,Action Adventure Animation Comedy Crime Family Fantasy,Bobby Farrelly,Ron Howard,Brandy Norwood,David Hyde Pierce,6.2,"blood, body, egg, virus, white blood cell",English
Legends of Oz: Dorothy's Return,2013.0,Adventure Animation Family Fantasy Musical,Will Finn,Lea Michele,Oliver Platt,Jim Belushi,5.6,"jester, kansas, oz, princess, tornado",English
Blackhat,2015.0,Action Crime Drama Mystery Thriller,Michael Mann,Chris Hemsworth,Archie Kao,Brandon Molale,5.4,"chinese, computer, cybercrime, hacker, one word title",English
Sky Captain and the World of Tomorrow,2004.0,Action Adventure Mystery Sci-Fi Thriller,Kerry Conran,Angelina Jolie Pitt,Laurence Olivier,Bai Ling,6.1,"captain, pilot, reporter, robot, scientist",English
Basic Instinct 2,2006.0,Crime Mystery Thriller,Michael Caton-Jones,Charlotte Rampling,Indira Varma,Neil Maskell,4.2,"drugs, murder, psychiatrist, scotland yard, sex",English
Escape Plan,2013.0,Action Crime Mystery Sci-Fi Thriller,Mikael Håfström,Sylvester Stallone,50 Cent,Matt Gerald,6.7,"cia agent, escape, muslim, prison, ship",English
The Legend of Hercules,2014.0,Action Adventure Fantasy,Renny Harlin,Roxanne McKee,Luke Newberry,Gaia Weiss,4.2,"ancient greece, forbidden love, hercules, king, slavery",English
The Sum of All Fears,2002.0,Action Drama Thriller,Phil Alden Robinson,Morgan Freeman,Bruce McGill,Philip Baker Hall,6.4,"analyst, cia, nuclear bomb, nuclear weapons, russia",English
The Twilight Saga: Eclipse,2010.0,Adventure Drama Fantasy Romance,David Slade,Robert Pattinson,Kristen Stewart,Anna Kendrick,4.9,"friendship, graduation, revenge, vampire, werewolf",English
The Score,2001.0,Crime Drama Thriller,Frank Oz,Robert De Niro,Marlon Brando,Gary Farmer,6.8,"partner, running, scepter, surveillance, thief",English
Despicable Me,2010.0,Animation Comedy Family,Pierre Coffin,Steve Carell,Miranda Cosgrove,Jack McBrayer,7.7,"girl, minion, moon, pyramid, white picket fence",English
Money Train,1995.0,Action Comedy Crime Drama Thriller,Joseph Ruben,Vincent Pastore,Robert Blake,Aida Turturro,5.6,"bare breasts, breast, loan shark, subway, train",English
Ted 2,2015.0,Comedy,Seth MacFarlane,Liam Neeson,Morgan Freeman,Seth MacFarlane,6.4,"baby, f word, fight, lawyer, marriage",English
Agora,2009.0,Adventure Drama History Romance,Alejandro Amenábar,Max Minghella,Ashraf Barhom,Rupert Evans,7.2,"christian, love, philosophy, prefect, slave",English
Mystery Men,1999.0,Action Comedy Fantasy Sci-Fi,Kinka Usher,Janeane Garofalo,Wes Studi,Eddie Izzard,6.0,"bowling, rajah, sphinx, spleen, superhero",English
Hall Pass,2011.0,Comedy Romance,Bobby Farrelly,Jenna Fischer,Larry Joe Campbell,Stephen Merchant,5.9,"drugged food, female frontal nudity, male frontal nudity, male nudity, marriage",English
The Insider,1999.0,Biography Drama Thriller,Michael Mann,Al Pacino,Rip Torn,Debi Mazar,7.9,"cbs, cbs news, research, tobacco, whistleblower",English
The Finest Hours,2016.0,Action Drama History Thriller,Craig Gillespie,Michael Raymond-James,Abraham Benrubi,Graham McTavish,6.8,"1950s, coast guard, oil tanker, sinking ship, survival",English
Body of Lies,2008.0,Action Drama Thriller,Ridley Scott,Leonardo DiCaprio,Simon McBurney,Michael Gaston,7.1,"cia, jordan, middle east, spy, terrorist",English
Dinner for Schmucks,2010.0,Comedy,Jay Roach,Steve Carell,Stephanie Szostak,Bruce Greenwood,5.9,"dinner, diorama, idiot, irs, mouse",English
Abraham Lincoln: Vampire Hunter,2012.0,Action Fantasy Horror,Timur Bekmambetov,Rufus Sewell,Dominic Cooper,Benjamin Walker,5.9,"chopping down a tree, hanging upside down, shopkeeper, vampire, vampire hunter",English
Entrapment,1999.0,Action Crime Romance Thriller,Jon Amiel,Will Patton,Kevin McNally,Maury Chaykin,6.2,"art thief, insurance, mask, master thief, reference to iron maiden",English
The X Files,1998.0,Drama Mystery Sci-Fi Thriller,Rob Bowman,Martin Landau,Mitch Pileggi,Jeffrey DeMunn,7.0,"agent, alien, bomb, fbi, government",English
The Last Legion,2007.0,Action Adventure Fantasy War,Doug Lefler,Colin Firth,Nonso Anozie,Owen Teale,5.4,"5th century, boy, capri, roman legion, soldier",English
Saving Private Ryan,1998.0,Action Drama War,Steven Spielberg,Tom Hanks,Vin Diesel,Matt Damon,8.6,"army, invasion, killed in action, normandy, soldier",English
Need for Speed,2014.0,Action Crime Drama Thriller,Scott Waugh,Rami Malek,Dominic Cooper,Ramon Rodriguez,6.5,"cross country, custom car, illegal street racing, police officer crushed, street racing",English
What Women Want,2000.0,Comedy Fantasy Romance,Nancy Meyers,Judy Greer,Lisa Edelstein,Loretta Devine,6.4,"advertising, battle of the sexes, ex husband ex wife relationship, pantyhose, telepathy",English
Ice Age,2002.0,Adventure Animation Comedy Family,Chris Wedge,Goran Visnjic,Stephen Root,Denis Leary,7.6,"baby, ice, ice age, sleeping, sloth",English
Dreamcatcher,2003.0,Drama Horror Sci-Fi Thriller,Lawrence Kasdan,Morgan Freeman,Michael O'Neill,Reece Thompson,5.5,"alien, friend, maine, military, woods",English
Lincoln,2012.0,Biography Drama History War,Steven Spielberg,Joseph Gordon-Levitt,Hal Holbrook,Bruce McGill,7.4,"cultural conflict, politics, president, slavery, u.s. president",English
The Matrix,1999.0,Action Sci-Fi,Lana Wachowski,Keanu Reeves,Marcus Chong,Gloria Foster,8.7,"artificial reality, computer, matrix, questioning reality, simulated reality",English
Apollo 13,1995.0,Adventure Drama History,Ron Howard,Tom Hanks,Miko Hughes,Kathleen Quinlan,7.6,"cape kennedy, news footage, reference to christopher columbus, rocket, trapped in space",English
Total Recall,1990.0,Action Sci-Fi,Paul Verhoeven,Ronny Cox,Rachel Ticotin,Marshall Bell,7.5,"ambiguous ending, false memory, implanted memory, memory, space colony",English
The Santa Clause 2,2002.0,Comedy Family Fantasy,Michael Lembeck,Judge Reinhold,Aisha Tyler,Eric Lloyd,5.5,"christmas, magic, santa claus, son, toy",English
Les Misérables,2012.0,Drama Musical Romance,Tom Hooper,Hugh Jackman,Eddie Redmayne,Anne Hathaway,7.6,"barricade, innkeeper, parole, rebellion, student",English
You've Got Mail,1998.0,Comedy Drama Romance,Nora Ephron,Tom Hanks,Jean Stapleton,Dave Chappelle,6.5,"bookstore, competing businesses, instant messaging, new york city, shop owner",English
Step Brothers,2008.0,Comedy,Adam McKay,Will Ferrell,Adam Scott,Andrea Savage,6.9,"dream, friendship, karaoke, love, slacker",English
The Mask of Zorro,1998.0,Action Adventure Comedy Romance Thriller Western,Martin Campbell,Anthony Hopkins,Tony Amendola,Stuart Wilson,6.7,"19th century, california, revenge, training, zorro",English
Due Date,2010.0,Comedy Drama,Todd Phillips,Robert Downey Jr.,RZA,Matt Walsh,6.6,"actor, aspiring actor, birth, misadventure, suitcase",English
Unbroken,2014.0,Biography Drama Sport War,Angelina Jolie Pitt,Finn Wittrock,Jack O'Connell,Alex Russell,7.2,"emaciation, male nudity, plane crash, prisoner of war, torture",English
Space Cowboys,2000.0,Action Adventure Thriller,Clint Eastwood,Clint Eastwood,Courtney B. Vance,William Devane,6.4,"nasa, old age, satellite, space, space shuttle",English
Cliffhanger,1993.0,Action Adventure Thriller,Renny Harlin,Sylvester Stallone,Leon,Janine Turner,6.4,"money, mountain, rocky mountains, snow, suitcase",English
Broken Arrow,1996.0,Action Crime Thriller,John Woo,Delroy Lindo,Samantha Mathis,Bob Gunton,6.0,"captain, desert, major, park ranger, utah",English
The Kid,2000.0,Comedy Family Fantasy,Jon Turteltaub,Bruce Willis,Lily Tomlin,Daniel von Bargen,6.1,"altering history, cartoon on tv, childhood, image consultant, one two combo",English
World Trade Center,2006.0,Drama History Thriller,Oliver Stone,Nicolas Cage,Jay Hernandez,Armando Riesco,6.0,"based on true story, police, rescue, rubble, trapped",English
Mona Lisa Smile,2003.0,Drama,Mike Newell,Julia Roberts,Kirsten Dunst,Marian Seldes,6.4,"art, college, school, student, wellesley college",English
The Dictator,2012.0,Comedy Romance,Larry Charles,Sayed Badreya,Aasif Mandvi,Horatio Sanz,6.4,"dictator, hotel, oil, overalls, sunglasses",English
Eyes Wide Shut,1999.0,Drama Mystery Thriller,Stanley Kubrick,Tom Cruise,Vinessa Shaw,Sydney Pollack,7.3,"doctor, orgy, party, pianist, sexual fantasy",English
Annie,2014.0,Comedy Drama Family Musical,Will Gluck,Quvenzhané Wallis,Dorian Missick,David Zayas,5.2,"billionaire, business tycoon, mayoral candidate, penthouse, reference to star trek",English
Focus,2015.0,Comedy Crime Drama Romance,Glenn Ficarra,Will Smith,Adrian Martinez,Gerald McRaney,6.6,"con artist, con man, deception, rivalry, seduction",English
This Means War,2012.0,Action Comedy Romance,McG,Tom Hardy,Abigail Spencer,Warren Christie,6.3,"best friend, cia, cia agent, dating, undercover",English
Blade: Trinity,2004.0,Action Adventure Fantasy Horror Sci-Fi Thriller,David S. Goyer,Ryan Reynolds,Natasha Lyonne,John Michael Higgins,5.9,"blade, blood, dracula, vampire hunter, vampire slayer",English
Red Dawn,1984.0,Action Drama War,John Milius,Lea Thompson,Jennifer Grey,William Smith,6.4,"guerrilla, high school, invasion, soviet, wolverine",English
Primary Colors,1998.0,Comedy Drama,Mike Nichols,Maura Tierney,Adrian Lester,Paul Guilfoyle,6.7,"campaigning, candidate, election, governor, president",English
Resident Evil: Retribution,2012.0,Action Horror Sci-Fi Thriller,Paul W.S. Anderson,Milla Jovovich,Boris Kodjoe,Bingbing Li,5.4,"corporation, fight, rescue, umbrella, zombie",English
Death Race,2008.0,Action Sci-Fi Thriller,Paul W.S. Anderson,Jason Statham,Max Ryan,Joan Allen,6.4,"armored car, car, murder, prison, warden",English
The Long Kiss Goodnight,1996.0,Action Crime Drama Mystery Thriller,Renny Harlin,Melina Kanakaredes,Craig Bierko,Yvonne Zima,6.7,"amnesia, chase, foot chase, strong female character, vomiting",English
Proof of Life,2000.0,Action Drama Thriller,Taylor Hackford,Pamela Reed,Alun Armstrong,Michael Kitchen,6.2,"jungle, pipeline, prisoner, ransom, south america",English
Zathura: A Space Adventure,2005.0,Action Adventure Comedy Family Fantasy Sci-Fi,Jon Favreau,Kristen Stewart,Josh Hutcherson,Jonah Bobo,6.1,"2000s, coke, meeting future self, reference to spongebob squarepants, sony",English
Fight Club,1999.0,Drama,David Fincher,Brad Pitt,Meat Loaf,Eugenie Bondurant,8.8,"anti establishment, dark humor, fighting, multiple personality disorder, surprise ending",English
We Are Marshall,2006.0,Drama Sport,McG,Matthew McConaughey,Kimberly Williams-Paisley,Brian Geraghty,7.1,"coach, football, football team, marshall university, university",English
Hudson Hawk,1991.0,Action Adventure Comedy,Michael Lehmann,Bruce Willis,James Coburn,Richard E. Grant,5.7,"blackmail, burglar, critically bashed, leonardo da vinci, prison",English
Lucky Numbers,2000.0,Comedy Crime,Nora Ephron,Michael Rapaport,Michael Moore,Richard Schiff,5.0,"celebrity, lottery, murder, snowmobile, weatherman",English
"I, Frankenstein",2014.0,Action Fantasy Sci-Fi Thriller,Stuart Beattie,Caitlin Stasey,Kevin Grevioux,Miranda Otto,5.1,"army, creature, demon, frankenstein, gargoyle",English
Oliver Twist,2005.0,Crime Drama,Roman Polanski,Ian McNeice,Barney Clark,Tony Noble,6.9,"boy, character name in title, orphan, pickpocket, workhouse",English
Elektra,2005.0,Action Crime Fantasy Thriller,Rob Bowman,Jennifer Garner,Cary-Hiroyuki Tagawa,Goran Visnjic,4.8,"assassin, battle, heroine, martial arts, spin off",English
Sin City: A Dame to Kill For,2014.0,Action Crime Thriller,Frank Miller,Joseph Gordon-Levitt,Bruce Willis,Eva Green,6.5,"box office flop, female frontal nudity, female rear nudity, jackpot, rescue",English
Random Hearts,1999.0,Drama Mystery Romance,Sydney Pollack,Harrison Ford,Kristin Scott Thomas,Bill Cobbs,5.1,"death, plane crash, police, police sergeant, politician",English
Everest,2015.0,Adventure Biography Drama History Sport Thriller,Baltasar Kormákur,Michael Kelly,Martin Henderson,Tom Goodman-Hill,7.1,"blizzard, mount everest, mountain, mountain climbing, snow",English
Perfume: The Story of a Murderer,2006.0,Crime Drama Fantasy,Tom Tykwer,Michael Smiley,David Calder,Simon Chandler,7.5,"18th century, perfume, scent, sense of smell, smell",English
Austin Powers in Goldmember,2002.0,Action Comedy Crime,Jay Roach,Verne Troyer,Josh Zuckerman,Robert Wagner,6.2,"fem bot, prison, seductive fembot, spy, time travel",English
Astro Boy,2009.0,Action Animation Comedy Family Sci-Fi,David Bowers,Nicolas Cage,Charlize Theron,Dee Bradley Baker,6.3,"betrayal, futuristic, gladiator, robot, scientist",English
Jurassic Park,1993.0,Adventure Sci-Fi Thriller,Steven Spielberg,Wayne Knight,Ariana Richards,Bob Peck,8.1,"dinosaur, jurassic park, survival, theme park, tyrannosaurus rex",English
Wyatt Earp,1994.0,Adventure Biography Crime Drama Western,Lawrence Kasdan,Dennis Quaid,Catherine O'Hara,Isabella Rossellini,6.6,"historically inaccurate, name calling, penis slur, vomiting, wyatt earp",English
Clear and Present Danger,1994.0,Action Crime Drama Thriller,Phillip Noyce,Harrison Ford,Dean Jones,Raymond Cruz,6.9,"cia, colombia, colombian drug cartel, drugs, president",English
Dragon Blade,2015.0,Action Adventure Drama History,Daniel Lee,Si Won Choi,Peng Lin,Sung-jun Yoo,6.1,"child fugitive, final battle, martial art, silk road, sword",Mandarin
Littleman,2006.0,Comedy Crime,Keenen Ivory Wayans,Chazz Palminteri,Brittany Daniel,John Witherspoon,4.3,"diamond, infant, parody, spoof, sports violence",English
U-571,2000.0,Action War,Jonathan Mostow,Matthew McConaughey,Thomas Kretschmann,David Keith,6.6,"battle, historically inaccurate, submarine movie, u boat, world war two",English
The American President,1995.0,Comedy Drama Romance,Rob Reiner,Shawna Waldron,Samantha Mathis,Wendie Malick,6.8,"lobbyist, president, senator, state dinner, widower",English
The Love Guru,2008.0,Comedy Romance Sport,Marco Schnabel,Justin Timberlake,Romany Malco,Verne Troyer,3.8,"bloopers during credits, bucket of popcorn, chastity belt, guru, toronto maple leafs",English
3000 Miles to Graceland,2001.0,Action Comedy Crime Thriller,Demian Lichtenstein,Jon Lovitz,Bokeem Woodbine,Ice-T,5.9,"casino, elvis impersonator, gun, heist, rascal",English
The Hateful Eight,2015.0,Crime Drama Mystery Thriller Western,Quentin Tarantino,Craig Stark,Jennifer Jason Leigh,Zoë Bell,7.9,"blizzard, blood vomiting, bounty hunter, murder, shot in the crotch",English
Blades of Glory,2007.0,Comedy Sport,Josh Gordon,Will Ferrell,Amy Poehler,Jon Heder,6.3,"competition, fight, ice, jock strap, nintendo game boy advance",English
Hop,2011.0,Adventure Animation Comedy Family Fantasy,Tim Hill,Gary Cole,Elizabeth Perkins,Chelsea Handler,5.5,"drummer, easter, easter bunny, piaggio vespa gtv 250, slacker",English
300,2006.0,Action Drama Fantasy War,Zack Snyder,Gerard Butler,Michael Fassbender,Vincent Regan,7.7,"battle, epic, greece, spartan, warrior",English
Meet the Fockers,2004.0,Comedy Romance,Jay Roach,Robert De Niro,Blythe Danner,Teri Polo,6.3,"bare butt, defecation, father in law son in law relationship, nurse, sexual innuendo in title",English
Marley & Me,2008.0,Comedy Drama Family,David Frankel,Eric Dane,Kathleen Turner,Haley Bennett,7.1,"box office hit, dog, dog movie, florida, pet name in title",English
The Green Mile,1999.0,Crime Drama Fantasy Mystery,Frank Darabont,Tom Hanks,Jeffrey DeMunn,Michael Jeter,8.5,"1930s, death row inmate, healing, prison guard, southern u.s.",English
Wild Hogs,2007.0,Action Adventure Comedy,Walt Becker,Jill Hennessy,Tichina Arnold,Drew Sidora,5.9,"biker gang, friend, motorcycle, new mexico, road trip",English
Chicken Little,2005.0,Adventure Animation Comedy Family Sci-Fi,Mark Dindal,Catherine O'Hara,Fred Willard,Amy Sedaris,5.8,"alien invasion, chicken, fish, friend, panic",English
Gone Girl,2014.0,Crime Drama Mystery Thriller,David Fincher,Patrick Fugit,Sela Ward,Emily Ratajkowski,8.1,"based on novel, disappearance, missing person, missing wife, murder suspect",English
The Bourne Identity,2002.0,Action Mystery Thriller,Doug Liman,Matt Damon,Josh Hamilton,Nicky Naudé,7.9,"amnesia, assassin, money, political thriller, three word title",English
GoldenEye,1995.0,Action Adventure Thriller,Martin Campbell,Izabella Scorupco,Joe Don Baker,Tchéky Karyo,7.2,"agent, cossack, official james bond series, russia, russian",English
The General's Daughter,1999.0,Drama Mystery Thriller,Simon West,Daniel von Bargen,Timothy Hutton,Clarence Williams III,6.3,"army cid, cover up, military, murder, woman in military",English
The Truman Show,1998.0,Comedy Drama Sci-Fi,Peter Weir,Natascha McElhone,Noah Emmerich,Peter Krause,8.1,"controlled environment, fictional reality show, hidden camera, innocence lost, simulated reality",English
The Prince of Egypt,1998.0,Adventure Animation Biography Drama Family Fantasy Musical,Brenda Chapman,Martin Short,Aria Noelle Curzon,Eden Riegel,7.0,"ancient egypt, hebrew, nudity, pharaoh, title directed by female",English
Daddy Day Care,2003.0,Comedy Family,Steve Carr,Anjelica Huston,Lisa Edelstein,Jeff Garlin,5.5,"bloopers during credits, breakfast cereal, department store ride, face painting, sponge bob square pants slippers",English
2 Guns,2013.0,Action Comedy Crime Drama Thriller,Baltasar Kormákur,Denzel Washington,Patrick Fischler,Fred Ward,6.7,"close up of breasts, female nudity, fugitive, money, undercover",English
Cats & Dogs,2001.0,Action Comedy Family Fantasy,Lawrence Guterman,Carol Ann Susi,Elizabeth Perkins,Miriam Margolyes,5.2,"cartoon on tv, cat, dog, scientist, secret agent",English
The Italian Job,2003.0,Action Crime Thriller,F. Gary Gray,Jason Statham,Charlize Theron,Jimmy Shubert,7.0,"gold, heist, revenge, traffic jam, venice italy",English
Two Weeks Notice,2002.0,Comedy Romance,Marc Lawrence,Dorian Missick,Alicia Witt,Dana Ivey,6.1,"developer, divorce, lawyer, love, new york city",English
Antz,1998.0,Adventure Animation Comedy Family,Eric Darnell,Sylvester Stallone,Woody Allen,Anne Bancroft,6.6,"ant, friend, princess, soldier, worker",English
Couples Retreat,2009.0,Comedy,Peter Billingsley,Jon Favreau,Kristin Davis,Tasha Smith,5.5,"couple, island, marriage, tropical, voyeurism",English
Days of Thunder,1990.0,Action Drama Sport,Tony Scott,Tom Cruise,Robert Duvall,Randy Quaid,5.9,"driver, hot shot, racing, stock car driver, team",English
Cheaper by the Dozen 2,2005.0,Adventure Comedy Family,Adam Shankman,Taylor Lautner,Tom Welling,Alyson Stoner,5.4,"children, competition, rival, second part, vacation",English
The Scorch Trials,2015.0,Action Sci-Fi Thriller,Wes Ball,Ki Hong Lee,Lili Taylor,Rosa Salazar,6.4,"desert, disease, escape, resistance, virus",English
Eat Pray Love,2010.0,Drama Romance,Ryan Murphy,James Franco,Julia Roberts,Billy Crudup,5.7,"divorce, emotional balance, female protagonist, indonesia, inner peace",English
The Family Man,2000.0,Comedy Drama Fantasy Romance,Brett Ratner,Nicolas Cage,Don Cheadle,Amber Valletta,6.7,"bowling, christmas, parallel universe, salesman, unfaithfulness",English
RED,2010.0,Action Comedy Crime Thriller,Robert Schwentke,Bruce Willis,Morgan Freeman,Jaqueline Fleming,7.1,"cia, female assassin, interrogation, office cubicle, spy",English
Any Given Sunday,1999.0,Drama Sport,Oliver Stone,Al Pacino,Dennis Quaid,LL Cool J,6.8,"breasts, coach, football, in medias res, vomiting",English
The Horse Whisperer,1998.0,Drama Romance Western,Robert Redford,Scarlett Johansson,Kristin Scott Thomas,Jessalyn Gilsig,6.5,"grace, groom, horse, montana, western u.s.",English
Collateral,2004.0,Crime Drama Thriller,Michael Mann,Tom Cruise,Jada Pinkett Smith,Debi Mazar,7.6,"city by night, contract killer, driving at night, los angeles california, taxi",English
The Scorpion King,2002.0,Action Adventure Fantasy Thriller,Chuck Russell,Dwayne Johnson,Roger Rees,Bernard Hill,5.5,"desert, king, showdown, sorceress, warrior",English
Ladder 49,2004.0,Action Drama Thriller,Jay Russell,Billy Burke,Jay Hernandez,Jacinda Barrett,6.5,"death of husband, fire, firefighter, funeral, main character dies",English
Jack Reacher,2012.0,Action Crime Mystery Thriller,Christopher McQuarrie,Tom Cruise,Robert Duvall,David Oyelowo,7.0,"coma, mysterious villain, police chase, shooting range, sniper",English
Deep Blue Sea,1999.0,Action Sci-Fi Thriller,Renny Harlin,LL Cool J,Michael Rapaport,Saffron Burrows,5.8,"alzheimer's disease, experiment, human versus shark, research, underwater headquarters",English
This Is It,2009.0,Documentary Music,Kenny Ortega,Misha Gabriel Hamilton,Mekia Cox,Judith Hill,7.3,"2000s, box office hit, comeback, rehearsal, year 2009",English
Contagion,2011.0,Drama Thriller,Steven Soderbergh,Matt Damon,Monique Gabriela Curnen,Griffin Kane,6.6,"contagion, cure, infection, panic, virus",English
Kangaroo Jack,2003.0,Action Adventure Comedy Crime,David McNally,Estella Warren,Dyan Cannon,Bill Hunter,4.4,"australia, body paint, kangaroo, mob, money",English
Coraline,2009.0,Animation Family Fantasy,Henry Selick,Jennifer Saunders,Dawn French,John Hodgman,7.7,"dream, new home, parallel worlds, scissors, secret door",English
The Happening,2008.0,Sci-Fi Thriller,M. Night Shyamalan,Zooey Deschanel,Alan Ruck,Kristen Connolly,5.0,"bee, nature, park, school, teacher",English
Man on Fire,2004.0,Action Crime Drama Thriller,Tony Scott,Denzel Washington,Radha Mitchell,Giancarlo Giannini,7.7,"bodyguard, journalist, kidnapping, mexico, police corruption",English
The Shaggy Dog,2006.0,Comedy Family Fantasy,Brian Robbins,Robert Downey Jr.,Joel David Moore,Kristin Davis,4.4,"animal as human, dog movie, elevator, human becoming an animal, sheepdog",English
Starsky & Hutch,2004.0,Comedy Crime,Todd Phillips,Snoop Dogg,Carmen Electra,Fred Williamson,6.1,"cocaine, cop, criminal, partner, police",English
Jingle All the Way,1996.0,Comedy Family,Brian Levant,Jim Belushi,Harvey Korman,Jake Lloyd,5.4,"action figure, christmas, hero, karate, toy",English
Hellboy,2004.0,Action Fantasy Horror Sci-Fi,Guillermo del Toro,James Babson,Rupert Evans,Brian Steele,6.8,"assassin, demon, hero, nazi, superhero",English
A Civil Action,1998.0,Drama,Steven Zaillian,Robert Duvall,Kathleen Quinlan,Sydney Pollack,6.5,"1980s, law firm, lawsuit, lawyer, toxic waste",English
ParaNorman,2012.0,Adventure Animation Comedy Family Fantasy,Chris Butler,Anna Kendrick,Kodi Smit-McPhee,Elaine Stritch,7.0,"curse, ghost, outcast, witch, zombie",English
The Jackal,1997.0,Action Adventure Crime Thriller,Michael Caton-Jones,J.K. Simmons,Bruce Willis,Sophie Okonedo,6.3,"assassin, fbi, ira, jackal, russian",English
Paycheck,2003.0,Action Mystery Sci-Fi Thriller,John Woo,Ivana Milicevic,Joe Morton,Callum Rennie,6.3,"anti hero, babe scientist, engineer, memory, money",English
Up Close & Personal,1996.0,Drama Romance,Jon Avnet,Joe Mantegna,Stockard Channing,Raymond Cruz,6.1,"journalism, news anchor, newscast, newscaster, tv journalism",English
The Tale of Despereaux,2008.0,Adventure Animation Comedy Family Fantasy,Sam Fell,Emma Watson,Matthew Broderick,Frank Langella,6.1,"book, darkness, dungeon, princess, rat",English
The Tuxedo,2002.0,Action Comedy Sci-Fi,Kevin Donovan,Romany Malco,Debi Mazar,Ritchie Coster,5.3,"chauffeur, hospital, secret agent, spying, tuxedo",English
Under Siege 2: Dark Territory,1995.0,Action Thriller,Geoff Murphy,Peter Greene,Brenda Bakke,Patrick Kilpatrick,5.4,"colorado, niece, satellite, terrorist, train",English
Jack Ryan: Shadow Recruit,2014.0,Action Drama Thriller,Kenneth Branagh,Colm Feore,Nonso Anozie,Gemma Chan,6.2,"covert analyst, marine, russian, spy, stock market",English
Joy,2015.0,Biography Comedy Drama,David O. Russell,Jennifer Lawrence,Robert De Niro,Bradley Cooper,6.6,"based on real person, female inventor, mop, sales pitch, woman holding a shotgun",English
London Has Fallen,2016.0,Action Crime Drama Thriller,Babak Najafi,Gerard Butler,Radha Mitchell,Julian Kostov,5.9,"british, funeral, good versus evil, mole, sequel",English
Alien: Resurrection,1997.0,Action Horror Sci-Fi,Jean-Pierre Jeunet,Gary Dourdan,Michael Wincott,Raymond Cruz,6.3,"alien, blood, breeding, clone, scientist",English
Shooter,2007.0,Action Crime Drama Mystery Thriller,Antoine Fuqua,Tate Donovan,Ned Beatty,Louis Ferreira,7.2,"colonel, ethiopia, marksman, on the run, rangefinder",English
The Boxtrolls,2014.0,Adventure Animation Comedy Family Fantasy,Graham Annable,Isaac Hempstead Wright,Dee Bradley Baker,Tracy Morgan,6.8,"chase, puppet animation, red hat, stop motion animation, troll",English
Practical Magic,1998.0,Comedy Drama Fantasy Romance,Griffin Dunne,Goran Visnjic,Dianne Wiest,Stockard Channing,6.1,"curse, death, island, love, magic",English
The Lego Movie,2014.0,Action Adventure Animation Comedy Family Fantasy,Phil Lord,Morgan Freeman,Will Ferrell,Alison Brie,7.8,"based on toy, dual personality, evil businessman, good cop bad cop, lego",English
Miss Congeniality 2: Armed and Fabulous,2005.0,Action Comedy Crime,John Pasquin,Eileen Brennan,Diedrich Bader,Treat Williams,5.0,"bodyguard, fbi, fbi agent, female protagonist, undercover",English
Reign of Fire,2002.0,Action Adventure Fantasy Sci-Fi Thriller,Rob Bowman,Christian Bale,Gerard Butler,Matthew McConaughey,6.2,"castle, dragon, fire breathing dragon, militia, survival",English
Gangster Squad,2013.0,Action Crime Drama Thriller,Ruben Fleischer,Ryan Gosling,Brandon Molale,Wade Williams,6.7,"good versus evil, machine gun, mobster, police vigilantism, year 1949",English
Year One,2009.0,Adventure Comedy,Harold Ramis,Olivia Wilde,Oliver Platt,Xander Berkeley,4.9,"abraham, hunter, princess, sodom, tribe",English
Invictus,2009.0,Biography Drama History Sport,Clint Eastwood,Matt Damon,Morgan Freeman,Leleti Khumalo,7.4,"apartheid, nation, nelson mandela, president, rugby",English
State of Play,2009.0,Crime Drama Mystery Thriller,Kevin Macdonald,Robin Wright,Harry Lennix,Michael Weston,7.1,"congressman, conspiracy, newspaper, political conspiracy, subway",English
Duplicity,2009.0,Comedy Crime Romance Thriller,Tony Gilroy,Julia Roberts,Tom Wilkinson,Denis O'Hare,6.2,"ceo, dubai, product, rivalry, spy",English
My Favorite Martian,1999.0,Comedy Family Sci-Fi,Donald Petrie,Steven Anthony Lawrence,Ray Walston,Michael Lerner,4.9,"alien, hidden camera, martian, reporter, spaceship",English
The Sentinel,2006.0,Action Crime Thriller,Clark Johnson,Blair Brown,David Rasche,Martin Donovan,6.1,"first lady, framed, investigation, president, secret service",English
Planet 51,2009.0,Adventure Animation Comedy Family Sci-Fi,Jorge Blanco,Dwayne Johnson,Gary Oldman,James Corden,6.1,"alien, alien planet, astronaut, planet, teenager",English
Star Trek: Nemesis,2002.0,Action Adventure Sci-Fi Thriller,Stuart Baird,Tom Hardy,LeVar Burton,Jonathan Frakes,6.4,"earth, federation, romulan, slave, space",English
Intolerable Cruelty,2003.0,Comedy Crime Romance,Joel Coen,Cedric the Entertainer,Paul Adelstein,Julia Duffy,6.3,"attorney, divorce, marriage, real estate, screwball comedy",English
Trouble with the Curve,2012.0,Drama Sport,Robert Lorenz,Clint Eastwood,Ed Lauter,Bob Gunton,6.8,"aging, baseball, baseball scout, north carolina, pitcher",English
Edge of Darkness,2010.0,Crime Drama Mystery Thriller,Martin Campbell,Bojana Novakovic,Ray Winstone,Denis O'Hare,6.6,"activist, detective, father daughter relationship, investigation, vigilantism",English
The Relic,1997.0,Horror Mystery Sci-Fi Thriller,Peter Hyams,John Kapelos,Penelope Ann Miller,Chi Muoi Lo,5.7,"fire, helicopter, museum, police sergeant, relic",English
Analyze That,2002.0,Comedy Crime,Harold Ramis,Robert De Niro,Cathy Moriarty,Joe Viterelli,5.9,"blonde, mafia, mental illness, prison, second part",English
Righteous Kill,2008.0,Action Crime Drama Mystery Thriller,Jon Avnet,Robert De Niro,Al Pacino,50 Cent,6.0,"blood splatter, execution, new york city, nypd, serial killer",English
Mercury Rising,1998.0,Action Crime Drama Thriller,Harold Becker,Bruce Willis,Miko Hughes,Carrie Preston,6.1,"autistic child, boy, child in danger, fbi, nsa",English
The Soloist,2009.0,Biography Drama Music,Joe Wright,Robert Downey Jr.,Stephen Root,Rachael Harris,6.7,"columnist, journalist, los angeles times, musician, wearing a traffic cone as a hat",English
The Legend of Bagger Vance,2000.0,Drama Fantasy Sport,Robert Redford,Matt Damon,Will Smith,Charlize Theron,6.7,"caddy, game, golf, golf course, golfer",English
Almost Famous,2000.0,Adventure Comedy Drama Music,Cameron Crowe,Philip Seymour Hoffman,Zooey Deschanel,Michael Angarano,7.9,"band, magazine, rolling stone magazine, smoking marijuana, tour",English
Garfield 2,2006.0,Animation Comedy Family Fantasy,Tim Hill,Bill Murray,Roger Rees,Ben Falcone,5.0,"cat, england, lti txii, peugeot 206, rover 3 5 litre.coupe p5b",English
xXx: State of the Union,2005.0,Action Adventure Crime Thriller,Lee Tamahori,Sunny Mabrey,Nona Gaye,Xzibit,4.3,"coup d'etat, mutiny, president, u.s. navy, washington d.c.",English
Priest,2011.0,Action Fantasy Horror Sci-Fi Thriller,Scott Stewart,Josh Wingate,Alan Dale,Jacob Hopkins,5.7,"church, priest, sheriff, vampire, warrior",English
Sinbad: Legend of the Seven Seas,2003.0,Adventure Animation Comedy Drama Family Fantasy Romance,Patrick Gilmore,Brad Pitt,Adriano Giannini,Timothy West,6.7,"book, framed, goddess, prince, sinbad",English
Event Horizon,1997.0,Horror Sci-Fi Thriller,Paul W.S. Anderson,Sean Pertwee,Joely Richardson,Kathleen Quinlan,6.7,"solar system, space, spaceship, starship, year 2047",English
The Avengers,2012.0,Action Adventure Sci-Fi,Joss Whedon,Chris Hemsworth,Robert Downey Jr.,Scarlett Johansson,8.1,"alien invasion, assassin, battle, iron man, soldier",English
Dragonfly,2002.0,Drama Fantasy Mystery Romance Thriller,Tom Shadyac,Joe Morton,Susanna Thompson,Matt Craven,6.1,"death, doctor, grave, patient, venezuela",English
The Black Dahlia,2006.0,Crime Drama Mystery Thriller,Brian De Palma,Scarlett Johansson,Mia Kirshner,Mike Starr,5.6,"black dahlia, boxer, corpse, death, partner",English
Flyboys,2006.0,Action Adventure Drama History Romance War,Tony Bill,James Franco,Tyler Labine,Philip Winchester,6.6,"american, france, military, pilot, training",English
The Last Castle,2001.0,Action Drama Thriller,Rod Lurie,Clifton Collins Jr.,Delroy Lindo,Michael Irby,6.9,"colonel, general, military, prison, three star general",English
Supernova,2000.0,Horror Sci-Fi Thriller,Walter Hill,Robert Forster,Wilson Cruz,Vanessa Marshall,4.8,"deep space, distress signal, explosion, mining, rescue",English
Winter's Tale,2014.0,Drama Fantasy Mystery Romance,Akiva Goldsman,Matt Bomer,William Hurt,Kevin Corrigan,6.2,"black and white photograph, drawing with blood, falling through ice, playing piano, red haired woman",English
The Mortal Instruments: City of Bones,2013.0,Fantasy Horror Mystery Romance,Harald Zwart,Aidan Turner,Kevin Zegers,CCH Pounder,6.0,"battle, demon, magic, secret, warrior",English
Meet Dave,2008.0,Adventure Comedy Family Romance Sci-Fi,Brian Robbins,Marc Blucas,Mike O'Malley,Shawn Christian,4.9,"alien, mutiny, orb, planet, spaceship",English
Dark Water,2005.0,Drama Horror Thriller,Walter Salles,Dougray Scott,Camryn Manheim,Ariel Gade,5.6,"apartment, hello kitty, school, teacher, water",English
Edtv,1999.0,Comedy Drama,Ron Howard,Matthew McConaughey,Adam Goldberg,Clint Howard,6.1,"female removes her clothes, one word title, producer, television, video store",English
Inkheart,2008.0,Adventure Family Fantasy,Iain Softley,Brendan Fraser,Stephen Graham,Jamie Foreman,6.1,"book, escape, girl, overalls, villain",English
The Spirit,2008.0,Action Crime Fantasy Thriller,Frank Miller,Scarlett Johansson,Jaime King,Louis Lombardi,4.8,"female star appears nude, pants falling down, samurai, white rat, woman in a towel",English
Mortdecai,2015.0,Action Comedy Mystery Romance,David Koepp,Johnny Depp,Olivia Munn,Ulrich Thomsen,5.5,"art dealer, fake painting, macguffin, moustache, stolen painting",English
In the Name of the King: A Dungeon Siege Tale,2007.0,Action Adventure Fantasy Thriller,Uwe Boll,Jason Statham,Mike Dopud,Tania Saulnier,3.8,"farmer, king, krug, rescue, wizard",English
Beyond Borders,2003.0,Adventure Drama Romance War,Martin Campbell,Angelina Jolie Pitt,Teri Polo,Noah Emmerich,6.5,"africa, american, border, doctor, well",English
Xi you ji zhi: Sun Wukong san da Baigu Jing,2016.0,Action Adventure Fantasy,Pou-Soi Cheang,Li Gong,Aaron Kwok,Eddie Peng,6.0,"buddhism, demon, journey to the west, monk, monkey king",English
The Great Raid,2005.0,Action Drama War,John Dahl,James Franco,Clayne Crawford,Paolo Montalban,6.7,"american, lieutenant colonel, mission, rescue, soldier",Filipino
Deadpool,2016.0,Action Adventure Comedy Romance Sci-Fi,Tim Miller,Ryan Reynolds,Ed Skrein,Stefan Kapicic,8.1,"based on comic book, breaking the fourth wall, mercenary, mutant, self healing",English
Holy Man,1998.0,Comedy Drama,Stephen Herek,Kelly Preston,Morgan Fairchild,Eric McCormack,4.9,"1990s, evangelist, professional rivalry, swimming pool, televangelist",English
American Sniper,2014.0,Action Biography Drama History Thriller War,Clint Eastwood,Bradley Cooper,Leonard Roberts,Keir O'Donnell,7.3,"assassin, death of child, iraq, sniper, sniper rifle",English
Goosebumps,2015.0,Adventure Comedy Family Fantasy Horror,Rob Letterman,Odeya Rush,Dylan Minnette,Ken Marino,6.4,"based on book, blob, ferris wheel, manuscript, monster",English
Just Like Heaven,2005.0,Comedy Fantasy Romance,Mark Waters,Jon Heder,Ivana Milicevic,Willie Garson,6.7,"apartment, architect, coma, doctor, spirit",English
The Flintstones in Viva Rock Vegas,2000.0,Comedy Family Romance Sci-Fi,Brian Levant,Taylor Negron,Mark Addy,Danny Woodburn,3.6,"based on tv series, love, prequel, the flintstones, title appears in song",English
Rambo III,1988.0,Action Adventure Thriller War,Peter MacDonald,Sylvester Stallone,Kurtwood Smith,Richard Crenna,5.7,"afghanistan, colonel, rambo, rescue, soviet",English
Leatherheads,2008.0,Comedy Drama Romance Sport,George Clooney,Robert Baker,Malcolm Goodwin,Matt Bushell,6.0,"college football, fight, football, hero, surrender",English
The Ridiculous 6,2015.0,Comedy Western,Frank Coraci,Taylor Lautner,Adam Sandler,Jon Lovitz,4.9,"apache, bank robbery, baseball, half brothers, white raised as indian",English
Did You Hear About the Morgans?,2009.0,Comedy Drama Romance,Marc Lawrence,Michael Kelly,Kim Shaw,Kevin Brown,4.7,"fbi, murder, witness, witness protection, wyoming",English
The Internship,2013.0,Comedy,Shawn Levy,Josh Gad,Jessica Szohr,Rob Riggle,6.3,"actor's picture shown in credits, animated credits, google, internship, still images in end credits",English
Resident Evil: Afterlife,2010.0,Action Adventure Horror Sci-Fi,Paul W.S. Anderson,Milla Jovovich,Boris Kodjoe,Shawn Roberts,5.9,"alaska, female gunfighter, mutation, ship, siege",English
Red Tails,2012.0,Action Adventure Drama History War,Anthony Hemingway,David Oyelowo,Nate Parker,Tristan Mack Wilds,5.9,"african american, battle, italy, tuskegee airmen, world war two",English
The Devil's Advocate,1997.0,Drama Mystery Thriller,Taylor Hackford,Keanu Reeves,Al Pacino,Charlize Theron,7.5,"deal with the devil, lawyer, money, reality, supernatural power",English
That's My Boy,2012.0,Comedy,Sean Anders,Adam Sandler,Leighton Meester,Will Forte,5.6,"argument, reference to vanilla ice, statutory rape, teacher student relationship, teacher student sex",English
DragonHeart,1996.0,Action Adventure Fantasy,Rob Cohen,Dennis Quaid,Brian Thompson,Terry O'Neill,6.4,"dragon, england, human dragon relationship, king, knight",English
After the Sunset,2004.0,Action Comedy Crime Drama,Brett Ratner,Salma Hayek,Don Cheadle,Chris Penn,6.3,"diamond, fbi, fbi agent, island, thief",English
Ghost Rider: Spirit of Vengeance,2011.0,Action Fantasy Thriller,Mark Neveldine,Nicolas Cage,Spencer Wilding,Christopher Lambert,4.3,"deal with the devil, devil, eastern europe, ghost rider, monk",English
Captain Corelli's Mandolin,2001.0,Drama Music Romance War,John Madden,Christian Bale,Irene Papas,Mihalis Giannatos,5.9,"captain, greek, island, italian, love",English
The Pacifier,2005.0,Action Comedy Drama Family Thriller,Adam Shankman,Vin Diesel,Brad Garrett,Tate Donovan,5.5,"bodyguard, death of husband, male nanny, nanny, wrestling match",English
Walking Tall,2004.0,Action Crime,Kevin Bray,Dwayne Johnson,Ashley Scott,Michael Bowen,6.2,"casino, football, sheriff, special forces, violence",English
Forrest Gump,1994.0,Comedy Drama,Robert Zemeckis,Tom Hanks,Siobhan Fallon Hogan,Sam Anderson,8.8,"amputee, love, vietnam, vietnam war, war hero",English
Alvin and the Chipmunks,2007.0,Animation Comedy Family Fantasy Music,Tim Hill,Jesse McCartney,Beth Riesgraf,Matthew Gray Gubler,5.2,"based on cartoon, chipmunk, concert, fart joke, talking animal",English
Meet the Parents,2000.0,Comedy,Jay Roach,Robert De Niro,Blythe Danner,Teri Polo,7.0,"cat, cia, jewish, male nurse, nurse",English
Pocahontas,1995.0,Adventure Animation Drama Family History Musical Romance,Mike Gabriel,Christian Bale,Frank Welker,Irene Bedard,6.6,"actor playing multiple roles, love, one word title, unsubtitled foreign language, virginia",English
Superman,1978.0,Action Adventure Drama Romance Sci-Fi,Richard Donner,Marlon Brando,Margot Kidder,Ned Beatty,7.3,"1970s, clark kent, planet, superhero, year 1978",English
The Nutty Professor,1996.0,Comedy Romance Sci-Fi,Tom Shadyac,Jada Pinkett Smith,James Coburn,Dave Chappelle,5.6,"face slap, formula, overweight, professor, teacher",English
Hitch,2005.0,Comedy Romance,Andy Tennant,Will Smith,Michael Rapaport,Kevin Sussman,6.6,"advice, friendship, gossip, newspaper, quitting a job",English
George of the Jungle,1997.0,Action Adventure Comedy Family Romance,Sam Weisman,Brendan Fraser,Abraham Benrubi,Holland Taylor,5.4,"animal companion, heiress, hero, jungle, male objectification",English
American Wedding,2003.0,Comedy Romance,Jesse Dylan,Alyson Hannigan,Thomas Ian Nicholas,Fred Willard,6.3,"bachelor party, blow job, breasts, friend, wedding",English
Captain Phillips,2013.0,Biography Drama Thriller,Paul Greengrass,Tom Hanks,Chris Mulkey,Michael Chernus,7.9,"hijacking, hostage, leader, ship, somalia",English
Date Night,2010.0,Comedy Crime Romance Thriller,Shawn Levy,Mila Kunis,James Franco,Steve Carell,6.3,"city, new york city, night, reservation, restaurant",English
Casper,1995.0,Comedy Family Fantasy,Brad Silberling,Eric Idle,Fred Rogers,Cathy Moriarty,6.0,"casper, friendly ghost, ghost, maine, mansion",English
The Equalizer,2014.0,Action Crime Thriller,Antoine Fuqua,Denzel Washington,Chloë Grace Moretz,James Wilcox,7.2,"assassin, ex soldier, gangster, hanged man, mysterious past",English
Maid in Manhattan,2002.0,Comedy Drama Romance,Wayne Wang,Bob Hoskins,Frances Conroy,Natasha Richardson,5.1,"hotel, maid, new york city, place name in title, the bronx",English
Crimson Tide,1995.0,Action Drama Thriller War,Tony Scott,Denzel Washington,Viggo Mortensen,Ricky Schroder,7.3,"alabama, mutiny, order, radio, submarine",English
The Pursuit of Happyness,2006.0,Biography Drama,Gabriele Muccino,Will Smith,Kurt Fuller,James Karen,8.0,"bus, intern, internship, salesman, stockbroker",English
Flightplan,2005.0,Drama Mystery Thriller,Robert Schwentke,Erika Christensen,Michael Irby,Haley Ramm,6.2,"captain, flight, flight attendant, plane, search",English
Disclosure,1994.0,Drama Thriller,Barry Levinson,Demi Moore,Dylan Baker,Roma Maffia,6.0,"computer, marriage, non statutory female on male rape, promotion, sexual harassment",English
City of Angels,1998.0,Drama Fantasy Romance,Brad Silberling,Nicolas Cage,Andre Braugher,Colm Feore,6.7,"angel, doctor, fall, heart surgeon, hospital",English
Kill Bill: Vol. 1,2003.0,Action,Quentin Tarantino,David Carradine,Vivica A. Fox,Chiaki Kuriyama,8.1,"bride, coma, japan, revenge, sword",English
Bowfinger,1999.0,Comedy,Frank Oz,Robert Downey Jr.,Adam Alexi-Malle,Jamie Kennedy,6.4,"film within a film, filmmaking, guerrilla filmmaking, making of a movie, scientology parody",English
Kill Bill: Vol. 2,2004.0,Action Crime Drama Thriller,Quentin Tarantino,Vivica A. Fox,Michael Parks,Michael Bowen,8.0,"assassin, assassination, bride, death, vengeance",English
Tango & Cash,1989.0,Action Comedy Crime Thriller,Andrey Konchalovskiy,Sylvester Stallone,Jack Palance,Brion James,6.3,"1980s, 80s action, escape, plea bargain, prison",English
Death Becomes Her,1992.0,Comedy Fantasy Horror,Robert Zemeckis,Bruce Willis,Meryl Streep,Isabella Rossellini,6.4,"plastic surgeon, rejuvenation, revenge, rival, rivalry",English
Shanghai Noon,2000.0,Action Adventure Comedy Western,Tom Dey,Xander Berkeley,Jason Connery,Kate Luyben,6.6,"19th century, chinese, princess, rescue, travel",English
Executive Decision,1996.0,Action Adventure Thriller,Stuart Baird,Oliver Platt,Joe Morton,J.T. Walsh,6.4,"bomb, hostage, military, plane, terrorist",English
Mr. Popper's Penguins,2011.0,Comedy Family Fantasy,Mark Waters,Madeline Carroll,Ophelia Lovibond,Philip Baker Hall,6.0,"father, penguin, snowglobe, son, winter",English
The Forbidden Kingdom,2008.0,Action Adventure Fantasy,Rob Minkoff,Jet Li,Thomas McDonell,Michael Angarano,6.6,"monkey king, staff, teenager, urination, warrior",English
Free Birds,2013.0,Adventure Animation Comedy Family,Jimmy Hayward,Amy Poehler,Carlos Ponce,Dan Fogler,5.9,"chipmunk, hunting dog, sabotage, thanksgiving, turkey the bird",English
Alien 3,1992.0,Action Horror Sci-Fi,David Fincher,Charles S. Dutton,Holt McCallany,Paul McGann,6.4,"alien, crash, planet, prison, survivor",English
Evita,1996.0,Biography Drama History Musical,Alan Parker,Andrea Corr,Jimmy Nail,Peter Polycarpou,6.3,"actress, argentina, military, politics, singer",English
Ronin,1998.0,Action Adventure Crime Thriller,John Frankenheimer,Robert De Niro,Natascha McElhone,Michael Lonsdale,7.3,"case, ex kgb, ronin, russian, suitcase",English
The Ghost and the Darkness,1996.0,Adventure Drama Horror Thriller,Stephen Hopkins,Tom Wilkinson,Bernard Hill,Om Puri,6.8,"bridge, engineer, hunter, lion, railway",English
Paddington,2014.0,Animation Comedy Family Fantasy,Paul King,Julie Walters,Matt Lucas,Sally Hawkins,7.2,"bear, ear wax cleaning, fake newsreel, paddington station london, taxidermist",English
The Watch,2012.0,Action Comedy Sci-Fi,Akiva Schaffer,Will Forte,Nicholas Braun,Rosemarie DeWitt,5.7,"alien, escape, manager, neighborhood watch, ohio",English
The Hunted,2003.0,Action Crime Drama Thriller,William Friedkin,Connie Nielsen,Jenna Boyd,Rex Linn,6.0,"capture, combat, fbi, hunter, special forces",English
Instinct,1999.0,Drama Thriller,Jon Turteltaub,Anthony Hopkins,Maura Tierney,John Ashton,6.5,"africa, anthropologist, murder, poacher, psychiatrist",English
Stuck on You,2003.0,Comedy,Bobby Farrelly,Matt Damon,Terence Bernie Hines,Seymour Cassel,5.8,"actor, conjoined twins, cook, internet, short order cook",English
Semi-Pro,2008.0,Comedy Sport,Kent Alterman,Will Ferrell,Maura Tierney,Matt Walsh,5.8,"flint michigan, merger, michigan, nba, team",English
The Pirates! Band of Misfits,2012.0,Adventure Animation Comedy Family,Peter Lord,Salma Hayek,Russell Tovey,Brian Blessed,6.7,"charles darwin, cutlass, pirate, queen victoria, scientist",English
Changeling,2008.0,Crime Drama Mystery Thriller,Clint Eastwood,Angelina Jolie Pitt,Michael Kelly,Colm Feore,7.8,"execution by hanging, los angeles police department, miscarriage of justice, missing child, wrongful conviction",English
Chain Reaction,1996.0,Action Drama Sci-Fi Thriller,Andrew Davis,Keanu Reeves,Morgan Freeman,Kevin Dunn,5.6,"cold fusion, die hard scenario, man with glasses, on the run, outrunning explosion",English
The Fan,1996.0,Action Drama Sport Thriller,Tony Scott,Robert De Niro,Kurt Fuller,Ellen Barkin,5.8,"baseball, fan, obsession, salesman, san francisco giants",English
The Phantom of the Opera,2004.0,Drama Musical Romance Thriller,Joel Schumacher,Gerard Butler,Minnie Driver,Miranda Richardson,7.4,"based on stage musical based on novel, disfigurement, mask, opera, singer",English
Elizabeth: The Golden Age,2007.0,Biography Drama History War,Shekhar Kapur,Eddie Redmayne,Abbie Cornish,Jordi Mollà,6.9,"court, intrigue, queen, spain, virgin",English
Æon Flux,2005.0,Action Sci-Fi,Karyn Kusama,Charlize Theron,Sophie Okonedo,Paterson Joseph,5.5,"based on cult favorite, disease, female hero, female protagonist, future",English
Gods and Generals,2003.0,Drama History War,Ron Maxwell,Billy Campbell,Bruce Boxleitner,John Castle,6.3,"confederacy, hero, prequel, stonewall jackson, war hero",English
Turbulence,1997.0,Action Thriller,Robert Butler,Hector Elizondo,Lauren Holly,Jeffrey DeMunn,4.7,"airplane, christmas, marshal, pilot, u.s. marshal",English
Imagine That,2009.0,Comedy Drama Family Fantasy,Karey Kirkpatrick,Stephen Root,Ronny Cox,Richard Schiff,5.6,"blanket, competition, family relationships, feather, sleepover",English
Muppets Most Wanted,2014.0,Adventure Comedy Crime Family Musical,James Bobin,Ty Burrell,Tina Fey,Hugh Bonneville,6.4,"europe, frog, gulag, prison break, puppet",English
Thunderbirds,2004.0,Action Adventure Comedy Family Sci-Fi,Jonathan Frakes,Sophia Myles,Philip Winchester,Brady Corbet,4.2,"astronaut, island, lady penelope, rescue, the hood",English
Burlesque,2010.0,Drama Music Musical Romance,Steve Antin,Eric Dane,Peter Gallagher,David Walton,6.4,"burlesque, dancer, iowa, small town girl, stage",English
A Very Long Engagement,2004.0,Drama Mystery Romance War,Jean-Pierre Jeunet,Denis Lavant,André Dussollier,Albert Dupontel,7.7,"court martial, death, girl, no man's land, soldier",French
Lolita,1962.0,Crime Drama Romance,Stanley Kubrick,James Mason,Shelley Winters,Lois Maxwell,7.7,"lolita, nymphet, older man young girl relationship, professor, writer",English
Eye See You,2002.0,Crime Horror Mystery Thriller,Jim Gillespie,Sylvester Stallone,Tom Berenger,Charles S. Dutton,5.3,"drill in the eye, eye gouging, hanged woman, murder, peep hole",English
Blade II,2002.0,Action Horror Sci-Fi Thriller,Guillermo del Toro,Norman Reedus,Thomas Kretschmann,Tony Curran,6.7,"blade the character, cult film, mutation, vampire, warrior",English
Seven Pounds,2008.0,Drama Romance,Gabriele Muccino,Will Smith,Rosario Dawson,Madison Pettis,7.7,"boyfriend girlfriend relationship, heart, main character dies, organ donor, redemption",English
Bullet to the Head,2012.0,Action Thriller,Walter Hill,Sylvester Stallone,Jason Momoa,Jon Seda,5.7,"bar, bullet, corruption, detective, lawyer",English
The Godfather: Part III,1990.0,Crime Drama,Francis Ford Coppola,Al Pacino,Joe Mantegna,Bridget Fonda,7.6,"1970s, family relationships, mob hit, opera, repeating history",English
Elizabethtown,2005.0,Comedy Drama Romance,Cameron Crowe,Orlando Bloom,Kirsten Dunst,Judy Greer,6.4,"flight, flight attendant, kentucky, shoes, travel",English
"You, Me and Dupree",2006.0,Comedy Romance,Anthony Russo,Todd Stashwick,Billy Gardell,Amanda Detmer,5.6,"best friend, foot fetish, houseguest, newlywed, wedding",English
Superman II,1980.0,Action Adventure Romance Sci-Fi,Richard Lester,Margot Kidder,Ned Beatty,Jackie Cooper,6.8,"alien invasion, based on comic book, flying superhero, phantom zone, revenge",English
Gigli,2003.0,Comedy Crime Romance,Martin Brest,Todd Giebenhain,Lenny Venito,David Backus,2.4,"gangster, hospital, lesbian, mob, thug",English
All the King's Men,2006.0,Drama Thriller,Steven Zaillian,Kate Winslet,Anthony Hopkins,Kevin Dunn,6.2,"governor, journalist, louisiana, mistress, politician",English
Shaft,2000.0,Action Crime Thriller,John Singleton,Christian Bale,Vanessa Williams,Daniel von Bargen,5.9,"blaxploitation, detective, drugs, shaft, trial",English
Anastasia,1997.0,Adventure Animation Drama Family Fantasy Musical Mystery Romance,Don Bluth,Kirsten Dunst,Kelsey Grammer,Bernadette Peters,7.1,"amnesia, reference to anastasia romanov, romanov, russia, russian revolution",English
Moulin Rouge!,2001.0,Drama Musical Romance,Baz Luhrmann,Jim Broadbent,Kylie Minogue,Richard Roxburgh,7.6,"death of main character, eiffel tower paris, jealousy, tragedy, two suitors",English
Domestic Disturbance,2001.0,Crime Mystery Thriller,Harold Becker,Steve Buscemi,Teri Polo,Matt O'Leary,5.5,"amateur detective, boat builder, boy, stepfather, witness",English
Black Mass,2015.0,Biography Crime Drama,Scott Cooper,Johnny Depp,Benedict Cumberbatch,Adam Scott,7.0,"based on true story, boston massachusetts, fbi agent, gangster, true crime",English
Flags of Our Fathers,2006.0,Drama History War,Clint Eastwood,Paul Walker,Chris Bauer,Tom McCarthy,7.1,"imperial japan, japan, japanese army, japanese soldier, world war two",English
Law Abiding Citizen,2009.0,Crime Drama Thriller,F. Gary Gray,Gerard Butler,Leslie Bibb,Michael Kelly,7.4,"attorney, deal, district attorney, investigation, justice",English
Grindhouse,2007.0,Action Horror Thriller,Robert Rodriguez,Quentin Tarantino,Rosario Dawson,Zoë Bell,7.6,"anthropophagus, blood and gore, double feature, real twins playing twins, zombie",English
Beloved,1998.0,Drama History Horror,Jonathan Demme,Oprah Winfrey,Kimberly Elise,Hill Harper,5.9,"farm, freedom, ohio, slavery, spirit",English
Lucky You,2007.0,Drama Romance Sport,Curtis Hanson,Robert Downey Jr.,Robert Duvall,Kelvin Han Yee,5.9,"losing, poker, poker player, reference to frederic chopin, reference to johannes brahms",English
Catch Me If You Can,2002.0,Biography Crime Drama,Steven Spielberg,Leonardo DiCaprio,Tom Hanks,Jennifer Garner,8.0,"attorney, cat and mouse, fbi, pan am, pilot",English
Zero Dark Thirty,2012.0,Drama History Thriller,Kathryn Bigelow,Jennifer Ehle,Harold Perrineau,Parker Sawyers,7.4,"al qaeda, cia, interrogation, lie, navy seal",English
The Break-Up,2006.0,Comedy Drama Romance,Peyton Reed,Jon Favreau,John Michael Higgins,Ann-Margret,5.8,"art, break up, football video game, kitchen, talking to one's self in a mirror",English
Mamma Mia!,2008.0,Comedy Family Musical Romance,Phyllida Lloyd,Colin Firth,Meryl Streep,Julie Walters,6.3,"bride, greece, island, mediterranean, wedding",English
Valentine's Day,2010.0,Comedy Romance,Garry Marshall,Bradley Cooper,Taylor Lautner,Anne Hathaway,5.7,"flower, indian restaurant, tv station, valentine, valentine's day",English
The Dukes of Hazzard,2005.0,Action Adventure Comedy,Jay Chandrasekhar,Alice Greczyn,Jessica Simpson,Michael Weston,5.1,"1969 dodge charger, bikini, farm, misogynist, tow truck",English
The Thin Red Line,1998.0,Drama War,Terrence Malick,Nick Stahl,Miranda Otto,Dash Mihok,7.6,"battle, hill, jungle, multiple perspectives, tropical island",English
The Change-Up,2011.0,Comedy Fantasy,David Dobkin,Ryan Reynolds,Olivia Wilde,Mircea Monroe,6.4,"best friend, fountain, law firm, lawyer, sex",English
Man on the Moon,1999.0,Biography Comedy Drama,Milos Forman,Matt Price,Gerry Becker,Tom Dreesen,7.4,"andy kaufman, comedian, eccentric, wrestler, wrestling",English
Casino,1995.0,Biography Crime Drama,Martin Scorsese,Robert De Niro,Don Rickles,Kevin Pollak,8.2,"car bomb, card cheat, cash, casino, gambling syndicate",English
From Paris with Love,2010.0,Action Thriller,Pierre Morel,Kasia Smutniak,Amber Rose Revah,Rebecca Dayan,6.5,"ambassador, cia, dinner, spy, terrorist",English
Bulletproof Monk,2003.0,Action Comedy Fantasy,Paul Hunter,Jaime King,Mako,Victoria Smurfit,5.5,"monastery, monk, scroll, tibetan, tibetan monk",English
"Me, Myself & Irene",2000.0,Comedy,Bobby Farrelly,Robert Forster,Tony Cox,Rob Moran,6.5,"dissociative identity disorder, limousine, multiple personality, police, rhode island",English
Barnyard,2006.0,Animation Comedy Family,Steve Oedekerk,Rob Paulsen,Wanda Sykes,Maurice LaMarche,5.6,"cow, farmer, howl, howling at the moon, vegetarian",English
Deck the Halls,2006.0,Comedy Family,John Whitesell,Matthew Broderick,Jorge Garcia,Alia Shawkat,4.9,"christmas, december, holiday, massachusetts, neighbor",English
The Twilight Saga: New Moon,2009.0,Adventure Drama Fantasy Romance,Chris Weitz,Robert Pattinson,Kristen Stewart,Taylor Lautner,4.6,"forks washington, protecting a woman, title same as book, vampire, werewolf",English
Shrek,2001.0,Adventure Animation Comedy Family Fantasy,Andrew Adamson,Kathleen Freeman,Chris Miller,Bobby Block,7.9,"donkey, fairy tale, ogre, princess, swamp",English
The Adjustment Bureau,2011.0,Romance Sci-Fi Thriller,George Nolfi,Matt Damon,Michael Kelly,Jon Stewart,7.1,"love at first sight, obscene finger gesture, rain, teleportation, three word title",English
Robin Hood: Prince of Thieves,1991.0,Action Adventure Drama Romance,Kevin Reynolds,Alan Rickman,Morgan Freeman,Michael Wincott,6.9,"balladeer, crusades, england, king, modern minstrel",English
Jerry Maguire,1996.0,Comedy Drama Romance Sport,Cameron Crowe,Tom Cruise,Kelly Preston,Bonnie Hunt,7.3,"agent, career, client, fiance, sports agent",English
Ted,2012.0,Comedy Fantasy,Seth MacFarlane,Mila Kunis,Seth MacFarlane,Tom Skerritt,7.0,"2010s, car accident, sex scene, teddy bear, testicle",English
As Good as It Gets,1997.0,Comedy Drama Romance,James L. Brooks,Lupe Ontiveros,Yeardley Smith,Shirley Knight,7.7,"dog, friendship, neighbor, unlikely friendship, writer",English
Patch Adams,1998.0,Biography Comedy Drama Romance,Tom Shadyac,Robin Williams,Philip Seymour Hoffman,Monica Potter,6.7,"doctor, hospital, mental institution, nurse, student",English
Anchorman 2: The Legend Continues,2013.0,Comedy,Adam McKay,Harrison Ford,Will Ferrell,Steve Carell,6.3,"fame, father son relationship, interracial kiss, interracial relationship, interracial sex",English
Mr. Deeds,2002.0,Comedy Romance,Steven Brill,Steve Buscemi,Adam Sandler,Peter Gallagher,5.8,"abbreviation in title, reporter, small town, sudden wealth, unknowing heir",English
Super 8,2011.0,Mystery Sci-Fi Thriller,J.J. Abrams,Joel Courtney,AJ Michalka,Zach Mills,7.1,"deputy, group of friends, time, train, train crash",English
Erin Brockovich,2000.0,Biography Drama,Steven Soderbergh,Julia Roberts,Albert Finney,Conchata Ferrell,7.3,"contamination, corporate crime, environmental issue, female protagonist, working single mother",English
How to Lose a Guy in 10 Days,2003.0,Comedy Romance,Donald Petrie,Matthew McConaughey,Adam Goldberg,Thomas Lennon,6.4,"advertising executive, diamond, magazine, party, wager",English
22 Jump Street,2014.0,Action Comedy Crime,Phil Lord,Channing Tatum,Craig Roberts,Amber Stevens West,7.1,"college, drugs, hidden camera, tattoo, undercover",English
Interview with the Vampire: The Vampire Chronicles,1994.0,Drama Fantasy Horror,Neil Jordan,Brad Pitt,Tom Cruise,Kirsten Dunst,7.6,"betrayal, dangerous friend, gothic, monster as victim, vampire",English
Yes Man,2008.0,Comedy Romance,Peyton Reed,Bradley Cooper,Zooey Deschanel,Danny Masterson,6.8,"best friend, dvd, girlfriend, loan, self help",English
Central Intelligence,2016.0,Action Comedy Crime,Rawson Marshall Thurber,Dwayne Johnson,Thomas Kretschmann,Megan Park,6.6,"accountant, blooper, espionage, facebook, high school reunion",English
Stepmom,1998.0,Comedy Drama,Chris Columbus,Julia Roberts,Liam Aiken,Herbert Russell,6.7,"attorney, cancer, custody, fashion photographer, photographer",English
Daddy's Home,2015.0,Comedy Family,Sean Anders,Will Ferrell,Linda Cardellini,Mark L. Young,6.1,"biological father, dad, drinking, product placement, wilhelm scream",English
Into the Woods,2014.0,Adventure Comedy Drama Fantasy Musical,Rob Marshall,Johnny Depp,Meryl Streep,Anna Kendrick,6.0,"based on stage musical, cinderella, little red riding hood, singing, witch",English
Inside Man,2006.0,Crime Drama Mystery Thriller,Spike Lee,Denzel Washington,James Ransone,Peter Gerety,7.6,"bank, detective, negotiation, police, robber",English
Payback,1999.0,Action Crime Drama Thriller,Brian Helgeland,Bill Duke,Deborah Kara Unger,William Devane,7.1,"anti hero, criminal, greed, prostitute, tough guy",English
Congo,1995.0,Action Adventure Mystery Sci-Fi,Frank Marshall,Dylan Walsh,Joe Don Baker,Grant Heslov,5.0,"captain, congo, expedition, laser, lost city",English
We Bought a Zoo,2011.0,Comedy Drama Family,Cameron Crowe,Scarlett Johansson,Matt Damon,Stephanie Szostak,7.1,"blocked road, father son relationship, love at first sight, teenage boy, zookeeper",English
Knowing,2009.0,Drama Mystery Sci-Fi Thriller,Alex Proyas,Nicolas Cage,Ben Mendelsohn,Chandler Canterbury,6.2,"disaster, end of the world, number, student, time capsule",English
Failure to Launch,2006.0,Comedy Romance,Tom Dey,Bradley Cooper,Matthew McConaughey,Zooey Deschanel,5.6,"friend, intervention, moving, secret, slacker",English
The Ring Two,2005.0,Horror Mystery,Hideo Nakata,Naomi Watts,Gary Cole,Sissy Spacek,5.4,"cartoon on tv, foreign language adaptation, second part, videotape, writer",English
"Crazy, Stupid, Love.",2011.0,Comedy Drama Romance,Glenn Ficarra,Ryan Gosling,Emma Stone,Steve Carell,7.4,"bar, divorce, friend, girl, male objectification",English
Garfield,2004.0,Animation Comedy Family Fantasy,Peter Hewitt,Bill Murray,Mark Christopher Lawrence,Michael Monks,5.0,"cat, dog, first part, lasagna, veterinarian",English
Christmas with the Kranks,2004.0,Comedy Family,Joe Roth,Jamie Lee Curtis,Cheech Marin,Jake Busey,5.2,"act of kindness, christmas, christmas eve, neighbor, vacation",English
Moneyball,2011.0,Biography Drama Sport,Bennett Miller,Philip Seymour Hoffman,Robin Wright,Brad Pitt,7.6,"baseball, meeting, statistics, strategy, voice over",English
Outbreak,1995.0,Action Drama Thriller,Wolfgang Petersen,Kevin Spacey,Morgan Freeman,Rene Russo,6.6,"disease, epidemic, monkey, quarantine, virus",English
Non-Stop,2014.0,Action Mystery Thriller,Jaume Collet-Serra,Liam Neeson,Nate Parker,Scoot McNairy,7.0,"air marshal, death, passenger, terrorist, transatlantic flight",English
Race to Witch Mountain,2009.0,Action Adventure Family Fantasy Sci-Fi Thriller,Andy Fickman,Dwayne Johnson,Billy Brown,Tom Everett Scott,5.7,"alien, military, mountain, spacecraft, ufo",English
V for Vendetta,2005.0,Action Drama Thriller,James McTeigue,Natalie Portman,Eddie Marsan,Rupert Graves,8.2,"dystopia, freedom, government, revolution, terrorist",English
Shanghai Knights,2003.0,Action Adventure Comedy,David Dobkin,Fann Wong,Anna-Louise Plowman,Georgina Chapman,6.2,"1880s, arrow, imperial seal, murder, revenge",English
Curious George,2006.0,Adventure Animation Comedy Family,Matthew O'Callaghan,Will Ferrell,Frank Welker,Alexander Gould,6.6,"hat, monkey, museum, shrine, yellow",English
Herbie Fully Loaded,2005.0,Adventure Comedy Family Fantasy Romance Sport,Angela Robinson,Scoot McNairy,Thomas Lennon,Cheryl Hines,4.7,"automobile racing, car, mechanic, nascar, street racing",English
Don't Say a Word,2001.0,Crime Drama Mystery Thriller,Gary Fleder,Oliver Platt,Jennifer Esposito,Conrad Goode,6.3,"mental institution, post traumatic stress, psychiatrist, vomiting, voyeur",English
Hansel & Gretel: Witch Hunters,2013.0,Action Fantasy Horror,Tommy Wirkola,Jeremy Renner,Derek Mears,Ingrid Bolsø Berdal,6.1,"bounty hunter, brother sister team, death of loved one, hansel and gretel, supernatural power",English
Unfaithful,2002.0,Drama Thriller,Adrian Lyne,Olivier Martinez,Erik Per Sullivan,Chad Lowe,6.7,"erotic thriller, infidelity, marital infidelity, unfaithfulness, wife's lover murdered by husband",English
I Am Number Four,2011.0,Action Adventure Sci-Fi Thriller,D.J. Caruso,Alex Pettyfer,Emily Wickersham,Reuben Langdon,6.1,"based on young adult novel, good versus evil, guardian, human alien, ohio",English
Syriana,2005.0,Drama Thriller,Stephen Gaghan,Matt Damon,Amr Waked,Kayvan Novak,7.0,"cia, hezbollah, lebanon, oil, prince",English
13 Hours,2016.0,Action Drama Thriller War,Michael Bay,Toby Stephens,James Badge Dale,David Costabile,7.4,"based on true story, cia agent, libya, mercenary, u.s. ambassador",English
The Book of Life,2014.0,Adventure Animation Comedy Family Fantasy Romance,Jorge R. Gutiérrez,Channing Tatum,Hector Elizondo,Ana de la Reguera,7.3,"afterlife, bullfight, bullfighting, love triangle, mexico",English
Firewall,2006.0,Crime Thriller,Richard Loncraine,Jimmy Bennett,Harrison Ford,Mary Lynn Rajskub,5.8,"architect, bank, cayman islands, meeting, murder",English
Absolute Power,1997.0,Action Crime Drama Thriller,Clint Eastwood,Clint Eastwood,Mark Margolis,Scott Glenn,6.7,"death, death of wife, murder, thief, violence",English
G.I. Jane,1997.0,Action Drama War,Ridley Scott,Viggo Mortensen,Demi Moore,John Michael Higgins,5.8,"feminism, hit in the crotch, kicked in the crotch, kicked in the testicles, navy",English
The Game,1997.0,Drama Mystery Thriller,David Fincher,Deborah Kara Unger,Armin Mueller-Stahl,Charles Martinet,7.8,"birthday, falling through a glass roof, game, hitchcockian, suicide",English
Silent Hill,2006.0,Adventure Horror Mystery,Christophe Gans,Radha Mitchell,Deborah Kara Unger,Alice Krige,6.6,"gothic, police, police officer, silent hill, sleepwalking",English
The Replacements,2000.0,Comedy Sport,Howard Deutch,Keanu Reeves,Jon Favreau,Faizon Love,6.5,"coach, football player, misfits, strike, sumo wrestler",English
American Reunion,2012.0,Comedy,Jon Hurwitz,Alyson Hannigan,Dania Ramirez,Natasha Lyonne,6.7,"bikini, female female kiss, high school reunion, outdoor sex, upskirt",English
The Negotiator,1998.0,Action Crime Drama Mystery Thriller,F. Gary Gray,Kevin Spacey,Michael Cudlitz,Siobhan Fallon Hogan,7.3,"hostage, innocence, murder, negotiator, police",English
Into the Storm,2014.0,Action Thriller,Steven Quale,Matt Walsh,Alycia Debnam-Carey,Scott Lawrence,5.8,"danger, graduation, storm, teenage boy, tornado",English
Beverly Hills Cop III,1994.0,Action Comedy Crime Thriller,John Landis,Louis Lombardi,Jon Tenney,Gilbert R. Hill,5.5,"california, counterfeit, counterfeit money, money, theme park",English
Gremlins 2: The New Batch,1990.0,Comedy Fantasy Horror,Joe Dante,Christopher Lee,Robert Picardo,Phoebe Cates,6.3,"gremlin, horror host, hulk hogan, monster, skyscraper",English
The Judge,2014.0,Crime Drama,David Dobkin,Robert Downey Jr.,Robert Duvall,Leighton Meester,7.4,"courtroom, dysfunctional family, indiana, lawyer, trial",English
The Peacemaker,1997.0,Action Thriller,Mimi Leder,Armin Mueller-Stahl,Holt McCallany,Marcel Iures,5.9,"nuclear explosion, nuclear weapon, russia, train, train crash",English
Resident Evil: Apocalypse,2004.0,Action Horror Sci-Fi Thriller,Alexander Witt,Milla Jovovich,Thomas Kretschmann,Mike Epps,6.2,"cover up, monster, strong female character, strong female lead, zombie apocalypse",English
Bridget Jones: The Edge of Reason,2004.0,Comedy Drama Romance,Beeban Kidron,Colin Firth,Jim Broadbent,Celia Imrie,5.9,"american actress playing british character, intern, prison, six word title, thailand",English
Out of Time,2003.0,Crime Drama Romance Thriller,Carl Franklin,Denzel Washington,Sanaa Lathan,John Billingsley,6.5,"cancer, florida, insurance, life insurance policy, small town",English
On Deadly Ground,1994.0,Action Adventure Thriller,Steven Seagal,Mike Starr,Joan Chen,Sven-Ole Thorsen,4.4,"environmental, murder, oil, oil spill, tribe",English
The Adventures of Sharkboy and Lavagirl 3-D,2005.0,Action Adventure Family Fantasy,Robert Rodriguez,Taylor Lautner,Kristin Davis,Taylor Dooley,3.5,"boy, bully, dream, dream sequence, planet",English
The Beach,2000.0,Adventure Drama Thriller,Danny Boyle,Leonardo DiCaprio,Virginie Ledoyen,Peter Youngblood Hills,6.6,"love, map, paradise, thailand, travel",English
Raising Helen,2004.0,Comedy Drama Romance,Garry Marshall,Amber Valletta,Felicity Huffman,Spencer Breslin,6.0,"fashion show, female protagonist, love, pastor, queens new york city",English
Ninja Assassin,2009.0,Action Crime Thriller,James McTeigue,Shô Kosugi,Ben Miles,Rain,6.4,"critically bashed, kung fu, martial artist, martial arts, ninja",English
For Love of the Game,1999.0,Drama Romance Sport,Sam Raimi,J.K. Simmons,Kelly Preston,Carmine Giovinazzo,6.5,"baseball, baseball movie, detroit tigers, perfect game, pitcher",English
Striptease,1996.0,Comedy Crime Drama Thriller,Andrew Bergman,Demi Moore,Rumer Willis,Paul Guilfoyle,4.3,"bouncer, breasts, congressman, private dancer, stripper",English
Marmaduke,2010.0,Comedy Family,Tom Dey,Emma Stone,Judy Greer,Steve Coogan,4.2,"dog, great dane, rivalry, talking animal, talking cat",English
Hereafter,2010.0,Drama Fantasy,Clint Eastwood,Matt Damon,Jay Mohr,Cécile De France,6.5,"death, france, near death experience, tsunami, twin brother",English
Murder by Numbers,2002.0,Crime Mystery Thriller,Barbet Schroeder,Ryan Gosling,Chris Penn,Agnes Bruckner,6.1,"disposing of a dead body, high school student, murder, sociopath, teenage boy",English
Assassins,1995.0,Action Crime Thriller,Richard Donner,Muse Watson,Sylvester Stallone,Kelly Rowan,6.3,"assassin, floppy disk, modem, rival, russian",English
Hannibal Rising,2007.0,Crime Drama Thriller,Peter Webber,Li Gong,Stephen Walters,Richard Brake,6.2,"aunt, cannibalism, faked death, medical student, revenge",English
The Story of Us,1999.0,Comedy Drama Romance,Rob Reiner,Bruce Willis,Tim Matheson,Rita Wilson,5.9,"four word title, husband wife relationship, male rear nudity, marriage, summer camp",English
The Host,2013.0,Action Adventure Romance Sci-Fi Thriller,Andrew Niccol,J.D. Evermore,Chandler Canterbury,Rachel Roberts,5.9,"alien, alien creature, body snatching, desert, parasite",English
Basic,2003.0,Action Crime Drama Mystery Thriller,John McTiernan,Connie Nielsen,Harry Connick Jr.,Tim Daly,6.5,"2000s, army, military crime, necklace yanked off, panama",English
Blood Work,2002.0,Action Crime Drama Mystery Thriller,Clint Eastwood,Clint Eastwood,Anjelica Huston,Rick Hoffman,6.4,"boat, heart transplant, murder, serial killer, sister",English
The International,2009.0,Action Crime Drama Mystery Thriller,Tom Tykwer,Naomi Watts,Brían F. O'Byrne,Armin Mueller-Stahl,6.5,"bank, chase, district attorney, interpol, murder",English
Escape from L.A.,1996.0,Action Adventure Sci-Fi Thriller,John Carpenter,Steve Buscemi,Valeria Golino,Michelle Forbes,5.7,"escape, island, los angeles california, machismo, president's daughter",English
The Iron Giant,1999.0,Action Adventure Animation Comedy Drama Family Sci-Fi,Brad Bird,Vin Diesel,Harry Connick Jr.,M. Emmet Walsh,8.0,"boy, friend, government agent, maine, robot",English
The Life Aquatic with Steve Zissou,2004.0,Adventure Comedy Drama,Wes Anderson,Bill Murray,Anjelica Huston,Matthew Gray Gubler,7.3,"expedition, oceanographer, sea, shark, team",English
Free State of Jones,2016.0,Action Biography Drama History War,Gary Ross,Matthew McConaughey,Donald Watkins,Jessica Collins,6.7,"american civil war, civil war, u.s. civil war",English
The Life of David Gale,2003.0,Crime Drama Thriller,Alan Parker,Kevin Spacey,Kate Winslet,Matt Craven,7.5,"activist, death, death row, murder, texas",English
Man of the House,2005.0,Action Comedy,Stephen Herek,Christina Milian,Vanessa Ferlito,Kelli Garner,5.4,"cheerleader, cheerleading movie, neo noir, neo western, texas ranger",English
Run All Night,2015.0,Action Crime Drama Thriller,Jaume Collet-Serra,Liam Neeson,Common,Bruce McGill,6.6,"death, drug dealer, limousine, limousine driver, one night",English
Eastern Promises,2007.0,Crime Mystery Thriller,David Cronenberg,Viggo Mortensen,Naomi Watts,Raza Jaffrey,7.7,"male pubic hair, pubic hair, russian, sex scene, turkish bath",English
Into the Blue,2005.0,Action Adventure Crime Thriller,John Stockwell,Paul Walker,James Frain,Ashley Scott,5.8,"bahamas, blood splatter, cocaine, hairy chest, shark",English
The Messenger: The Story of Joan of Arc,1999.0,Adventure Biography Drama History War,Luc Besson,Paul Brooke,David Bailie,Rab Affleck,6.4,"cathedral, dauphin, france, trial, wartime rape",English
Your Highness,2011.0,Adventure Comedy Fantasy,David Gordon Green,Natalie Portman,Zooey Deschanel,James Franco,5.6,"knight, prince, quest, rescue, thong bikini",English
Dream House,2011.0,Drama Mystery Thriller,Jim Sheridan,Naomi Watts,Gregory Smith,Sarah Gadon,6.0,"closet, father daughter relationship, psychiatric hospital, real life sisters playing sisters, train",English
Mad City,1997.0,Crime Drama Thriller,Costa-Gavras,Mia Kirshner,Blythe Danner,William Atherton,6.2,"hostage, museum, natural history museum, news reporter, reporter",English
Baby's Day Out,1994.0,Adventure Comedy Crime Drama Family,Patrick Read Johnson,Joe Mantegna,Lara Flynn Boyle,Cynthia Nixon,5.9,"baby, baby boy, kidnapping, kidnapping a child, taxi",English
The Scarlet Letter,1995.0,Drama Romance,Roland Joffé,Gary Oldman,Robert Duvall,Demi Moore,5.1,"17th century, adultery, letter, pubic hair, swimming",English
Fair Game,2010.0,Biography Drama Thriller,Doug Liman,Naomi Watts,Ty Burrell,Brooke Smith,6.8,"bush administration, cia, interview, iraq, new york times",English
Domino,2005.0,Action Biography Crime Drama Thriller,Tony Scott,Ian Ziering,Mo'Nique,Edgar Ramírez,6.0,"bounty hunter, fbi, female bounty hunter, female nudity, reality show",English
Jade,1995.0,Crime Drama Thriller,William Friedkin,Michael Biehn,Chazz Palminteri,Linda Fiorentino,5.1,"blackmail, investigation, murder, panties pulled down, prostitution",English
Gamer,2009.0,Action Sci-Fi Thriller,Mark Neveldine,Gerard Butler,Logan Lerman,Alison Lohman,5.8,"battle, convict, death, mind control, role playing",English
Beautiful Creatures,2013.0,Drama Fantasy Romance,Richard LaGravenese,Alden Ehrenreich,Zoey Deutch,Pruitt Taylor Vince,6.2,"dream, escape, magic, magic spell, small town",English
Death to Smoochy,2002.0,Comedy Crime Drama Thriller,Danny DeVito,Robin Williams,Vincent Schiavelli,Danny Woodburn,6.4,"children, children's tv show, money, revenge, scandal",English
Zoolander 2,2016.0,Comedy,Ben Stiller,Milla Jovovich,Will Ferrell,Justin Theroux,4.8,"chosen one, fashion, fashion model, model, retired",English
The Big Bounce,2004.0,Comedy Crime,George Armitage,Morgan Freeman,Andrew Wilson,Willie Nelson,4.9,"breasts, consensual sex, female nudity, judge, surfer",English
What Planet Are You From?,2000.0,Comedy Sci-Fi,Mike Nichols,Judy Greer,Linda Fiorentino,Garry Shandling,5.6,"alien, baby, banker, pregnancy, question in title",English
Drive Angry,2011.0,Action Fantasy Thriller,Patrick Lussier,Nicolas Cage,Billy Burke,Katy Mixon,5.5,"baby, cult, oklahoma, sex scene, waitress",English
Street Fighter: The Legend of Chun-Li,2009.0,Action Crime Drama Mystery Thriller,Andrzej Bartkowiak,Chris Klein,Robin Shou,Josie Ho,3.7,"chun li, crime fighter, gangster, mobster, rescue",English
The One,2001.0,Action Sci-Fi Thriller,James Wong,Jason Statham,Jet Li,Delroy Lindo,5.9,"fight, multiverse, police, police officer, prison",English
The Adventures of Ford Fairlane,1990.0,Action Adventure Comedy Crime Music Mystery,Renny Harlin,Lauren Holly,Gilbert Gottfried,David Patrick Kelly,6.3,"detective, groupie, murder, music industry, rock n roll",English
Pirate Radio,2009.0,Comedy Drama Music,Richard Curtis,Philip Seymour Hoffman,Charlie Rowe,Tom Sturridge,7.4,"inspired by radio program, inspired by true events, pirate broadcasting, pirate radio, pirate radio station",English
Traffic,2000.0,Crime Drama Thriller,Steven Soderbergh,Michael O'Neill,Jacob Vargas,James Lew,7.6,"cocaine, drug smuggling, interlinked stories, judge, mexico",English
Indiana Jones and the Last Crusade,1989.0,Action Adventure Fantasy,Steven Spielberg,Harrison Ford,Julian Glover,Alison Doody,8.3,"castle, diary, holy grail, map, nazi",English
Anna Karenina,2012.0,Drama Romance,Joe Wright,Kelly Macdonald,Guro Nagelhus Schia,Matthew Macfadyen,6.6,"dance, infidelity, marriage, russia, russian",English
Chappie,2015.0,Action Crime Drama Sci-Fi Thriller,Neill Blomkamp,Hugh Jackman,Sharlto Copley,Jose Pablo Cantillo,6.9,"artificial intelligence, consciousness, future, mind uploading, robot",English
The Bone Collector,1999.0,Crime Drama Mystery Thriller,Phillip Noyce,Denzel Washington,Angelina Jolie Pitt,Leland Orser,6.7,"new york city, police, quadriplegic, serial killer, suicide",English
Panic Room,2002.0,Crime Drama Thriller,David Fincher,Kristen Stewart,Dwight Yoakam,Mel Rodriguez,6.8,"brownstone, burglar, money, panic, panic room",English
The Tooth Fairy,2006.0,Horror Thriller,Chuck Bowman,P.J. Soles,Lochlyn Munro,Steve Bacic,4.6,"bare breasts, genital dismemberment, mulching someone, tooth fairy, woodchipper",English
Three Kings,1999.0,Action Adventure Comedy Drama War,David O. Russell,Judy Greer,Jamie Kennedy,Mykelti Williamson,7.1,"gold, gulf war, iraq, kuwait, map",English
Child 44,2015.0,Crime Drama Thriller,Daniel Espinosa,Tom Hardy,Fares Fares,Michael Nardone,6.4,"child murderer, murder, sex, soviet union, woman slaps a man",English
Rat Race,2001.0,Adventure Comedy,Jerry Zucker,Corinna Harney,Douglas Haase,Vince Vieluf,6.4,"casino, locker, money, museum, race",English
K-PAX,2001.0,Drama Mystery Sci-Fi,Iain Softley,Kevin Spacey,Jeff Bridges,Alfre Woodard,7.4,"extraterrestrial, hospital, patient, planet, science",English
Kate & Leopold,2001.0,Comedy Fantasy Romance,James Mangold,Hugh Jackman,Natasha Lyonne,Bradley Whitford,6.4,"bridge, brooklyn bridge, falling down an elevator shaft, time travel, time travel romance",English
Bedazzled,2000.0,Comedy Fantasy Romance,Harold Ramis,Brendan Fraser,Frances O'Connor,Brian Doyle-Murray,6.0,"contract, devil, dream, soul, wish",English
The Cotton Club,1984.0,Crime Drama Music,Francis Ford Coppola,Nicolas Cage,Bob Hoskins,Fred Gwynne,6.5,"brothers hugging, jazz, jealousy, nudity, parole violation",English
3:10 to Yuma,2007.0,Adventure Crime Drama Western,James Mangold,Christian Bale,Logan Lerman,Gretchen Mol,7.8,"outlaw, rancher, small western town, stagecoach, train",English
Taken 3,2014.0,Action Thriller,Olivier Megaton,Liam Neeson,Dougray Scott,Jon Gries,6.0,"betrayal, death, final showdown, murder, on the run",English
Out of Sight,1998.0,Crime Drama Romance Thriller,Steven Soderbergh,Don Cheadle,Albert Brooks,Keith Hudson,7.0,"heist, neo noir, one last job, opposites attract, u.s. marshal",English
The Cable Guy,1996.0,Comedy Drama Thriller,Ben Stiller,Matthew Broderick,Janeane Garofalo,Andy Dick,6.0,"cable guy, foreplay, friend, kissing, television",English
Earth,1998.0,Drama Romance War,Deepa Mehta,Nandita Das,Gulshan Grover,Eric Peterson,7.8,"friend, hindu, india, muslim, sikh",Hindi
Dick Tracy,1990.0,Action Comedy Crime Music Romance Thriller,Warren Beatty,Charlie Korsmo,Warren Beatty,Seymour Cassel,6.1,"crime boss, detective, dick tracy, gangster, orphan",English
The Thomas Crown Affair,1999.0,Crime Romance Thriller,John McTiernan,Mark Margolis,Faye Dunaway,Denis Leary,6.8,"art, insurance investigator, martinique, painting, trust",English
Riding in Cars with Boys,2001.0,Biography Comedy Drama,Penny Marshall,Rosie Perez,Adam Garcia,Alissa Dean,6.4,"boy, college, heroin, working class, writer",English
First Blood,1982.0,Action Adventure Drama,Ted Kotcheff,Sylvester Stallone,Brian Dennehy,Chris Mulkey,7.7,"1980s, colonel, deputy, rambo, sheriff",English
Solaris,1972.0,Drama Mystery Sci-Fi,Andrei Tarkovsky,Donatas Banionis,Anatoliy Solonitsyn,Natalya Bondarchuk,8.1,"hallucination, ocean, psychologist, scientist, space station",Russian
Happily N'Ever After,2006.0,Adventure Animation Comedy Family Fantasy,Paul Bolger,Sarah Michelle Gellar,George Carlin,Rob Paulsen,4.5,"apostrophe in title, cinderella, first of series, punctuation in title, three word title",English
Mary Reilly,1996.0,Drama Horror Romance Thriller,Stephen Frears,Julia Roberts,Bronagh Gallagher,George Cole,5.8,"19th century, butler, housemaid, laboratory, servant",English
My Best Friend's Wedding,1997.0,Comedy Romance,P.J. Hogan,Julia Roberts,Christopher Masterson,Rupert Everett,6.3,"best friend, chick flick, male female friendship, promise, wedding",English
America's Sweethearts,2001.0,Comedy Romance,Joe Roth,Julia Roberts,Rainn Wilson,Larry King,5.7,"actor, love, movie star, press, publicist",English
Insomnia,2002.0,Drama Mystery Thriller,Christopher Nolan,Al Pacino,Maura Tierney,Crystal Lowe,7.2,"detective, insomnia, murder, partner, police",English
Star Trek: First Contact,1996.0,Action Adventure Drama Sci-Fi Thriller,Jonathan Frakes,LeVar Burton,Alfre Woodard,Jonathan Frakes,7.6,"21st century, borg, borg sphere, captain, sphere",English
Jonah Hex,2010.0,Action Drama Fantasy Thriller Western,Jimmy Hayward,Michael Fassbender,Billy Blair,Julia Jones,4.7,"confederate, death, independence day, military, terrorist",English
Courage Under Fire,1996.0,Action Drama Mystery Thriller War,Edward Zwick,Denzel Washington,Matt Damon,Scott Glenn,6.6,"bravery, honor, medal of honor, military life, unreliable flashback",English
Liar Liar,1997.0,Comedy Fantasy Romance,Tom Shadyac,Maura Tierney,Swoosie Kurtz,Randall 'Tex' Cobb,6.8,"birthday, birthday wish, father disappoints child, lie, workaholic",English
Inchon,1981.0,Drama History War,Terence Young,Laurence Olivier,Ben Gazzara,Jacqueline Bisset,2.7,"1950s, douglas macarthur, general, inchon, invasion",English
The Flintstones,1994.0,Comedy Family Fantasy,Brian Levant,Jonathan Winters,Elizabeth Perkins,Harvey Korman,4.8,"1000000 b.c., box office hit, lawn mowing, product placement, stone age",English
Taken 2,2012.0,Action Crime Thriller,Olivier Megaton,Liam Neeson,Luke Grimes,D.B. Sweeney,6.3,"albanian, revenge, revenge motive, teenage daughter, vacation",English
Scary Movie 3,2003.0,Comedy,David Zucker,Regina Hall,Pamela Anderson,Jenny McCarthy,5.5,"crop circle, farm, orchestral music score, reference to michael jackson, videotape",English
Miss Congeniality,2000.0,Action Comedy Crime Romance,Donald Petrie,Candice Bergen,Wendy Raquel Robinson,Heather Burns,6.2,"beauty pageant, fbi, female agent, pageant, undercover",English
Journey to the Center of the Earth,2008.0,Action Adventure Family Fantasy Sci-Fi,Eric Brevig,Josh Hutcherson,Brendan Fraser,Anita Briem,5.8,"cave, lost world, missing brother, mountain, venus flytrap",English
The Princess Diaries 2: Royal Engagement,2004.0,Comedy Family Romance,Garry Marshall,Anne Hathaway,Raven-Symoné,Hector Elizondo,5.7,"coronation, horse, princess, queen, side saddle",English
The Pelican Brief,1993.0,Crime Drama Mystery Thriller,Alan J. Pakula,Denzel Washington,Julia Roberts,Tony Goldwyn,6.5,"college professor, fbi, president, professor, supreme court",English
The Client,1994.0,Crime Drama Mystery Thriller,Joel Schumacher,Bradley Whitford,Anthony LaPaglia,Brad Renfro,6.7,"boy, brother, lawyer, mafia, senator",English
The Bucket List,2007.0,Adventure Comedy Drama,Rob Reiner,Morgan Freeman,Noel Gugliemi,Sean Hayes,7.4,"billionaire, friend, hospital, list, mechanic",English
Patriot Games,1992.0,Action Thriller,Phillip Noyce,Harrison Ford,Polly Walker,Patrick Bergin,6.9,"analyst, cia, ira, terrorist, terrorist attack",English
Monster-in-Law,2005.0,Comedy Romance,Robert Luketic,Adam Scott,Jane Fonda,Elaine Stritch,5.5,"breakdown, fight, mother in law, scheme, wedding",English
Prisoners,2013.0,Crime Drama Mystery Thriller,Denis Villeneuve,Hugh Jackman,Jake Gyllenhaal,Dylan Minnette,8.1,"child abduction, detective, investigation, police, sex offender",English
Training Day,2001.0,Crime Drama Thriller,Antoine Fuqua,Denzel Washington,Snoop Dogg,Tom Berenger,7.7,"lapd, narc, narcotics, title spoken by character, training",English
Galaxy Quest,1999.0,Adventure Comedy Sci-Fi,Dean Parisot,Alan Rickman,Enrico Colantoni,Robin Sachs,7.3,"alien, alien race, convention, fan, general",English
Scary Movie 2,2001.0,Comedy,Keenen Ivory Wayans,Natasha Lyonne,Veronica Cartwright,Andy Richter,5.2,"blow job, demon, exorcism, priest, professor",English
The Muppets,2011.0,Adventure Comedy Family Musical,James Bobin,Bill Cobbs,Eric Jacobson,Steve Whitmire,7.1,"bel air california, book, friends who live together, the muppets, tribute band",English
Blade,1998.0,Action Horror,Stephen Norrington,Sanaa Lathan,Traci Lords,Udo Kier,7.1,"1990s, blade, blood, vampire, vampire hunter",English
Coach Carter,2005.0,Drama Sport,Thomas Carter,Channing Tatum,Rick Gonzalez,Robert Ri'chard,7.2,"basketball, basketball coach, coach, contract, high school",English
Changing Lanes,2002.0,Drama Thriller,Roger Michell,Sydney Pollack,Matt Malloy,Bruce Altman,6.5,"car accident, feud, lawyer, revenge, road rage",English
Anaconda,1997.0,Action Adventure Horror Thriller,Luis Llosa,Frank Welker,Eric Stoltz,Kari Wuhrer,4.6,"amazon, anaconda, boat, jungle, snake",English
Coyote Ugly,2000.0,Comedy Drama Music Romance,David McNally,Adam Garcia,Tyra Banks,Izabella Miko,5.6,"girl in panties, lift skirt, sexual attraction, short shorts, songwriter",English
Love Actually,2003.0,Comedy Drama Romance,Richard Curtis,Colin Firth,Liam Neeson,Kris Marshall,7.7,"aging rocker, christmas, love at first sight, minister, prime minister",English
A Bug's Life,1998.0,Adventure Animation Comedy Family Fantasy,John Lasseter,Kevin Spacey,Madeline Kahn,John Ratzenberger,7.2,"ant, circus, grasshopper, misunderstanding, overhearing",English
From Hell,2001.0,Horror Mystery Thriller,Albert Hughes,Johnny Depp,Jason Flemyng,Ian Richardson,6.8,"freemason, jack the ripper, opium, prostitute, victorian era",English
The Specialist,1994.0,Action Crime Drama Romance Thriller,Luis Llosa,Sylvester Stallone,Rod Steiger,Emilio Estefan Jr.,5.4,"bomb, cia, explosive, explosives expert, miami florida",English
Tin Cup,1996.0,Comedy Drama Romance Sport,Ron Shelton,Don Johnson,Cheech Marin,Rene Russo,6.3,"driving range, golf, golfer, tournament, winnebago",English
"Yours, Mine and Ours",1968.0,Comedy Family,Melville Shavelson,Lucille Ball,Tom Bosley,Tim Matheson,7.2,"nurse, parent, sibling, widow, widower",English
Kicking & Screaming,2005.0,Comedy Family Romance Sport,Jesse Dylan,Josh Hutcherson,Will Ferrell,Robert Duvall,5.6,"book, child, slapstick comedy, soccer, suburb",English
The Hitchhiker's Guide to the Galaxy,2005.0,Adventure Comedy Sci-Fi,Garth Jennings,Zooey Deschanel,Kelly Macdonald,Thomas Lennon,6.8,"alien, friend, galaxy, hyperspace, spaceship",English
Fat Albert,2004.0,Comedy Family Fantasy Romance,Joel Zwick,Dania Ramirez,Nick Zano,Alice Greczyn,4.3,"animated sequence, junkyard, love, party, television",English
Resident Evil: Extinction,2007.0,Action Horror Sci-Fi Thriller,Russell Mulcahy,Milla Jovovich,Mike Epps,James Tumminia,6.3,"clone, convoy, crow, desert, satellite",English
Blended,2014.0,Comedy Romance,Frank Coraci,Bella Thorne,Adam Sandler,Joel McHale,6.5,"blind date, children, date, daughter, son",English
Last Holiday,2006.0,Adventure Comedy Drama,Wayne Wang,LL Cool J,Alicia Witt,Timothy Hutton,6.4,"chef, congressman, cook, hotel, senator",English
The River Wild,1994.0,Action Adventure Crime Thriller,Curtis Hanson,Meryl Streep,Glenn Morshower,William Lucking,6.3,"criminal, rafting, river, robber, white water rafting",English
The Indian in the Cupboard,1995.0,Drama Family Fantasy,Frank Oz,Steve Coogan,Vincent Kartheiser,David Keith,5.9,"best friend, birthday, boy, friend, magic",English
Savages,2012.0,Crime Drama Thriller,Oliver Stone,Demián Bichir,Shea Whigham,Gary Stretch,6.5,"arms tied overhead, damsel in distress, dea, marijuana, southern california",English
Cellular,2004.0,Action Crime Thriller,David R. Ellis,Richard Burgi,Valerie Cruz,Will Beinbrink,6.5,"cell phone, distress signal, family in danger, police, stealing a car",English
Johnny English,2003.0,Action Adventure Comedy,Peter Howitt,Kevin McNally,Natalie Imbruglia,Ben Miller,6.1,"british, crown jewels, explosion, funeral, spy",English
The Ant Bully,2006.0,Adventure Animation Comedy Family Fantasy,John A. Davis,Nicolas Cage,Meryl Streep,Julia Roberts,5.9,"ant, miniaturization, punishment, shrinking, sudden change in size",English
Dune,1984.0,Action Adventure Sci-Fi,David Lynch,Virginia Madsen,Jürgen Prochnow,José Ferrer,6.6,"desert planet, dune, giant worm, space travel, spice",English
Across the Universe,2007.0,Drama Fantasy Musical Romance,Julie Taymor,Jim Sturgess,T.V. Carpio,Robert Clohessy,7.4,"anti war, liverpool, love, protest, song",English
Revolutionary Road,2008.0,Drama Romance,Sam Mendes,Leonardo DiCaprio,Kate Winslet,Joe Komara,7.3,"based on novel, children, connecticut, suburb, work",English
16 Blocks,2006.0,Action Crime Drama Thriller,Richard Donner,Bruce Willis,David Zayas,Sasha Roiz,6.6,"alcoholic, courthouse, detective, jail, witness",English
Babylon A.D.,2008.0,Action Adventure Sci-Fi Thriller,Mathieu Kassovitz,Vin Diesel,Charlotte Rampling,David Belle,5.6,"box office flop, convent, mercenary, new york, pregnant",English
The Glimmer Man,1996.0,Action Comedy Crime Drama Thriller,John Gray,Alexa PenaVega,Bob Gunton,Keenen Ivory Wayans,5.3,"detective, heavy rain, murder, partner, serial killer",English
Multiplicity,1996.0,Comedy Romance Sci-Fi,Harold Ramis,John de Lancie,Brian Doyle-Murray,Obba Babatundé,6.0,"clone, cloning, construction, same actor playing two characters simultaneously on screen, year 1996",English
Aliens in the Attic,2009.0,Adventure Comedy Family Fantasy Sci-Fi,John Schultz,Malese Jow,Carter Jenkins,Tim Meadows,5.4,"alien, attic, boyfriend, mind control, nintendo ds",English
The Pledge,2001.0,Crime Drama Mystery Thriller,Sean Penn,Costas Mandylor,Adrien Dorval,Nels Lennarson,6.8,"nevada, pledge, police, porcupine, search",English
The Producers,2005.0,Comedy Musical,Susan Stroman,Jon Lovitz,Will Ferrell,Matthew Broderick,6.4,"accountant, money, opening night, scheme, swedish",English
Dredd,2012.0,Action Sci-Fi,Pete Travis,Wood Harris,Jason Cope,Rakie Ayola,7.1,"brutality, dark humor, female antagonist, female warrior, post apocalypse",English
The Phantom,1996.0,Action Adventure Comedy Fantasy,Simon Wincer,Cary-Hiroyuki Tagawa,Treat Williams,Kristy Swanson,4.9,"ghost, new york city, phantom, skull, superhero",English
All the Pretty Horses,2000.0,Drama Romance Western,Billy Bob Thornton,Matt Damon,Henry Thomas,Sam Shepard,5.8,"1940s, cowboy, mexico, railway station, texas",English
Nixon,1995.0,Biography Drama History,Oliver Stone,Anthony Hopkins,Bob Hoskins,Joan Allen,7.1,"courtship, election, paranoia, president, quaker",English
The Ghost Writer,2010.0,Mystery Thriller,Roman Polanski,Jim Belushi,Olivia Williams,Timothy Hutton,7.2,"british prime minister, death, island, memoir, writer",English
Deep Rising,1998.0,Action Adventure Horror Sci-Fi,Stephen Sommers,Djimon Hounsou,Jason Flemyng,Wes Studi,6.0,"creature feature, hijacker, ocean, ship, shot in the leg",English
Miracle at St. Anna,2008.0,Action Crime Drama Thriller War,Spike Lee,Joseph Gordon-Levitt,Omari Hardwick,Laz Alonso,6.0,"boy, german soldier, partisan, trapped, village",English
Curse of the Golden Flower,2006.0,Drama Romance,Yimou Zhang,Li Gong,Ye Liu,Man Li,7.0,"china, chrysanthemum, emperor, empress, prince",Mandarin
Bangkok Dangerous,2008.0,Action Crime Thriller,Danny Pang,Nicolas Cage,Charlie Yeung,James With,5.4,"deaf, hitman, nightclub, pickpocket, rules of profession",English
Big Trouble,2002.0,Comedy Crime Thriller,Barry Sonnenfeld,Zooey Deschanel,Janeane Garofalo,Omar Epps,6.5,"airport, fbi agent, person in a car trunk, suitcase, suitcase bomb",English
Love in the Time of Cholera,2007.0,Drama Romance,Mike Newell,Marcela Mar,Giovanna Mezzogiorno,Unax Ugalde,6.4,"19th century, colombia, love, marriage, widow",English
Shadow Conspiracy,1997.0,Action Thriller,George P. Cosmatos,Sam Waterston,Ben Gazzara,Nicholas Turturro,4.9,"american president, assassin, conspiracy, president, white house",English
Johnny English Reborn,2011.0,Action Adventure Comedy Crime,Oliver Parker,Daniel Kaluuya,Tim McInnerny,Togo Igawa,6.3,"assassin, chinese, conspiracy, gadget, premier",English
Foodfight!,2012.0,Action Animation Comedy Family Fantasy,Lawrence Kasanoff,Jerry Stiller,Larry Miller,Harvey Fierstein,1.7,"femme fatale, food, pun, supermarket, troubled production",English
Argo,2012.0,Biography Drama History Thriller,Ben Affleck,Clea DuVall,Scoot McNairy,Tate Donovan,7.7,"1970s, cia, f word, u.s. embassy, year 1979",English
The Fugitive,1993.0,Action Adventure Crime Drama Mystery Thriller,Andrew Davis,Harrison Ford,Daniel Roebuck,Sela Ward,7.8,"hospital, on the run, one armed man, surgeon, u.s. marshal",English
The Bounty Hunter,2010.0,Action Comedy Romance,Andy Tennant,Gerard Butler,Dorian Missick,Peter Greene,5.5,"bounty hunter, death, murder, police officer, reporter",English
Sleepers,1996.0,Crime Drama Thriller,Barry Levinson,Robert De Niro,Brad Pitt,Minnie Driver,7.5,"boy, guard, kicked in the crotch, prank, sexual abuse",English
Rambo: First Blood Part II,1985.0,Action Adventure Thriller War,George P. Cosmatos,Sylvester Stallone,Julia Nickson,Martin Kove,6.4,"1980s, mission, prison, rambo, vietnam",English
The Juror,1996.0,Drama Thriller,Brian Gibson,Joseph Gordon-Levitt,Demi Moore,Anne Heche,5.6,"breasts, mafia, sex scene, temple, woods",English
Pinocchio,1940.0,Animation Family Fantasy Musical,Norman Ferguson,Mel Blanc,Dickie Jones,Cliff Edwards,7.5,"boy, conscience, fairy, jiminy cricket, pinocchio",English
Heaven's Gate,1980.0,Adventure Drama Western,Michael Cimino,Jeff Bridges,Sam Waterston,Isabelle Huppert,6.8,"1890s, hired gun, immigrant, johnson county war, sheriff",English
Underworld: Evolution,2006.0,Action Adventure Fantasy Sci-Fi Thriller,Len Wiseman,Sophia Myles,Tony Curran,Derek Jacobi,6.8,"death, feud, forbidden love, vampire, werewolf",English
Victor Frankenstein,2015.0,Drama Horror Sci-Fi Thriller,Paul McGuigan,Daniel Radcliffe,Spencer Wilding,Daniel Mays,6.0,"assistant, experiment, frankenstein, medical student, scientist",English
Finding Forrester,2000.0,Drama,Gus Van Sant,F. Murray Abraham,Rob Brown,Michael Nouri,7.3,"basketball, mentor, new york, school, writing",English
28 Days,2000.0,Comedy Drama,Betty Thomas,Steve Buscemi,Viggo Mortensen,Elizabeth Perkins,6.0,"12 step program, box office hit, car accident, vomiting, wedding",English
Unleashed,2005.0,Action Crime Drama Thriller,Louis Leterrier,Morgan Freeman,Jet Li,Bob Hoskins,7.0,"collar, dog, fight, fighting, piano",English
The Sweetest Thing,2002.0,Comedy Romance,Roger Kumble,Judith Chapman,Lillian Adams,Chelsea Bond,5.1,"female removes her clothes, roommate, voyeur, voyeurism, wedding",English
The Firm,1993.0,Drama Mystery Thriller,Sydney Pollack,Tom Cruise,Holly Hunter,Wilford Brimley,6.8,"bar, fbi, law, law firm, lawyer",English
Charlie St. Cloud,2010.0,Drama Fantasy Romance,Burr Steers,Augustus Prew,Charlie Tahan,Valerie Tian,6.5,"brother brother relationship, death of brother, ghost, seeing dead people, talking with the dead",English
The Mechanic,2011.0,Action Crime Thriller,Simon West,Jason Statham,Tony Goldwyn,Mini Anden,6.6,"apprentice, disobeying orders, gas station, hitman, nightclub",English
21 Jump Street,2012.0,Action Comedy Crime,Phil Lord,Channing Tatum,Dax Flame,Rob Riggle,7.2,"narcotics, parody, police, remake, undercover cop",English
Notting Hill,1999.0,Comedy Drama Romance,Roger Michell,Julia Roberts,Clarke Peters,Dylan Moran,7.0,"actress, bookstore, friend, kiss, love",English
Chicken Run,2000.0,Adventure Animation Comedy Drama Family,Peter Lord,Imelda Staunton,Miranda Richardson,Julia Sawalha,7.0,"chicken, escape, farm, freedom, rooster",English
Along Came Polly,2004.0,Comedy Romance,John Hamburg,Philip Seymour Hoffman,Masi Oka,Debra Messing,5.9,"bride, friend, honeymoon, insurance, insurance company",English
Boomerang,1992.0,Comedy Drama Romance,Reginald Hudlin,John Witherspoon,Eartha Kitt,Geoffrey Holder,5.4,"advertising, battle of the sexes, dating, one word title, womanizer",English
The Heat,2013.0,Action Comedy Crime,Paul Feig,Michael Rapaport,William Xifaras,Demián Bichir,6.6,"drug lord, fbi, fbi agent, hospital, shot in the crotch",English
Cleopatra,1963.0,Biography Drama History Romance,Joseph L. Mankiewicz,Martin Landau,Richard Burton,Roddy McDowall,7.0,"cleopatra, egypt, epic, queen, roman empire",English
Here Comes the Boom,2012.0,Action Comedy Sport,Frank Coraci,Salma Hayek,Reggie Lee,Charice,6.5,"claim in title, high school, mixed martial arts, ultimate fighting championship, underdog",English
High Crimes,2002.0,Crime Drama Mystery Thriller,Carl Franklin,Morgan Freeman,Adam Scott,Bruce Davison,6.3,"defense lawyer, lawyer, marine, murder, villager",English
The Mirror Has Two Faces,1996.0,Comedy Drama Romance,Barbra Streisand,Jeff Bridges,Austin Pendleton,Mimi Rogers,6.5,"columbia university, lecture, marriage, professor, sex",English
The Mothman Prophecies,2002.0,Drama Horror Mystery Thriller,Mark Pellington,Debra Messing,Will Patton,David Eigenberg,6.5,"car accident, death of wife, mothman, point pleasant west virginia, urban legend",English
Brüno,2009.0,Comedy,Larry Charles,Bono,Elton John,Slash,5.8,"austrian, fame, fashion, gay lead character, mockumentary",English
Licence to Kill,1989.0,Action Adventure Thriller,John Glen,Robert Davi,Talisa Soto,Anthony Zerbe,6.6,"drug cartel, drug lord, james bond 007, personal vendetta, vengeance",English
Red Riding Hood,2011.0,Fantasy Horror Mystery Thriller,Catherine Hardwicke,Gary Oldman,Billy Burke,Virginia Madsen,5.4,"death, forest, love, werewolf, werewolf bite",English
15 Minutes,2001.0,Action Crime Drama Thriller,John Herzfeld,Robert De Niro,Charlize Theron,Kelsey Grammer,6.1,"criminal, detective, fire, homicide, media",English
Super Mario Bros.,1993.0,Adventure Comedy Family Fantasy Sci-Fi,Annabel Jankel,Bob Hoskins,Fisher Stevens,Fiona Shaw,4.0,"based on video game, dinosaur, king, mario, plumber",English
Lord of War,2005.0,Crime Drama Thriller,Andrew Niccol,Nicolas Cage,Jeremy Crutchley,Jared Burke,7.6,"1980s, arms dealer, immorality, ukrainian, warlord",English
Hero,2002.0,Action Adventure History,Yimou Zhang,Jet Li,Tony Chiu Wai Leung,Maggie Cheung,7.9,"china, flying, king, palace, sword",Mandarin
One for the Money,2012.0,Action Comedy Crime Romance Thriller,Julie Anne Robinson,Fisher Stevens,Debbie Reynolds,Patrick Fischler,5.3,"bail bond, bounty hunter, jeans, shot in the butt, title directed by female",English
The Interview,2014.0,Comedy,Evan Goldberg,James Franco,Randall Park,Anders Holm,6.6,"assassination attempt, communist dictatorship, dictator, exploding helicopter, finger bitten off",English
The Warrior's Way,2010.0,Action Fantasy Western,Sngmoo Lee,Tony Cox,Dong-gun Jang,Jed Brophy,6.3,"bullet time, explosion, knife throwing, throwing a knife, violence",English
Micmacs,2009.0,Action Comedy Crime,Jean-Pierre Jeunet,Omar Sy,Dany Boon,André Dussollier,7.2,"bullet, contortionist, gag humor, human cannonball, revenge",French
8 Mile,2002.0,Drama Music,Curtis Hanson,Mekhi Phifer,Omar Benson Miller,Evan Jones,7.0,"competition, contest, friend, self expression, white rapper",English
Animal Kingdom: Let's go Ape,2015.0,Adventure Animation Comedy Family,Jamel Debbouze,Jamel Debbouze,Youssef Hajdi,Mélissa Theuriau,4.9,"ape, computer animation, evolution, first person title, reference to louis de funes",French
A Knight's Tale,2001.0,Action Adventure Romance,Brian Helgeland,Heath Ledger,Rufus Sewell,Bérénice Bejo,6.9,"chaucer, jousting, knight, medieval times, tournament",English
The Medallion,2003.0,Action Comedy Fantasy,Gordon Chan,Julian Sands,Lee Evans,Anthony Chau-Sang Wong,5.2,"hong kong, interpol, medallion, ship, tough cop",English
The Sixth Sense,1999.0,Drama Mystery Thriller,M. Night Shyamalan,Bruce Willis,Haley Joel Osment,Olivia Williams,8.1,"able to see the dead, ghost, plot twist, psychic, surprise ending",English
Man on a Ledge,2012.0,Action Crime Thriller,Asger Leth,Robert Clohessy,Mandy Gonzalez,J. Smith-Cameron,6.6,"detective, diamond, hotel, police, rooftop",English
The Big Year,2011.0,Comedy,David Frankel,Joel McHale,Kevin Pollak,JoBeth Williams,6.2,"alaska, birding, competition, migration, storm",English
The Karate Kid,1984.0,Action Drama Family Sport,John G. Avildsen,Martin Kove,William Zabka,William Bassett,7.2,"apartment, bully, fight, karate, master",English
American Hustle,2013.0,Crime Drama,David O. Russell,Jennifer Lawrence,Christian Bale,Bradley Cooper,7.3,"based on true story, con artist, drunk wife, fbi investigation, scam",English
The Proposal,2009.0,Comedy Drama Romance,Anne Fletcher,Ryan Reynolds,Denis O'Hare,Craig T. Nelson,6.7,"alaska, deportation, father son relationship, male objectification, sitka alaska",English
Double Jeopardy,1999.0,Crime Mystery Thriller,Bruce Beresford,Bruce Greenwood,Annabeth Gish,Bruce Campbell,6.4,"blood, murder, sex scene, wrongful arrest, wrongful conviction",English
Back to the Future Part II,1989.0,Adventure Comedy Sci-Fi,Robert Zemeckis,Lea Thompson,Jeffrey Weissman,Thomas F. Wilson,7.8,"alternate timeline, same actor playing two characters simultaneously on screen, second part, year 2015, younger version of character",English
Lucy,2014.0,Action Sci-Fi Thriller,Luc Besson,Scarlett Johansson,Morgan Freeman,Amr Waked,6.4,"brain capacity, drugs, fictional drug, one woman army, tough girl",English
Fifty Shades of Grey,2015.0,Drama Romance,Sam Taylor-Johnson,Jennifer Ehle,Luke Grimes,Callum Rennie,4.1,"female frontal nudity, female nudity, perversion, sex scene, spanking",English
Spy Kids 3-D: Game Over,2003.0,Action Adventure Comedy Family Sci-Fi,Robert Rodriguez,Sylvester Stallone,Salma Hayek,Alexa PenaVega,4.1,"mission, spy, surfing, trapped, virtual reality",English
A Time to Kill,1996.0,Crime Drama Thriller,Joel Schumacher,Kevin Spacey,Matthew McConaughey,Oliver Platt,7.4,"african american, court, law, mississippi, trial",English
Cheaper by the Dozen,2003.0,Comedy Family,Shawn Levy,Tom Welling,Alyson Stoner,Bonnie Hunt,5.8,"9 year old, house, illinois, new job, vomiting",English
Lone Survivor,2013.0,Action Biography Drama Thriller War,Peter Berg,Jerry Ferrara,Scott Elrod,Dan Bilzerian,7.6,"courage, navy seal, outnumbered, shot multiple times, survival",English
A League of Their Own,1992.0,Comedy Drama Sport,Penny Marshall,Tom Hanks,Lori Petty,Rosie O'Donnell,7.2,"baseball, friend, oregon, rivalry, softball",English
The Conjuring 2,2016.0,Horror Mystery Thriller,James Wan,Javier Botet,Frances O'Connor,Robin Atkin Downes,7.8,"based on supposedly true story, house, paranormal investigating, psychic, second part",English
The Social Network,2010.0,Biography Drama,David Fincher,Andrew Garfield,Dustin Fitzsimons,Marcella Lentz-Pope,7.7,"competitiveness, creator, entrepreneur, facebook, intellectual property",English
He's Just Not That Into You,2009.0,Comedy Drama Romance,Ken Kwapis,Carmen Perez,Sabrina Revelle,Sachiko Ishida,6.4,"advertising, bar, dating, lingerie slip, six word title",English
Scary Movie 4,2006.0,Comedy,David Zucker,Beau Mirchoff,Carmen Electra,Regina Hall,5.1,"female nudity, male nudity, parody, reference to myspace, sequel",English
Scream 3,2000.0,Horror Mystery,Wes Craven,Kelly Rutherford,Roger Jackson,Nancy O'Dell,5.5,"death, ghostface, murder, scream, survivor",English
Back to the Future Part III,1990.0,Adventure Comedy Sci-Fi Western,Robert Zemeckis,Lea Thompson,Jeffrey Weissman,Thomas F. Wilson,7.4,"band, dog, letter, time machine, tombstone",English
Get Hard,2015.0,Comedy Crime,Etan Cohen,Will Ferrell,Alison Brie,Craig T. Nelson,6.0,"camera focus on female butt, gay bar, millionaire, singing in a car, two word title",English
Bram Stoker's Dracula,1992.0,Fantasy Horror Romance,Francis Ford Coppola,Keanu Reeves,Anthony Hopkins,Gary Oldman,7.5,"dracula, horror movie remake, maze, monster sex, vampire",English
Julie & Julia,2009.0,Biography Drama Romance,Nora Ephron,Meryl Streep,Mary Lynn Rajskub,Vanessa Ferlito,7.0,"american, blog, book, cook, cooking",English
42,2013.0,Biography Drama Sport,Brian Helgeland,Harrison Ford,Christopher Meloni,Nicole Beharie,7.5,"baseball, baseball player, brooklyn dodgers, major league baseball, racism",English
The Talented Mr. Ripley,1999.0,Crime Drama Thriller,Anthony Minghella,Philip Seymour Hoffman,Matt Damon,Jack Davenport,7.3,"1950s, italy, mistaken identity, nudity, sociopath",English
Dumb and Dumber To,2014.0,Comedy,Bobby Farrelly,Bill Murray,Kathleen Turner,Rob Riggle,5.7,"adoption, highway travel, road trip, sequel, stupidity",English
Eight Below,2006.0,Adventure Drama Family,Frank Marshall,Paul Walker,Bruce Greenwood,Wendy Crewson,7.3,"antarctica, dog, siberian husky, sled dog, survival",English
The Intern,2015.0,Comedy Drama,Nancy Meyers,Robert De Niro,Anne Hathaway,Rene Russo,7.2,"reference to ben affleck, reference to brad pitt, reference to george clooney, reference to jack nicholson, website",English
Ride Along 2,2016.0,Action Comedy,Tim Story,Olivia Munn,Nadine Velazquez,Bruce McGill,5.9,"computer hacker, crime boss, detective, drugs, wedding",English
The Last of the Mohicans,1992.0,Action Adventure Drama Romance War,Michael Mann,Wes Studi,Terry Kinney,Eric Schweig,7.8,"18th century, based on novel, colonel, french and indian war, revenge",English
Ray,2004.0,Biography Drama Music,Taylor Hackford,Bokeem Woodbine,Curtis Armstrong,Harry Lennix,7.7,"1950s, 1960s, racism, rhythm and blues, singer",English
Sin City,2005.0,Crime Thriller,Frank Miller,Rosario Dawson,Powers Boothe,Jason Douglas,8.1,"anthology, corruption, hearing characters thoughts, neo noir, night",English
Vantage Point,2008.0,Crime Drama Mystery Thriller,Pete Travis,Dennis Quaid,Edgar Ramírez,William Hurt,6.6,"explosion, multiple perspectives, president, secret service, shooting",English
"I Love You, Man",2009.0,Comedy Romance,John Hamburg,J.K. Simmons,Jon Favreau,Jane Curtin,7.1,"bromance, friend, gay brother, homosexual subtext, wedding",English
Shallow Hal,2001.0,Comedy Drama Fantasy Romance,Bobby Farrelly,Jason Alexander,Bruce McGill,Susan Ward,5.9,"dying, friend, inner beauty, love, self help guru",English
JFK,1991.0,Drama History Thriller,Oliver Stone,Sally Kirkland,Jay O. Sanders,Cheryl Penland,8.0,"death, gay slur, homosexuality, investigation, president",English
Big Momma's House 2,2006.0,Comedy Crime,John Whitesell,Chloë Grace Moretz,Nia Long,Marisol Nichols,4.6,"cheerleading, fbi, fbi agent, nanny, undercover",English
The Mexican,2001.0,Adventure Comedy Crime Romance,Gore Verbinski,J.K. Simmons,Brad Pitt,Julia Roberts,6.1,"curse, hostage, mexico, pistol, vomiting",English
Unbroken,2014.0,Biography Drama Sport War,Angelina Jolie Pitt,Finn Wittrock,Jack O'Connell,Alex Russell,7.2,"emaciation, male nudity, plane crash, prisoner of war, torture",English
17 Again,2009.0,Comedy Drama Family Fantasy Romance,Burr Steers,Matthew Perry,Hunter Parrish,Thomas Lennon,6.4,"adult as child, father son relationship, high school student, janitor, school",English
The Other Woman,2014.0,Comedy Romance,Nick Cassavetes,Don Johnson,Kate Upton,David Thornton,6.0,"beach house, blonde bombshell, cheating husband, revenge, wife meets mistress",English
The Final Destination,2009.0,Horror,David R. Ellis,Krista Allen,Andrew Fiscella,Shantel VanSanten,5.2,"attempted suicide, car crash, collapsing scaffold, overflowing bathtub, tooth knocked out",English
Bridge of Spies,2015.0,Drama History Thriller,Steven Spielberg,Tom Hanks,Mark Rylance,Amy Ryan,7.6,"cia, cold war, lawyer, negotiation, spy",English
Behind Enemy Lines,2001.0,Action Drama Thriller War,John Moore,Joaquim de Almeida,David Keith,Sam Jaeger,6.4,"battle, massacre, navigator, navy, rescue",English
Get Him to the Greek,2010.0,Comedy Music,Nicholas Stoller,Pink,Mario Lopez,Lino Facioli,6.4,"concert, drugs, recession, record company, rock star",English
Shall We Dance,2004.0,Comedy Drama Romance,Peter Chelsom,Lisa Ann Walter,Nick Cannon,Omar Benson Miller,6.1,"dance, dance competition, dance lesson, love, teacher",English
Small Soldiers,1998.0,Action Adventure Comedy Family Sci-Fi,Joe Dante,Kirsten Dunst,Denis Leary,Robert Picardo,6.1,"action figure, battle, computer, military, toy",English
Spawn,1997.0,Action Horror,Mark A.Z. Dippé,Michael Jai White,Frank Welker,Miko Hughes,5.2,"based on comic, based on comic book, dark hero, image comics, superhero",English
The Count of Monte Cristo,2002.0,Action Adventure Drama Romance Thriller,Kevin Reynolds,Henry Cavill,James Frain,Michael Wincott,7.7,"count, escape, island, revenge, sailor",English
The Lincoln Lawyer,2011.0,Crime Drama Thriller,Brad Furman,Matthew McConaughey,Margarita Levieva,Frances Fisher,7.3,"defense attorney, defense lawyer, lawyer, plot twist, prostitute",English
Unknown,2011.0,Action Mystery Thriller,Jaume Collet-Serra,Liam Neeson,Frank Langella,Aidan Quinn,6.9,"agriculture, airport, amnesia, nurse, scientist",English
The Prestige,2006.0,Drama Mystery Sci-Fi Thriller,Christopher Nolan,Christian Bale,Hugh Jackman,Scarlett Johansson,8.5,"illusion, magician, obsession, rivalry, secret",English
Horrible Bosses 2,2014.0,Comedy Crime,Sean Anders,Kevin Spacey,Christoph Waltz,Lindsay Sloane,6.3,"kidnapping, reference to franz beckenbauer, scene during end credits, second part, singing in a car",English
Escape from Planet Earth,2013.0,Adventure Animation Comedy Family Sci-Fi,Cal Brunker,Brendan Fraser,Paul Scheer,Jonathan Morgan Heit,5.9,"alien, cult film, mission control, product placement, rescue",English
Apocalypto,2006.0,Action Adventure Drama Thriller,Mel Gibson,Rudy Youngblood,Dalia Hernández,Jonathan Brewer,7.8,"jaguar, mayan, solar eclipse, tribe, village",Maya
The Living Daylights,1987.0,Action Adventure Thriller,John Glen,Joe Don Baker,Desmond Llewelyn,Art Malik,6.7,"british agent, defection, escape, kgb, soviet general",English
Predators,2010.0,Action Adventure Sci-Fi Thriller,Nimród Antal,Topher Grace,Alice Braga,Derek Mears,6.4,"kicked in the face, martial arts, punched in the face, strong female character, woman punching a man",English
Legal Eagles,1986.0,Comedy Crime Romance,Ivan Reitman,Brian Dennehy,Debra Winger,Roscoe Lee Browne,5.9,"judicial, judiciary, lawyer, murder, painting",English
Secret Window,2004.0,Mystery Thriller,David Koepp,Johnny Depp,Charles S. Dutton,Timothy Hutton,6.6,"adultery, extramarital affair, infidelity, unfaithfulness, writer",English
The Lake House,2006.0,Drama Fantasy Romance,Alejandro Agresti,Keanu Reeves,Dylan Walsh,Ebon Moss-Bachrach,6.8,"house, lake, letter, love across time, parallel time",English
The Skeleton Key,2005.0,Horror Mystery Thriller,Iain Softley,Gena Rowlands,Deneen Tyler,Joy Bryant,6.5,"attic, bound and gagged, hoodoo, secret, southern gothic",English
The Odd Life of Timothy Green,2012.0,Comedy Drama Family Fantasy,Peter Hedges,Jennifer Garner,Odeya Rush,Common,6.6,"dodgeball, portrait, soccer, soccer game, young love",English
Made of Honor,2008.0,Comedy Romance,Paul Weiland,Busy Philipps,Beau Garrett,Kevin Sussman,5.8,"friend, love, maid, maid of honor, marriage",English
Jersey Boys,2014.0,Biography Drama Music Musical,Clint Eastwood,Johnny Cannizzaro,Steve Schirripa,Scott Vance,6.9,"band, music group, musical quartet, singer, song",English
The Rainmaker,1997.0,Crime Drama Thriller,Francis Ford Coppola,Matt Damon,Dean Stockwell,Virginia Madsen,7.1,"courtroom, domestic violence, insurance company, lawyer, underdog",English
Gothika,2003.0,Horror Mystery Thriller,Mathieu Kassovitz,Robert Downey Jr.,Charles S. Dutton,Bernard Hill,5.8,"memory, murder, patient, psychiatrist, the devil",English
Amistad,1997.0,Drama History,Steven Spielberg,Anthony Hopkins,Morgan Freeman,Matthew McConaughey,7.2,"courtroom, mutiny, ship, slave ship, slave trade",English
Medicine Man,1992.0,Adventure Drama Romance,John McTiernan,Lorraine Bracco,José Wilker,Sean Connery,6.0,"cancer, environment, gas chromatograph, jungle, nature",English
Aliens vs. Predator: Requiem,2007.0,Action Horror Sci-Fi Thriller,Colin Strause,Sam Trammell,Johnny Lewis,Ian Whyte,4.7,"alien, escape, hunting, hybrid, predator",English
Ri¢hie Ri¢h,1994.0,Comedy Family,Donald Petrie,Macaulay Culkin,John Larroquette,Jonathan Hyde,5.2,"attempted murder, based on comic book, escape from prison, lost at sea, wealth",English
Autumn in New York,2000.0,Drama Romance,Joan Chen,J.K. Simmons,Sam Trammell,Elaine Stritch,5.5,"may december romance, new york, new york city, rockefeller center, title directed by female",English
Music and Lyrics,2007.0,Comedy Music Romance,Marc Lawrence,Brad Garrett,Scott Porter,Haley Bennett,6.5,"love, lyricist, singer, singing, song",English
Paul,2011.0,Adventure Comedy Sci-Fi,Greg Mottola,Bobby Lee,Nelson Ascencio,Jeremy Owen,7.0,"alien, geek, nerd, road trip, ufo",English
The Guilt Trip,2012.0,Comedy Drama,Anne Fletcher,Miriam Margolyes,Tom Virtue,Julene Renee,5.8,"cross country, love, mother son relationship, on the road, trip",English
Scream 4,2011.0,Horror Mystery,Wes Craven,Alison Brie,Aimee Teegarden,Shenae Grimes-Beech,6.2,"author, book, deputy, murder, sheriff",English
8MM,1999.0,Mystery Thriller,Joel Schumacher,Nicolas Cage,Chris Bauer,Anthony Heald,6.5,"investigation, obsession, private eye, private investigator, snuff film",English
The Doors,1991.0,Biography Drama Music Musical,Oliver Stone,Michael Wincott,Kevin Dillon,Kathleen Quinlan,7.2,"death, paris france, rock band, singer, the doors",English
Sex Tape,2014.0,Comedy,Jake Kasdan,James Wilcox,Randall Park,Nat Faxon,5.1,"sex in a car, sex video, sexual desire, sexuality, undressing",English
Hanging Up,2000.0,Comedy Drama,Diane Keaton,Adam Arkin,Celia Weston,Jesse James,4.7,"actress, clown costume, magazine, party planner, soap opera actress",English
Final Destination 5,2011.0,Horror,Steven Quale,Emma Bell,Jacqueline MacInnes Wood,Courtney B. Vance,5.9,"blood splatter, death, eyeball run over by car, latex gloves, suspension bridge",English
Mickey Blue Eyes,1999.0,Comedy Crime Romance,Kelly Makin,Jeanne Tripplehorn,Burt Young,Vincent Pastore,5.8,"auctioneer, fbi, mafia, mobster, painting",English
Pay It Forward,2000.0,Drama,Mimi Leder,Kevin Spacey,Haley Joel Osment,Angie Dickinson,7.2,"alcoholism, boy, good deed, protective male, teacher",English
Fever Pitch,2005.0,Comedy Drama Romance Sport,Bobby Farrelly,Jimmy Fallon,KaDee Strickland,Ione Skye,6.2,"baltimore orioles, boston red sox, promotion, ups, world series",English
Drillbit Taylor,2008.0,Comedy Drama,Steven Brill,Lisa Ann Walter,Shaun Weiss,Matt Walsh,5.7,"bodyguard, bully, generation y, high school, nerd",English
A Million Ways to Die in the West,2014.0,Comedy Western,Seth MacFarlane,Liam Neeson,Charlize Theron,Seth MacFarlane,6.1,"dancing sheep, fetish, musical scene, racial humor, snake poison",English
The Shadow,1994.0,Action Adventure Crime Fantasy Mystery Thriller,Russell Mulcahy,Jonathan Winters,Peter Boyle,John Kapelos,6.0,"1930s, bomb, city, invisibility, the shadow",English
Extremely Loud & Incredibly Close,2011.0,Adventure Drama Mystery,Stephen Daldry,Tom Hanks,Thomas Horn,Stephen Henderson,6.9,"fear, mourning, mute, quest, revelation",English
Morning Glory,2010.0,Comedy Drama Romance,Roger Michell,Noah Bean,Patti D'Arbanville,Vanessa Aspillaga,6.5,"job offer, roller coaster, slow motion action scene, slow motion sequence, television",English
Get Rich or Die Tryin',2005.0,Biography Crime Drama Music,Jim Sheridan,50 Cent,Bill Duke,Marc John Jefferies,5.0,"male frontal nudity, male pubic hair, prison, pubic hair, violence",English
The Art of War,2000.0,Action Adventure Crime Thriller,Christian Duguay,Michael Biehn,Cary-Hiroyuki Tagawa,Anne Archer,5.7,"blood splatter, fbi, murder, secretary general, united nations",English
Rent,2005.0,Drama Musical Romance,Chris Columbus,Rosario Dawson,David Fine,Jesse L. Martin,7.0,"aids, hiv positive, lawyer, new york city, roommate",English
Bless the Child,2000.0,Crime Drama Horror Thriller,Chuck Russell,Rufus Sewell,Jimmy Smits,Angela Bettis,5.1,"easter, fbi, luminol, nurse, omen",English
The Out-of-Towners,1999.0,Comedy,Sam Weisman,Oliver Hudson,Valerie Perri,Carlease Burke,5.3,"job interview, manhattan new york city, new york city, remake, sausage",English
The Island of Dr. Moreau,1996.0,Horror Sci-Fi Thriller,John Frankenheimer,Marlon Brando,Temuera Morrison,Marco Hofschneider,4.4,"animal experimentation, chimera, island, jungle, mutant",English
The Musketeer,2001.0,Action Adventure Romance,Peter Hyams,Catherine Deneuve,Justin Chambers,Stephen Rea,4.7,"guard, king, murder, musketeer, swordsman",English
The Other Boleyn Girl,2008.0,Biography Drama History Romance,Justin Chadwick,Natalie Portman,Scarlett Johansson,Benedict Cumberbatch,6.7,"children, court, king, king henry viii, love",English
Sweet November,2001.0,Drama Romance,Pat O'Connor,Keanu Reeves,Charlize Theron,Frank Langella,6.7,"advertising, cancer, dog, san francisco california, terminal illness",English
The Reaping,2007.0,Horror Thriller,Stephen Hopkins,Stephen Rea,Andrea Frankle,William Ragsdale,5.7,"biblical plague, louisiana, missionary, plague, small town",English
Mean Streets,1973.0,Crime Drama Romance Thriller,Martin Scorsese,Robert De Niro,David Carradine,David Proval,7.4,"bar, catholic guilt, epilepsy, italian american, money",English
Renaissance Man,1994.0,Comedy Drama,Penny Marshall,Ed Begley Jr.,Cliff Robertson,Lillo Brancato,6.1,"army, basic training, reference to shakespeare's hamlet, teacher, u.s. army",English
Colombiana,2011.0,Action Crime Drama Thriller,Olivier Megaton,Jordi Mollà,Callum Blue,Jesse Borrego,6.4,"female in a shower, female nudity, premarital sex, sex scene, woman wearing a miniskirt",English
The Magic Sword: Quest for Camelot,1998.0,Adventure Animation Comedy Drama Family Fantasy Musical,Frederik Du Chau,Gary Oldman,Jaleel White,Eric Idle,6.2,"camelot, dragon, excalibur, knight, sword",English
City by the Sea,2002.0,Crime Drama Mystery Thriller,Michael Caton-Jones,Robert De Niro,James Franco,John Doman,6.2,"beach, grandson, murder, new york city, police",English
At First Sight,1999.0,Drama Romance,Irwin Winkler,Mira Sorvino,Nathan Lane,Steven Weber,5.9,"based on article, blindness, box office flop, massage therapist, regaining sight",English
Torque,2004.0,Action Comedy Crime,Joseph Kahn,Dane Cook,Jay Hernandez,Christina Milian,4.0,"murder, on the run, security camera, surveillance footage, timebomb",English
City Hall,1996.0,Drama Thriller,Harold Becker,Al Pacino,Martin Landau,Bridget Fonda,6.2,"drug dealer, mayor, new york city, probation, scandal",English
Showgirls,1995.0,Drama,Paul Verhoeven,Bobbie Phillips,Elizabeth Berkley,Robert Davi,4.6,"cult film, lap dance, lap dancing, stripper, striptease",English
Marie Antoinette,2006.0,Biography Drama History Romance,Sofia Coppola,Kirsten Dunst,Shirley Henderson,Rip Torn,6.4,"austria, cake, france, queen, versailles",English
Kiss of Death,1995.0,Action Crime Thriller,Barbet Schroeder,Nicolas Cage,Michael Rapaport,Philip Baker Hall,5.9,"beard, female nudity, police brutality, stripper, woman in lingerie",English
Get Carter,2000.0,Action Crime Drama Thriller,Stephen Kay,Sylvester Stallone,Miranda Richardson,Lauren Lee Smith,5.1,"affair, car crash, enforcer, funeral, murder",English
The Impossible,2012.0,Drama Thriller,J.A. Bayona,Naomi Watts,Geraldine Chaplin,Oaklee Pendergast,7.6,"christmas, resort, thailand, tourist, tsunami",English
Ishtar,1987.0,Action Adventure Comedy Music Thriller,Elaine May,Carol Kane,Warren Beatty,Isabelle Adjani,4.2,"cia, emir, hotel, map, morocco",English
Fantastic Mr. Fox,2009.0,Adventure Animation Comedy Crime Family,Wes Anderson,Bill Murray,Meryl Streep,Helen McCrory,7.8,"cider, farm, farmer, fox, tale",English
Life or Something Like It,2002.0,Comedy Romance,Stephen Herek,Angelina Jolie Pitt,Stockard Channing,James Gammon,5.8,"football, homeless man, interview, psychic, reporter",English
Memoirs of an Invisible Man,1992.0,Comedy Romance Sci-Fi Thriller,John Carpenter,Richard Epcar,Michael McKean,Patricia Heaton,5.9,"accident, bar, chase, cia, laboratory",English
Amélie,2001.0,Comedy Romance,Jean-Pierre Jeunet,Mathieu Kassovitz,Jamel Debbouze,Isabelle Nanty,8.4,"cheerfulness, female protagonist, garden gnome, magical realism, waitress",French
New York Minute,2004.0,Comedy Crime Family Romance,Dennie Gordon,Mary-Kate Olsen,Bob Saget,Riley Smith,4.8,"dog, new york city, scholarship, senator, twin",English
Alfie,2004.0,Comedy Drama Romance,Charles Shyer,Omar Epps,Nia Long,Jane Krakowski,6.2,"best friend, commitment, friend, limousine driver, one night stand",English
Big Miracle,2012.0,Biography Drama Romance,Ken Kwapis,Ted Danson,Tim Blake Nelson,Andrew Daly,6.5,"arctic circle, reporter, small town, volunteer, whale",English
The Deep End of the Ocean,1999.0,Drama,Ulu Grosbard,Alexa PenaVega,Treat Williams,Jonathan Jackson,6.3,"basketball, boy, italian, kidnapping a child, reunion",English
Feardotcom,2002.0,Crime Horror Thriller,William Malone,Natascha McElhone,Jeffrey Combs,Udo Kier,3.3,"bondage gear, bound and gagged, hung by one's wrists, tied to a chair, tied to a table",English
Cirque du Freak: The Vampire's Assistant,2009.0,Action Adventure Fantasy Thriller,Paul Weitz,Josh Hutcherson,Salma Hayek,Patrick Fugit,5.9,"antidote, based on young adult novel, flyer, spider, vampire",English
Victor Frankenstein,2015.0,Drama Horror Sci-Fi Thriller,Paul McGuigan,Daniel Radcliffe,Spencer Wilding,Daniel Mays,6.0,"assistant, experiment, frankenstein, medical student, scientist",English
Duplex,2003.0,Comedy,Danny DeVito,Justin Theroux,Amber Valletta,Harvey Fierstein,5.8,"christmas, duplex, television, tenant, writer",English
Soul Men,2008.0,Comedy Drama Music,Malcolm D. Lee,Bernie Mac,Sean Hayes,Mike Epps,6.5,"band, masturbation, reunion, singer, tribute",English
Raise the Titanic,1980.0,Action Adventure Drama Thriller,Jerry Jameson,M. Emmet Walsh,Jason Robards,Anne Archer,4.7,"military, mineral, ocean, ship, titanic",English
Universal Soldier: The Return,1999.0,Action Sci-Fi,Mic Rodgers,Michael Jai White,Daniel von Bargen,Xander Berkeley,4.1,"combat, computer, general, military, reporter",English
Pandorum,2009.0,Action Horror Mystery Sci-Fi Thriller,Christian Alvart,Norman Reedus,Dennis Quaid,Eddie Rouse,6.8,"future, mission, space, spaceship, survival",English
Impostor,2001.0,Drama Mystery Sci-Fi Thriller,Gary Fleder,Gary Dourdan,Mekhi Phifer,Tim Guinee,6.2,"alien, android, bomb, future, weapon",English
Extreme Ops,2002.0,Action Adventure Thriller,Christian Duguay,Rufus Sewell,Bridgette Wilson-Sampras,Rupert Graves,4.5,"commercial, extreme sports, mountain, serbian, terrorist",English
Just Visiting,2001.0,Comedy Fantasy Sci-Fi,Jean-Marie Poiré,Bridgette Wilson-Sampras,Matt Ross,John Aylward,5.8,"alternate history, alternate timeline, flatulence, future time travel, time travel comedy",English
Sunshine,2007.0,Adventure Sci-Fi Thriller,Danny Boyle,Chris Evans,Benedict Wong,Troy Garity,7.3,"astronaut, earth, future, icarus, sun",English
A Thousand Words,2012.0,Comedy Drama,Brian Robbins,John Gatins,Lou Saliba,Greg Collins,5.9,"box office flop, buddhist, liar, literary agent, magical tree",English
Delgo,2008.0,Adventure Animation Comedy Fantasy Romance,Marc F. Adler,Eric Idle,Anne Bancroft,Kelly Ripa,4.4,"box office flop, computer animation, one word title, surrealism, villainess",English
The Gunman,2015.0,Action Crime Drama Mystery Thriller,Pierre Morel,Ray Winstone,Mark Rylance,Jasmine Trinca,5.8,"assassination, blood vomiting, death, hit squad, mercenary",English
Alex Rider: Operation Stormbreaker,2006.0,Action Adventure Family Thriller,Geoffrey Sax,Alex Pettyfer,Sophie Okonedo,Ashley Walters,5.1,"14 year old, british, gadget, spy, training",English
Disturbia,2007.0,Drama Mystery Thriller,D.J. Caruso,Sarah Roemer,Aaron Yoo,Jose Pablo Cantillo,6.9,"binoculars, electronic tag, house arrest, neighbor, watching someone",English
Hackers,1995.0,Comedy Crime Drama Thriller,Iain Softley,Angelina Jolie Pitt,Fisher Stevens,Lorraine Bracco,6.2,"computer, computer virus, cyberpunk, fight the system, sexual fantasy",English
The Hunting Party,2007.0,Adventure Comedy Drama Romance Thriller War,Richard Shepard,James Brolin,Zan Marolt,Ljubomir Kerekes,6.9,"bosnia, cia, fox, hunt, war criminal",English
The Hudsucker Proxy,1994.0,Comedy Fantasy,Joel Coen,Jennifer Jason Leigh,Bill Cobbs,John Mahoney,7.3,"art deco, board of directors, industry, mail, stock",English
The Warlords,2007.0,Action Drama History Romance War,Peter Ho-Sun Chan,Jet Li,Takeshi Kaneshiro,Andy Lau,7.1,"assassination, blood brother, dynasty, general, stabbing a woman",Mandarin
Nomad: The Warrior,2005.0,Drama History War,Sergey Bodrov,Jay Hernandez,Kuno Becker,Jason Scott Lee,6.0,"1800s, kazakhstan, nomad",Kazakh
Snowpiercer,2013.0,Action Drama Sci-Fi Thriller,Joon-ho Bong,Chris Evans,Ewen Bremner,Kang-ho Song,7.0,"closed ecological system, perpetual winter, population control, revolt, train",English
A Monster in Paris,2011.0,Adventure Animation Comedy Fantasy Music Romance,Bibo Bergeron,Adam Goldberg,Bob Balaban,François Cluzet,6.8,"belle epoque, city name in title, monster, paris france",French
The Last Shot,2004.0,Comedy,Jeff Nathanson,Matthew Broderick,Glenn Morshower,Tim Blake Nelson,5.7,"fbi, movie producer, sting operation, undercover, urination",English
The Crow,1994.0,Action Drama Fantasy,Alex Proyas,Michael Wincott,Bai Ling,David Patrick Kelly,7.6,"back from the dead, crime boss, crow, gothic, vigilante",English
Baahubali: The Beginning,2015.0,Action Adventure Drama Fantasy War,S.S. Rajamouli,Tamannaah Bhatia,Anushka Shetty,Prabhas,8.4,"ancient india, dual role, good versus evil, hindu, kingdom",Telugu
The Time Traveler's Wife,2009.0,Drama Fantasy Romance Sci-Fi,Robert Schwentke,Arliss Howard,Brooklynn Proulx,Michelle Nolden,7.1,"jumping on a bed, kissing while having sex, librarian, male objectification, pregnant woman in bathtub",English
Because I Said So,2007.0,Comedy Romance,Michael Lehmann,Colin Ferguson,Stephen Collins,Tom Everett Scott,5.6,"meddling, psychologist, sobbing female, subtitled scene, you can say that again joke",English
The Fast and the Furious,2001.0,Action Crime Thriller,Rob Cohen,Paul Walker,Vin Diesel,Jordana Brewster,6.7,"eighteen wheeler, illegal street racing, truck, trucker, undercover cop",English
Frankenweenie,2012.0,Animation Comedy Family Horror Sci-Fi,Tim Burton,Martin Landau,Catherine O'Hara,Atticus Shaffer,7.0,"dog, life, remake by original director, science, stop motion animation",English
Serenity,2005.0,Action Adventure Sci-Fi Thriller,Joss Whedon,Adam Baldwin,Sean Maher,Michael Hitchcock,8.0,"alliance, cannibalism, future, operative, planet",English
Against the Ropes,2004.0,Biography Drama Romance Sport,Charles S. Dutton,Omar Epps,Charles S. Dutton,Tim Daly,5.3,"boxer, boxing, boxing arena, boxing manager, directed by co star",English
Superman III,1983.0,Action Comedy Sci-Fi,Richard Lester,Margot Kidder,Robert Vaughn,Jackie Cooper,4.9,"computer, high school, kryptonite, smallville, villain",English
Grudge Match,2013.0,Comedy Sport,Peter Segal,Robert De Niro,Sylvester Stallone,Oscar Gale,6.4,"broke, promoter, retirement, trainer, training",English
Red Cliff,2008.0,Action Adventure Drama History War,John Woo,Takeshi Kaneshiro,Tony Chiu Wai Leung,Wei Zhao,7.4,"alliance, battle, china, chinese, strategy",Mandarin
Sweet Home Alabama,2002.0,Comedy Romance,Andy Tennant,Ethan Embry,Mary Lynn Rajskub,Courtney Gains,6.1,"alabama, divorce, divorce papers, husband wife relationship, new york city",English
The Ugly Truth,2009.0,Comedy Romance,Robert Luketic,Gerard Butler,John Michael Higgins,Eric Winter,6.5,"call in, chick flick, date, hot air balloon, show producer",English
Sgt. Bilko,1996.0,Comedy,Jonathan Lynn,Austin Pendleton,Phil Hartman,Max Casella,5.7,"greenland, military, revenge, soldier, u.s. soldier",English
Spy Kids 2: Island of Lost Dreams,2002.0,Action Adventure Comedy Family Sci-Fi,Robert Rodriguez,Steve Buscemi,Alexa PenaVega,Emily Osment,5.1,"island, mad scientist, scientist, sequel, spy",English
Star Trek: Generations,1994.0,Action Adventure Mystery Sci-Fi Thriller,David Carson,LeVar Burton,Alan Ruck,Jonathan Frakes,6.6,"23rd century, bare chested male bondage, enterprise the starship, rescue, sacrifice",English
The Grandmaster,2013.0,Action Biography Drama,Kar-Wai Wong,Tony Chiu Wai Leung,Hye-kyo Song,Elvis Tsui,6.5,"challenge, china, hong kong, martial arts, martial arts master",Mandarin
Water for Elephants,2011.0,Drama Romance,Francis Lawrence,Robert Pattinson,Christoph Waltz,James Frain,6.9,"circus, circus vargas, elephant, fear, train",English
The Hurricane,1999.0,Biography Drama Sport,Norman Jewison,Denzel Washington,Vincent Pastore,Deborah Kara Unger,7.6,"african american, book, boxer, boxing, murder",English
Enough,2002.0,Crime Drama Thriller,Michael Apted,Bill Cobbs,Jeff Kober,Billy Campbell,5.6,"abusive husband, escape, intimate partner homicide, marriage, woman wearing only a man's shirt",English
Heartbreakers,2001.0,Comedy Crime Romance,David Mirkin,Sarah Silverman,Anne Bancroft,Jeffrey Jones,6.2,"bank, infidelity, millionaire, money, scam",English
Paul Blart: Mall Cop 2,2015.0,Action Comedy Crime,Andy Fickman,D.B. Woodside,Daniella Alonso,Eduardo Verástegui,4.4,"character name in title, no opening credits, sequel, wilhelm scream",English
Angel Eyes,2001.0,Drama Romance,Luis Mandoki,Sonia Braga,Shirley Knight,Kari Matchett,5.6,"apartment, fate, gun, love, mysterious man",English
Joe Somebody,2001.0,Comedy Drama,John Pasquin,Jim Belushi,Ken Marino,Kelly Lynch,5.5,"bully, co worker, divorce, fight, karate",English
The Ninth Gate,1999.0,Mystery Thriller,Roman Polanski,Johnny Depp,Frank Langella,Lena Olin,6.7,"bare butt, gnosticism, lucifer, rare book, sex",English
Extreme Measures,1996.0,Crime Drama Mystery Thriller,Michael Apted,J.K. Simmons,Paul Guilfoyle,Bill Nunn,6.1,"cartoon on tv, doctor, emergency room, hospital, nudity",English
Rock Star,2001.0,Drama Music,Stephen Herek,Beth Grant,Dagmara Dominczyk,Matthew Glave,6.2,"cover band, fired from a job, heavy metal, rock star, tribute band",English
Precious,2009.0,Drama,Lee Daniels,Mo'Nique,Gabourey Sidibe,Mariah Carey,7.3,"abuse, african american lesbian, lesbian, lesbian couple, school",English
White Squall,1996.0,Adventure Drama,Ridley Scott,Jeff Bridges,Jason Marsden,Ethan Embry,6.6,"acrophobia, jamaica, male bonding, prostitute, tragedy",English
The Thing,1982.0,Horror Mystery Sci-Fi,John Carpenter,Wilford Brimley,Richard Masur,David Clennon,8.2,"alien creature, alien life form, antarctica, isolation, paranoia",English
Riddick,2013.0,Action Sci-Fi Thriller,David Twohy,Vin Diesel,Nolan Gerard Funk,Bokeem Woodbine,6.4,"alien, left for dead, mercenary, survival, vomiting",English
Switchback,1997.0,Crime Mystery Thriller,Jeb Stuart,Gregory Scott Cummins,Claudia Stedelin,Ted Markland,6.4,"deputy, fbi agent, knife held to throat, serial killer, sheriff",English
Texas Rangers,2001.0,Action Adventure Drama Thriller Western,Steve Miner,Tom Skerritt,Usher Raymond,Leonor Varela,5.2,"army, mexican, orphan, texas, texas ranger",English
City of Ember,2008.0,Adventure Family Fantasy Sci-Fi,Gil Kenan,Bill Murray,Toby Jones,Harry Treadaway,6.5,"box, food, mayor, pipeworks, scientist",English
The Master,2012.0,Drama,Paul Thomas Anderson,Mike Howard,Jeffrey W. Jenkins,Bruce Goodchild,7.1,"drifter, past life regression, psychological testing, right hand man, scientology",English
Virgin Territory,2007.0,Adventure Comedy History Romance,David Leland,Hayden Christensen,Ryan Cartwright,David Walliams,4.8,"breasts, nude nun, plague, russian nobleman, two word title",English
The Express,2008.0,Biography Drama Sport,Gary Fleder,Dennis Quaid,Nicole Beharie,Charles S. Dutton,7.3,"african american, coach, football movie, nonlinear timeline, syracuse university",English
The 5th Wave,2016.0,Action Adventure Sci-Fi Thriller,J Blakeson,Chloë Grace Moretz,Maggie Siff,Nick Robinson,5.2,"alien, attack, based on novel, based on young adult novel, fear",English
Creed,2015.0,Drama Sport,Ryan Coogler,Sylvester Stallone,Phylicia Rashad,Graham McTavish,7.7,"boxing, boxing match, fight, montage, philadelphia",English
The Town,2010.0,Crime Drama Thriller,Ben Affleck,Jeremy Renner,Jon Hamm,Owen Burke,7.6,"bank manager, bank robbery, criminal gang, heist, prison",English
What to Expect When You're Expecting,2012.0,Comedy Drama Romance,Kirk Jones,Anna Kendrick,Dennis Quaid,Thomas Lennon,5.7,"baby, expecting twins, hawaiian shirt, photographer, pregnancy",English
Burn After Reading,2008.0,Comedy Drama,Ethan Coen,J.K. Simmons,Brad Pitt,Kevin Sussman,7.0,"cia, divorce, embassy, gym, memoir",English
Nim's Island,2008.0,Adventure Comedy Family Fantasy,Jennifer Flackett,Gerard Butler,Anthony Simcoe,Christopher James Baker,6.0,"author, girl, island, reading, scientist",English
Rush,2013.0,Action Biography Drama Sport,Ron Howard,Chris Hemsworth,Olivia Wilde,Alexandra Maria Lara,8.1,"1970s, female rear nudity, formula 1, rivalry, sex with a nurse",English
Magnolia,1999.0,Drama,Paul Thomas Anderson,Patton Oswalt,Neil Flynn,Jim Meskimen,8.0,"abusive father, coincidence, fictional game show, fictional quiz show, multiple storyline",English
Cop Out,2010.0,Action Comedy Crime,Kevin Smith,Bruce Willis,Tracy Morgan,Kevin Pollak,5.6,"baseball card, detective, partner, thief, wedding",English
How to Be Single,2016.0,Comedy Romance,Christian Ditter,Alison Brie,Damon Wayans Jr.,Nicholas Braun,6.1,"motor scooter, new york city, newborn baby, scooter, single",English
Dolphin Tale,2011.0,Drama Family,Charles Martin Smith,Morgan Freeman,Michael Roark,Harry Connick Jr.,6.9,"boy, dolphin, prosthetics, tail, trap",English
Twilight,2008.0,Drama Fantasy Romance,Catherine Hardwicke,Kristen Stewart,Taylor Lautner,Anna Kendrick,5.2,"blood, high school, love, school, vampire",English
John Q,2002.0,Crime Drama Thriller,Nick Cassavetes,Denzel Washington,Laura Harring,Anne Heche,7.0,"health care, heart transplant, hospital, hostage, insurance",English
Blue Streak,1999.0,Action Comedy Crime Thriller,Les Mayfield,Peter Greene,Dave Chappelle,Tamala Jones,6.3,"detective, diamond, jewel, police, thief",English
We're the Millers,2013.0,Comedy Crime,Rawson Marshall Thurber,Laura-Leigh,Molly C. Quinn,Thomas Lennon,7.0,"fake family, male frontal nudity, marijuana, mexico, stripper",English
Obitaemyy ostrov,2009.0,Action Adventure Sci-Fi,Fedor Bondarchuk,Yuliya Snigir,Fedor Bondarchuk,Aleksey Serebryakov,5.3,"22nd century, first part, friend, guard, space opera",Russian
Breakdown,1997.0,Action Crime Drama Mystery Thriller,Jonathan Mostow,Kathleen Quinlan,M.C. Gainey,J.T. Walsh,6.9,"car breakdown, diner, jeep, paranoia, violence",English
Never Say Never Again,1983.0,Action Adventure Thriller,Irvin Kershner,Bernie Casey,Klaus Maria Brandauer,Barbara Carrera,6.2,"british, character says now that you're on the case i hope we're going to have some gratuitous sex and violence, cruise missile, missile, nuclear warhead",English
Hot Tub Time Machine,2010.0,Comedy Sci-Fi,Steve Pink,Charlie McDermott,Collette Wolfe,Crystal Lowe,6.4,"cheating wife, drug reference, maintenance man, male vomiting, promiscuous woman",English
Dolphin Tale 2,2014.0,Drama Family,Charles Martin Smith,Morgan Freeman,Taylor Blackwell,Harry Connick Jr.,6.4,"dolphin, latex gloves, medical scrubs, purple gloves, turtle",English
Reindeer Games,2000.0,Action Adventure Crime Drama Family Fantasy Romance Thriller,John Frankenheimer,Charlize Theron,James Frain,Clarence Williams III,5.7,"casino, christmas, christmas season, girlfriend, release from prison",English
A Man Apart,2003.0,Action Crime Drama Thriller,F. Gary Gray,Vin Diesel,Jeff Kober,Larenz Tate,6.1,"bust, dea, drug cartel, justice, tragic hero",English
Aloha,2015.0,Comedy Drama Romance,Cameron Crowe,Emma Stone,Bradley Cooper,Bill Murray,5.4,"box office flop, critically bashed, hawaii, one word title, written by director",English
Ghosts of Mississippi,1996.0,Drama History,Rob Reiner,Alexa PenaVega,Virginia Madsen,Craig T. Nelson,6.7,"activist, assassin, civil rights, trial, widow",English
Snow Falling on Cedars,1999.0,Drama Mystery Romance Thriller,Scott Hicks,Rick Yune,Reeve Carney,Daniel von Bargen,6.8,"fisherman, japanese, love, trial, washington state",English
The Rite,2011.0,Drama Horror Mystery Thriller,Mikael Håfström,Anthony Hopkins,Colin O'Donoghue,Toby Jones,6.0,"demon, exorcism, exorcist, faith, seminary",English
Gattaca,1997.0,Drama Sci-Fi Thriller,Andrew Niccol,Blair Underwood,Xander Berkeley,Mason Gamble,7.8,"accident, future, genetics, mission, police",English
Isn't She Great,2000.0,Biography Comedy Romance,Andrew Bergman,Stockard Channing,Nathan Lane,John Larroquette,5.3,"autistic son, cancer, female protagonist, new york city, son",English
Space Chimps,2008.0,Adventure Animation Comedy Family Sci-Fi,Kirk De Micco,Cheryl Hines,Kenan Thompson,Omid Abtahi,4.5,"astronaut, attacked by a plant, planet, senator, space travel",English
Head of State,2003.0,Comedy,Chris Rock,Bernie Mac,Dylan Baker,Tracy Morgan,5.4,"alderman, party, president, presidential candidate, washington d.c.",English
The Hangover,2009.0,Comedy,Todd Phillips,Bradley Cooper,Rob Riggle,Mike Epps,7.8,"drunkenness, female nudity, hangover, hedonism, morning after",English
Ip Man 3,2015.0,Action Biography Drama History,Wilson Yip,Mike Tyson,Lynn Hung,Kwok-Kwan Chan,7.2,"1950s, cancer, hong kong, martial arts school, wing chun",Cantonese
Austin Powers: The Spy Who Shagged Me,1999.0,Action Adventure Comedy Crime,Jay Roach,Muse Watson,Verne Troyer,Robert Wagner,6.6,"penis joke, phallic image, sexy agent, spy, volcano hideout",English
Batman,1989.0,Action Adventure,Tim Burton,Michael Gough,Jack Palance,William Hootkins,7.6,"city, dc comics, gotham, pantyhose, police",English
There Be Dragons,2011.0,Biography Drama War,Roland Joffé,Jordi Mollà,Dougray Scott,Lily Cole,5.9,"dying, forgiveness, saint, spanish civil war, starts with narration",English
Lethal Weapon 3,1992.0,Action Crime Thriller,Richard Donner,Rene Russo,Nick Chinlund,Stuart Wilson,6.7,"gangster, gun, internal affairs, police, police officer",English
The Blind Side,2009.0,Biography Drama Sport,John Lee Hancock,Catherine Dyer,Quinton Aaron,Kim Dickens,7.7,"american football, based on true story, football star, high school football, left tackle",English
Spy Kids,2001.0,Action Adventure Comedy Family Sci-Fi,Robert Rodriguez,Alexa PenaVega,Cheech Marin,Daryl Sabara,5.4,"brother sister relationship, espionage, rescue, secret agent, spy",English
Horrible Bosses,2011.0,Comedy Crime,Seth Gordon,Kevin Spacey,Lindsay Sloane,Reginald Ballard,6.9,"black comedy, boss, chemical company, dental assistant, murder",English
True Grit,2010.0,Adventure Drama Western,Ethan Coen,Matt Damon,Jeff Bridges,Bruce Green,7.7,"arkansas, murder, sheriff, texas ranger, u.s. marshal",English
The Devil Wears Prada,2006.0,Comedy Drama Romance,David Frankel,Meryl Streep,Anne Hathaway,Rebecca Mader,6.8,"fashion, fashion industry, magazine, new york city, publishing",English
Star Trek: The Motion Picture,1979.0,Adventure Mystery Sci-Fi,Robert Wise,Leonard Nimoy,Nichelle Nichols,Walter Koenig,6.4,"alien, space, space station, spacecraft, warp speed",English
Identity Thief,2013.0,Comedy Crime,Seth Gordon,Jon Favreau,Eric Stonestreet,T.I.,5.7,"bounty hunter, credit card, cross country, identity, police",English
Cape Fear,1991.0,Crime Thriller,Martin Scorsese,Robert De Niro,Robert Mitchum,Joe Don Baker,7.3,"lawyer, neo noir, prison, rapist, southern gothic",English
21,2008.0,Crime Drama Thriller,Robert Luketic,Kevin Spacey,Jim Sturgess,Josh Gad,6.8,"based on true story, blackjack, card counting, gambling, massachusetts institute of technology",English
Trainwreck,2015.0,Comedy Romance,Judd Apatow,Amy Schumer,Randall Park,Josh Segarra,6.3,"actress playing herself, actress shares first name with character, fired from a job, male nudity, written by star",English
Guess Who,2005.0,Comedy Romance,Kevin Rodney Sullivan,Bernie Mac,Nicole Sullivan,Sherri Shepherd,5.9,"argument, engagement, family relationships, love, undressing",English
The English Patient,1996.0,Drama Romance War,Anthony Minghella,Colin Firth,Kristin Scott Thomas,Jürgen Prochnow,7.4,"church, english, flashback, nurse, patient",English
L.A. Confidential,1997.0,Crime Drama Mystery Thriller,Curtis Hanson,Kevin Spacey,Matt McCoy,Paul Guilfoyle,8.3,"1950s, call girl, corruption, murder, police detective",English
Sky High,2005.0,Adventure Comedy Family Sci-Fi,Mike Mitchell,Michael Angarano,Kelly Preston,Nicholas Braun,6.2,"coming of age, friend, high school, sidekick, superpower",English
In & Out,1997.0,Comedy,Frank Oz,Tom Selleck,Wilford Brimley,Lauren Ambrose,6.3,"academy award, gay, high school, reporter, teacher",English
Species,1995.0,Action Horror Sci-Fi Thriller,Roger Donaldson,Natasha Henstridge,Marg Helgenberger,Jordan Lund,5.8,"alien, interspecies sex, scientist, sexual attraction, train",English
A Nightmare on Elm Street,1984.0,Horror,Wes Craven,Johnny Depp,Lin Shaye,Amanda Wyss,7.5,"freddy krueger, lucid dream, serial killer, slasher, sleep deprivation",English
The Cell,2000.0,Horror Sci-Fi Thriller,Tarsem Singh,Dylan Baker,Jake Weber,James Gammon,6.3,"coma, fbi, race against time, serial killer, strong female lead",English
The Man in the Iron Mask,1998.0,Action Adventure,Randall Wallace,Leonardo DiCaprio,Anne Parillaud,Judith Godrèche,6.4,"france, musketeer, three musketeers, twin, twin brother",English
Secretariat,2010.0,Biography Drama Family History Sport,Randall Wallace,Scott Glenn,Kevin Connolly,Dylan Walsh,7.2,"eccentric, horse racing, newspaper clipping, stallion, triple crown",English
TMNT,2007.0,Action Adventure Animation Comedy Family Fantasy Sci-Fi,Kevin Munroe,Chris Evans,Sarah Michelle Gellar,Mako,6.3,"martial arts master, monster, new york city, turtle, warrior",English
Radio,2003.0,Biography Drama Sport,Michael Tollin,Alfre Woodard,Riley Smith,Debra Winger,6.9,"coach, football, football coach, high school, radio",English
Friends with Benefits,2011.0,Comedy Romance,Will Gluck,Mila Kunis,Justin Timberlake,Masi Oka,6.6,"blow job, female rear nudity, girl in panties, male objectification, no panties",English
Neighbors 2: Sorority Rising,2016.0,Comedy,Nicholas Stoller,Chloë Grace Moretz,Ike Barinholtz,Kiersey Clemons,6.0,"bare chested male, gay, gay best friend, gay man, gay marriage proposal",English
Saving Mr. Banks,2013.0,Biography Comedy Drama History Music,John Lee Hancock,Tom Hanks,Ruth Wilson,B.J. Novak,7.5,"author, disney, loss of father, reference to walt disney, suppression of emotion",English
Malcolm X,1992.0,Biography Drama History Romance,Spike Lee,Denzel Washington,Delroy Lindo,Al Freeman Jr.,7.7,"african american, black history, civil rights, ku klux klan, nation of islam",English
This Is 40,2012.0,Comedy,Judd Apatow,Charlyne Yi,Maude Apatow,Mackenzie Aladjem,6.2,"40th birthday, aging, birthday, sex, viagra",English
Old Dogs,2009.0,Comedy Family,Walt Becker,Robin Williams,Bernie Mac,Ann-Margret,5.4,"best friend, business deal, impulse, public relations, twin",English
Underworld: Rise of the Lycans,2009.0,Action Adventure Fantasy Sci-Fi Thriller,Patrick Tatopoulos,Craig Parker,Kevin Grevioux,Steven Mackintosh,6.6,"battle, slave, vampire, warrior, werewolf",English
License to Wed,2007.0,Comedy Romance,Ken Kwapis,Robin Williams,Christine Taylor,Mindy Kaling,5.3,"box office flop, church, kissing, usa, wedding",English
The Benchwarmers,2006.0,Comedy Romance Sport,Dennis Dugan,Jon Lovitz,Jon Heder,Tim Meadows,5.6,"baseball, baseball team, bully, millionaire, team",English
Must Love Dogs,2005.0,Comedy Romance,Gary David Goldberg,Stockard Channing,Victor Webster,Elizabeth Perkins,5.9,"date, dating, dog, love, teacher",English
Donnie Brasco,1997.0,Biography Crime Drama,Mike Newell,Johnny Depp,Al Pacino,Anne Heche,7.8,"fbi, mafia, money, racial slur, singer",English
Resident Evil,2002.0,Action Horror Sci-Fi,Paul W.S. Anderson,Milla Jovovich,Jaymes Butler,Colin Salmon,6.7,"amnesia, quarantine, special forces, virus, zombie",English
Poltergeist,1982.0,Fantasy Horror,Tobe Hooper,Heather O'Rourke,Zelda Rubinstein,Craig T. Nelson,7.4,"ghost, haunted, haunting, house, paranormal investigator",English
The Ladykillers,2004.0,Comedy Crime Thriller,Ethan Coen,J.K. Simmons,Tom Hanks,Stephen Root,6.2,"casino, irony of fate, landlady, professor, remake",English
Max Payne,2008.0,Action Crime Drama Mystery Thriller,John Moore,Mila Kunis,Beau Bridges,Jamie Hector,5.4,"corporation, death, ex partner, hallucination, police detective",English
In Time,2011.0,Action Sci-Fi Thriller,Andrew Niccol,Matt Bomer,Olivia Wilde,Justin Timberlake,6.7,"currency, future, murder, on the run, time",English
The Back-up Plan,2010.0,Comedy Romance,Alan Poul,Danneel Ackles,Noureen DeWulf,Tom Bosley,5.3,"artificial insemination, baby, cheese, chick flick, pet shop",English
Something Borrowed,2011.0,Comedy Drama Romance,Luke Greenfield,Ashley Williams,Steve Howey,Kirsten Day,5.9,"best friend, crush, law school, lawyer, loud sex",English
Black Knight,2001.0,Adventure Comedy Fantasy,Gil Junger,Tom Wilkinson,Marsha Thomason,Vincent Regan,4.8,"14th century, king, knight, sword duel, time travel",English
The Bad News Bears,1976.0,Comedy Drama Family Sport,Michael Ritchie,Tatum O'Neal,Vic Morrow,Joyce Van Patten,7.3,"baseball, california, coach, little league, swimming pool",English
Street Fighter,1994.0,Action Adventure Comedy Thriller,Steven E. de Souza,Ming-Na Wen,Raul Julia,Kylie Minogue,3.8,"guile, hostage, ransom, soldier, united nations",English
The Pianist,2002.0,Biography Drama War,Roman Polanski,Emilia Fox,Frank Finlay,Ed Stoppard,8.5,"ghetto, holocaust, jewish, piano, warsaw ghetto",English
From Hell,2001.0,Horror Mystery Thriller,Albert Hughes,Johnny Depp,Jason Flemyng,Ian Richardson,6.8,"freemason, jack the ripper, opium, prostitute, victorian era",English
The Nativity Story,2006.0,Drama Family Fantasy,Catherine Hardwicke,Keisha Castle-Hughes,Hiam Abbass,Shaun Toub,6.8,"angel, bethlehem, journey, nazareth, virgin",English
House of Wax,2005.0,Horror,Jaume Collet-Serra,Robert Ri'chard,Paris Hilton,Brian Van Holt,5.3,"brother sister relationship, group of friends, male nudity, twin, wax",English
Closer,2004.0,Drama Romance,Mike Nichols,Natalie Portman,Julia Roberts,Colin Stinton,7.3,"cheating wife, film camera, hasselblad camera, leica camera, medium format camera",English
J. Edgar,2011.0,Biography Crime Drama,Clint Eastwood,Leonardo DiCaprio,Naomi Watts,Kaitlyn Dever,6.6,"agent, fbi, federal bureau of investigation, gay relationship, secret",English
Mirrors,2008.0,Horror Mystery,Alexandre Aja,Jason Flemyng,Cameron Boyce,Julian Glover,6.2,"estranged wife, evil, fire, medication, mirror",English
Queen of the Damned,2002.0,Drama Fantasy Horror,Michael Rymer,Aaliyah,Lena Olin,Bruce Spence,5.2,"fatal attraction, interspecies romance, queen, supernatural power, vampire",English
Predator 2,1990.0,Action Horror Sci-Fi,Stephen Hopkins,Adam Baldwin,Robert Davi,Kevin Peter Hall,6.2,"alien, drug lord, gang, hunter, predator",English
Untraceable,2008.0,Crime Drama Thriller,Gregory Hoblit,Billy Burke,Jesse Tyler Ferguson,Joseph Cross,6.2,"cat, fbi agent, murder, serial killer, website",English
Blast from the Past,1999.0,Comedy Drama Romance Sci-Fi,Hugh Wilson,Brendan Fraser,Sissy Spacek,Douglas Smith,6.6,"1960s, bomb shelter, cuban missile crisis, food, naive man",English
Flash Gordon,1980.0,Action Adventure Sci-Fi,Mike Hodges,Brian Blessed,William Hootkins,Sam J. Jones,6.4,"american football, cult film, emperor, flash gordon, mind reading",English
Jersey Girl,2004.0,Comedy Drama Romance,Kevin Smith,Stephen Root,Mike Starr,George Carlin,6.2,"baby, childbirth, death, karma, publicist",English
Alex Cross,2012.0,Action Crime Mystery Thriller,Rob Cohen,Cicely Tyson,Chad Lindberg,Carmen Ejogo,5.1,"assassin, detective, partner, police, serial killer",English
Midnight in the Garden of Good and Evil,1997.0,Crime Drama Mystery Thriller,Clint Eastwood,Kevin Spacey,Bob Gunton,Leon Rippy,6.6,"graveyard, murder, murder trial, reporter, trial",English
Heist,2015.0,Action Crime Thriller,Scott Mann,Robert De Niro,Joshua Mikel,D.B. Sweeney,6.1,"bus, die hard scenario",English
Nanny McPhee Returns,2010.0,Comedy Family Fantasy,Susanna White,Daniel Mays,Bill Bailey,Eros Vlahos,6.1,"farm, magic, mother daughter relationship, overalls, title directed by female",English
Hoffa,1992.0,Biography Crime Drama,Danny DeVito,Frank Whaley,J.T. Walsh,Paul Guilfoyle,6.6,"labor, labor union, leader, mafia, union",English
The X Files: I Want to Believe,2008.0,Drama Mystery Sci-Fi Thriller,Chris Carter,Mitch Pileggi,Callum Rennie,Nicki Aycox,5.9,"fbi, priest, psychic, psychic vision, staff physician",English
Ella Enchanted,2004.0,Comedy Family Fantasy Romance,Tommy O'Haver,Anne Hathaway,Steve Coogan,Joanna Lumley,6.3,"curse, fairy, obedience, prince, strong female character",English
Concussion,2015.0,Biography Drama Sport,Peter Landesman,Will Smith,Eddie Marsan,Albert Brooks,7.1,"chronic traumatic encephalopathy, concussion, football, football player, pathologist",English
Abduction,2011.0,Action Mystery Thriller,John Singleton,Ken Arnold,Benjamin J. Cain Jr.,Richard Cetrone,5.0,"assassin, high school, on the run, teenager, website",English
Valiant,2005.0,Adventure Animation Comedy Family War,Gary Chapman,Jim Broadbent,Olivia Williams,Pip Torrens,5.6,"dove, falcon, nursing, pigeon, psychological torture",English
Wonder Boys,2000.0,Comedy Drama,Curtis Hanson,Robert Downey Jr.,Rip Torn,Richard Thomas,7.4,"based on novel, college girl, midlife crisis, pittsburgh pennsylvania, professor",English
Superhero Movie,2008.0,Action Comedy Sci-Fi Thriller,Craig Mazin,Drake Bell,Tracy Morgan,Marion Ross,4.5,"dragonfly, hero, high school, soaking wet, supervillian origin",English
Broken City,2013.0,Crime Drama Thriller,Allen Hughes,Alona Tal,James Ransone,Michael Beach,6.2,"election, father son relationship, fellatio, gay slur, title spoken by character",English
Cursed,2005.0,Comedy Horror,Wes Craven,Shannon Elizabeth,Portia de Rossi,Derek Mears,5.0,"creature, death, party, rescue, werewolf",English
Premium Rush,2012.0,Action Crime Thriller,David Koepp,Joseph Gordon-Levitt,Dania Ramirez,Aasif Mandvi,6.5,"chase, courier, delivery, envelope, police",English
Hot Pursuit,2015.0,Action Comedy Crime,Anne Fletcher,Jim Gaffigan,Richard T. Jones,Michael Mosley,5.1,"danger, drug cartel, female cop, female police officer, fugitive",English
The Four Feathers,2002.0,Adventure Drama Romance War,Shekhar Kapur,Djimon Hounsou,Lucy Gordon,Alex Jennings,6.5,"male nudity, naked dead man, nudity, sex, whipping",English
Parker,2013.0,Action Crime Romance Thriller,Taylor Hackford,Jason Statham,Clifton Collins Jr.,Wendell Pierce,6.2,"action hero, disguise, hospital, real estate agent, thief",English
Wimbledon,2004.0,Comedy Romance Sport,Richard Loncraine,Kirsten Dunst,Jon Favreau,Austin Nichols,6.3,"career, player, tennis, tennis player, wimbledon",English
Furry Vengeance,2010.0,Comedy Family,Roger Kumble,Brendan Fraser,Brooke Shields,Matt Prokop,3.8,"animal, bear, land developer, real estate, real estate developer",English
Bait,2012.0,Action Horror Sci-Fi,Kimble Rendall,Alex Russell,Cariba Heine,Richard Brancatisano,5.2,"great white shark, shark, supermarket, swimming, tsunami",English
Krull,1983.0,Action Adventure Fantasy,Peter Yates,Liam Neeson,Alun Armstrong,Lysette Anthony,6.0,"cyclops, fortress, monster, planet, rescue",English
Lions for Lambs,2007.0,Drama Thriller War,Robert Redford,Meryl Streep,Tom Cruise,Andrew Garfield,6.2,"afghanistan, professor, reporter, student, university",English
Flight of the Intruder,1991.0,Action Drama Thriller War,John Milius,Rosanna Arquette,Dann Florek,Christopher Rich,5.7,"bombardier, pilot, u.s. navy, vietnam, vietnam war",English
Walk Hard: The Dewey Cox Story,2007.0,Comedy Music,Jake Kasdan,Tim Meadows,Nat Faxon,Matt Price,6.7,"drugs, elvis, musician, singer, the beatles",English
The Shipping News,2001.0,Drama,Lasse Hallström,Kevin Spacey,Scott Glenn,Jason Behr,6.8,"employee employer relationship, husband wife relationship, newspaper, ship, wake",English
American Outlaws,2001.0,Action Western,Les Mayfield,Gregory Smith,Ronny Cox,Harris Yulin,6.0,"legend, old west, outlaw, railroad, stealing from the rich",English
The Young Victoria,2009.0,Biography Drama History Romance,Jean-Marc Vallée,Michiel Huisman,Jim Broadbent,Thomas Kretschmann,7.3,"19th century, courtship, female protagonist, princess, queen of england",English
Whiteout,2009.0,Action Crime Mystery Thriller,Dominic Sena,Tom Skerritt,Bashar Rahal,Shawn Doyle,5.5,"antarctica, geologist, investigation, u.s. marshal, winter",English
The Tree of Life,2011.0,Drama Fantasy,Terrence Malick,Brad Pitt,Tye Sheridan,Fiona Shaw,6.7,"1950s, children, ice cube, texas, waco texas",English
Knock Off,1998.0,Action Comedy Thriller,Hark Tsui,Paul Sorvino,Lela Rochon,Ray Nicholas,4.8,"cia, hong kong, market, undercover, van",English
Sabotage,2014.0,Action Crime Drama Thriller,David Ayer,Mireille Enos,Martin Donovan,Maurice Compte,5.7,"dea, drug cartel, kicked in the crotch, strip club, tough girl",English
The Order,2003.0,Action Mystery Thriller,Brian Helgeland,Heath Ledger,Mark Addy,Benno Fürmann,5.1,"death, exorcism, heaven, priest, sin eater",English
Punisher: War Zone,2008.0,Action Crime Drama Thriller,Lexi Alexander,Julie Benz,Wayne Knight,Colin Salmon,6.0,"gun fu, plastic surgery, psychopath, undercover, vigilante",English
Zoom,2006.0,Action Adventure Family Sci-Fi,Peter Hewitt,Kevin Zegers,Rip Torn,Thomas F. Wilson,4.2,"bruise, female hero, super strength, superhero, teenage superhero",English
The Walk,2015.0,Adventure Biography Drama Thriller,Robert Zemeckis,Joseph Gordon-Levitt,Soleyman Pierini,Jade Kindar-Martin,7.4,"1970s, based on true story, new york city, skyscraper, tightrope walker",English
Warriors of Virtue,1997.0,Action Adventure Fantasy,Ronny Yu,Marley Shelton,Lee Arenberg,Angus Macfadyen,4.6,"anthropomorphic animal, football, kangaroo, sword and sorcery, water boy",English
A Good Year,2006.0,Comedy Drama Romance,Ridley Scott,Archie Panjabi,Albert Finney,Richard Coyle,6.9,"based on novel, inheritance, provence, uncle, wine",English
Radio Flyer,1992.0,Drama,Richard Donner,Adam Baldwin,Thomas Ian Nicholas,John Heard,6.9,"father son relationship, physical abuse, radio flyer, stepfather, stepfather stepson relationship",English
"Blood In, Blood Out",1993.0,Crime Drama,Taylor Hackford,Delroy Lindo,Jesse Borrego,Raymond Cruz,8.0,"1970s, 1980s, barrio, gang war, mexican",English
Smilla's Sense of Snow,1997.0,Action Drama Sci-Fi Thriller,Bille August,Jim Broadbent,Tom Wilkinson,Julia Ormond,6.4,"boy, greenland, neighbor, roof, snow",English
Femme Fatale,2002.0,Crime Drama Mystery Thriller,Brian De Palma,Peter Coyote,Gregg Henry,Rie Rasmussen,6.3,"ambassador, cannes, identity, suicide, thief",English
Lion of the Desert,1980.0,Biography Drama History War,Moustapha Akkad,Oliver Reed,Rod Steiger,John Gielgud,8.4,"arab, general, libya, muslim, mussolini",English
The Horseman on the Roof,1995.0,Adventure Drama Romance War,Jean-Paul Rappeneau,Olivier Martinez,François Cluzet,Isabelle Carré,7.1,"austrian, breasts, cholera, police, provence",French
Ride with the Devil,1999.0,Drama Romance War Western,Ang Lee,Jeremy W. Auman,Jeffrey Dover,Tobey Maguire,6.8,"bushwhacker, friend, honor, kansas, raid",English
Biutiful,2010.0,Drama,Alejandro G. Iñárritu,Maricel Álvarez,Hanaa Bouchaib,Eduard Fernández,7.5,"children, chinese, illegal immigrant, immigrant, male ponytail",Spanish
The Lovers,2015.0,Action Adventure Romance Sci-Fi,Roland Joffé,Tamsin Egerton,Alice Englert,Bipasha Basu,4.5,"1770s, british india, great barrier reef, india, ring",English
Bandidas,2006.0,Action Comedy Crime Western,Joachim Rønning,Salma Hayek,Sam Shepard,Dwight Yoakam,5.7,"bank, cleavage, farmer, female gunfighter, mexico",English
Black Water Transit,2009.0,Crime Drama,Tony Kaye,Bill Cobbs,Aisha Tyler,Beverly D'Angelo,7.2,based on novel,English
The Maze Runner,2014.0,Action Mystery Sci-Fi Thriller,Wes Ball,Ki Hong Lee,Aml Ameen,Jacob Latimore,6.8,"based on novel, concrete wall, maze, open ended, teenage boy",English
Unfinished Business,2015.0,Comedy,Ken Scott,Tom Wilkinson,June Diane Raphael,Melissa McMeekin,5.4,"business trip, company, glory hole, male frontal nudity, male nudity",English
The Age of Innocence,1993.0,Drama Romance,Martin Scorsese,Richard E. Grant,Geraldine Chaplin,Stuart Wilson,7.2,"19th century, countess, lawyer, love, new york",English
The Fountain,2006.0,Drama Sci-Fi,Darren Aronofsky,Hugh Jackman,Ellen Burstyn,Mark Margolis,7.3,"eternity, love, mayan, tree, tree of life",English
Chill Factor,1999.0,Action Adventure Comedy Drama Thriller,Hugh Johnson,David Paymer,Kevin J. O'Connor,Hudson Leick,5.2,"colonel, ice, ice cream truck, military, u.s. army",English
Stolen,2012.0,Action Crime Drama Thriller,Simon West,Nicolas Cage,Mark Valley,Sami Gayle,5.5,"bank, money, presumed dead, rescue, thief",English
Ponyo,2008.0,Adventure Animation Family Fantasy,Hayao Miyazaki,Rumi Hiiragi,Yûki Amami,Yuria Nara,7.7,"children adventure, magical realism, sea goddess, small town, tsunami",Japanese
The Longest Ride,2015.0,Drama Romance,George Tillman Jr.,Tiago Riani,Melissa Benoist,Hayley Lovitt,7.1,"1940s, art collector, bull riding, north carolina, student",English
The Astronaut's Wife,1999.0,Drama Sci-Fi Thriller,Rand Ravich,Johnny Depp,Charlize Theron,Clea DuVall,5.3,"astronaut, electrocuted in bathtub, mission, pilot, sister",English
I Dreamed of Africa,2000.0,Adventure Drama Romance,Hugh Hudson,Liam Aiken,Eva Marie Saint,Vincent Perez,5.6,"dream, italian, kenya, ranch, snake",English
Playing for Keeps,2012.0,Comedy Romance Sport,Gabriele Muccino,Gerard Butler,Dennis Quaid,Judy Greer,5.7,"coach, soccer, soccer coach, soccer mom, soccer team",English
Mandela: Long Walk to Freedom,2013.0,Biography Drama History,Justin Chadwick,Terry Pheto,Fana Mokoena,Tony Kgoroge,7.1,"africa, apartheid, nelson mandela, president, resistance",English
Reds,1981.0,Biography Drama History Romance,Warren Beatty,Paul Sorvino,Warren Beatty,M. Emmet Walsh,7.5,"cold war, cold war era, interview, russia, written and directed by cast member",English
A Few Good Men,1992.0,Drama Thriller,Rob Reiner,Tom Cruise,Demi Moore,Kevin Pollak,7.6,"cuba, guantanamo, lance corporal, lawyer, murder",English
Exit Wounds,2001.0,Action Comedy Crime Drama Thriller,Andrzej Bartkowiak,Michael Jai White,Bill Duke,Bruce McGill,5.5,"corrupt cop, drug dealer, drugs, heroin, vice president",English
Big Momma's House,2000.0,Action Comedy Crime,Raja Gosnell,Nia Long,Cedric the Entertainer,Tichina Arnold,5.1,"disguise, fbi, female impersonation, gender disguise, obesity",English
The Darkest Hour,2011.0,Action Adventure Horror Sci-Fi Thriller,Chris Gorak,Max Minghella,Veronika Vernadskaya,Dato Bakhtadze,4.9,"alien, aurora borealis, critically bashed, killing an animal, nightclub",English
Step Up Revolution,2012.0,Drama Music Romance,Scott Speer,Ryan Guzman,Stephen Boss,Misha Gabriel Hamilton,6.5,"3 dimensional, dance, dancer, dancing, flash mob",English
Snakes on a Plane,2006.0,Action Adventure Crime Drama Thriller,David R. Ellis,Lin Shaye,Kenan Thompson,Rachel Blanchard,5.6,"baby rattle, famous line, murder, passenger, snake",English
The Watcher,2000.0,Crime Horror Mystery Thriller,Joe Charbanic,Keanu Reeves,Joseph Sikora,Chris Ellis,5.3,"fbi, murder, scene of the crime, serial killer, therapy",English
The Punisher,2004.0,Action Crime Drama Thriller,Jonathan Hensleigh,Laura Harring,Marco St. John,Eddie Jemison,6.5,"death, family reunion, fbi, fbi agent, vigilante",English
Goal! The Dream Begins,2005.0,Drama Romance Sport,Danny Cannon,Sean Pertwee,Kuno Becker,Stephen Dillane,6.8,"barrio, border, newcastle united, party, soccer",English
Safe,2012.0,Action Crime Thriller,Boaz Yakin,Jason Statham,Reggie Lee,Robert John Burke,6.5,"bodyguard, gang war, russian, russian mafia, triad",English
Pushing Tin,1999.0,Comedy Drama Romance,Mike Newell,Angelina Jolie Pitt,Kurt Fuller,Jake Weber,6.0,"air traffic control, air traffic controller, female bodybuilder, job, marriage",English
Star Wars: Episode VI - Return of the Jedi,1983.0,Action Adventure Fantasy Sci-Fi,Richard Marquand,Harrison Ford,Ian McDiarmid,Kenny Baker,8.4,"death star, emperor, empire, princess, rebel",English
Doomsday,2008.0,Action Sci-Fi Thriller,Neil Marshall,Ryan Kruger,Jason Cope,Jeremy Crutchley,6.0,"cure, quarantine, scotland, virus, wall",English
The Reader,2008.0,Drama Romance,Stephen Daldry,Kate Winslet,David Kross,Susanne Lothar,7.6,"love, reading, teaching oneself to read, trial, war crime",English
Wanderlust,2012.0,Comedy,David Wain,Justin Theroux,Lauren Ambrose,Joe Lo Truglio,5.6,"childbirth, female frontal nudity, nude protest, nudist, skinny dipping",English
Elf,2003.0,Comedy Family Fantasy Romance,Jon Favreau,Peter Dinklage,Zooey Deschanel,Will Ferrell,6.9,"baby, christmas spirit, elf, new york city, north pole",English
Phenomenon,1996.0,Drama Fantasy Romance Sci-Fi,Jon Turteltaub,Robert Duvall,Kyra Sedgwick,David Gallagher,6.4,"brain tumor, genius, psionic power, telekinesis, terminal illness",English
Snow Dogs,2002.0,Adventure Comedy Family Sport,Brian Levant,James Coburn,Nichelle Nichols,M. Emmet Walsh,5.1,"dentist, dog, inheritance, race, sled dog",English
Scrooged,1988.0,Comedy Drama Fantasy,Richard Donner,Bill Murray,Alfre Woodard,Robert Mitchum,7.0,"christmas, compassion, executive, ghost, redemption",English
Nacho Libre,2006.0,Comedy Family Sport,Jared Hess,Ana de la Reguera,Moises Arias,Héctor Jiménez,5.7,"lucha libre, monastery, nun, orphan, wrestling",English
Bridesmaids,2011.0,Comedy Romance,Paul Feig,Matt Lucas,Wendi McLendon-Covey,Steve Bannos,6.8,"best friend, failure, food, job, partial female nudity",English
This Is the End,2013.0,Comedy Fantasy,Evan Goldberg,Channing Tatum,James Franco,Emma Watson,6.7,"apocalypse, celebrity, ensemble cast, party, rapture",English
Stigmata,1999.0,Horror,Rupert Wainwright,Nia Long,Enrico Colantoni,Portia de Rossi,6.2,"catholic, priest, stigmata, vatican, wound",English
Men of Honor,2000.0,Biography Drama,George Tillman Jr.,Robert De Niro,Charlize Theron,Michael Rapaport,7.2,"african american, amputee, navy, racial discrimination, racism",English
Takers,2010.0,Action Crime Thriller,John Luessenhop,Paul Walker,Hayden Christensen,Jay Hernandez,6.2,"armored car, bank, falling out among thieves, heist, planning",English
The Big Wedding,2013.0,Comedy,Justin Zackham,Robin Williams,Robert De Niro,Topher Grace,5.6,"adoption, divorce, family relationships, farce, wedding",English
"Big Mommas: Like Father, Like Son",2011.0,Action Comedy Crime,John Whitesell,Brandon T. Jackson,Tony Curran,Portia Doubleday,4.4,"fbi agent, murder, performing arts school, scene during end credits, undercover",English
Source Code,2011.0,Mystery Sci-Fi Thriller,Duncan Jones,Jake Gyllenhaal,Cas Anvar,Russell Peters,7.5,"bomber, time, time loop, train, trapped in a time loop",English
Alive,1993.0,Adventure Biography Drama Thriller,Frank Marshall,Illeana Douglas,Danny Nucci,Michael DeLorenzo,7.1,"andes mountains, crash, death, starvation, stranded",English
The Number 23,2007.0,Mystery Thriller,Joel Schumacher,Logan Lerman,Virginia Madsen,Ed Lauter,6.4,"destiny, detective, imagination, murder, sex scene",English
The Young and Prodigious T.S. Spivet,2013.0,Action Adventure Drama Family,Jean-Pierre Jeunet,Callum Rennie,Julian Richings,Judy Davis,7.1,"3 dimensional, cartographer, punctuation in title, smithsonian, train",English
1941,1979.0,Action Comedy War,Steven Spielberg,Christopher Lee,John Belushi,Treat Williams,5.9,"california, captain, cult film, pearl harbor, submarine",English
Dreamer: Inspired by a True Story,2005.0,Drama Family Sport,John Gatins,Ken Howard,Freddy Rodríguez,Holmes Osborne,6.9,"colon in title, horse, kentucky, overalls, six word title",English
A History of Violence,2005.0,Crime Drama Thriller,David Cronenberg,Viggo Mortensen,Kyle Schmid,William Hurt,7.5,"bar, crotch shot, female full frontal nudity, female pubic hair, robbery",English
Transporter 2,2005.0,Action Crime Thriller,Louis Leterrier,Jason Statham,Jason Flemyng,Matthew Modine,6.3,"driver, french, kidnapping, police, sequel",English
The Quick and the Dead,1995.0,Action Thriller Western,Sam Raimi,Leonardo DiCaprio,Pat Hingle,Roberts Blossom,6.4,"authority figure as villian, gun duel, saved from hanging, showdown, street shootout",English
Laws of Attraction,2004.0,Comedy Romance,Peter Howitt,Frances Fisher,Mike Doyle,Nora Dunn,5.9,"date, divorce, divorce lawyer, drinking, lawyer",English
Bringing Out the Dead,1999.0,Drama Thriller,Martin Scorsese,Nicolas Cage,Marc Anthony,Sonja Sohn,6.8,"ambulance, ghost, hell, paramedic, rescue",English
Repo Men,2010.0,Action Crime Sci-Fi Thriller,Miguel Sapochnik,Alice Braga,RZA,Yvette Nicole Brown,6.3,"artificial organ, best friend, enforcer, future, near future",English
Dragon Wars: D-War,2007.0,Action Drama Fantasy Horror Thriller,Hyung-rae Shim,Robert Forster,Aimee Garcia,Chris Mulkey,3.6,"antique shop, asian dragon, dragon, korean, reporter",English
Bogus,1996.0,Comedy Family Fantasy,Norman Jewison,Haley Joel Osment,Nancy Travis,Andrea Martin,5.3,"box office flop, circus, imaginary friend, magician, one word title",English
The Incredible Burt Wonderstone,2013.0,Comedy,Don Scardino,Steve Buscemi,Olivia Wilde,Steve Carell,5.9,"magic, magic kit, magician, stage magician, vegas",English
Cats Don't Dance,1997.0,Animation Comedy Family Fantasy Musical,Mark Dindal,George Kennedy,Frank Welker,Hal Holbrook,6.9,"animal, cat, child star, hollywood, star",English
Cradle Will Rock,1999.0,Drama,Tim Robbins,Bill Murray,Vanessa Redgrave,Emily Watson,6.9,"1930s, depression, play, theatre, union",English
The Good German,2006.0,Drama Mystery Thriller,Steven Soderbergh,Tony Curran,Beau Bridges,Leland Orser,6.1,"american, driver, journalist, russian, secret",English
George and the Dragon,2004.0,Action Adventure Comedy Fantasy Romance,Tom Reeve,Joan Plowright,Rollo Weeks,Simon Callow,5.7,"dragon, knight, love, priest, princess",English
Apocalypse Now,1979.0,Drama War,Francis Ford Coppola,Harrison Ford,Marlon Brando,Robert Duvall,8.5,"army, green beret, insanity, jungle, vietnam",English
Going the Distance,2010.0,Comedy Romance,Nanette Burstein,Rob Riggle,Kelli Garner,Jim Gaffigan,6.3,"bar, job, long distance relationship, male pubic hair, pubic hair",English
Mr. Holland's Opus,1995.0,Drama Music,Stephen Herek,Alicia Witt,Olympia Dukakis,Jean Louisa Kelly,7.3,"1990s, high school, high school teacher, teacher inspires students, teaching",English
Criminal,2016.0,Action Crime Drama Mystery Sci-Fi Thriller,Ariel Vromen,Gary Oldman,Jordi Mollà,Doug Cockle,6.3,"cia, husband wife relationship, memory, tied up while barefoot, violence",English
Out of Africa,1985.0,Biography Drama Romance,Sydney Pollack,Meryl Streep,Michael Gough,Michael Kitchen,7.2,"africa, hunter, love, marriage, plantation",English
Flight,2012.0,Drama Thriller,Robert Zemeckis,Denzel Washington,Bruce Greenwood,Nadine Velazquez,7.3,"airline, flight, flight attendant, lawyer, pilot",English
Moonraker,1979.0,Action Adventure Sci-Fi Thriller,Lewis Gilbert,Desmond Llewelyn,Lois Chiles,Lois Maxwell,6.3,"astronaut, dog, official james bond series, space shuttle, space shuttle transported on a 747",English
The Grand Budapest Hotel,2014.0,Adventure Comedy Crime Drama,Wes Anderson,Bill Murray,Tom Wilkinson,F. Murray Abraham,8.1,"first person narration, hotel, lobby boy, mentor protege relationship, painting",English
Hearts in Atlantis,2001.0,Drama Mystery,Scott Hicks,Anthony Hopkins,Mika Boorem,Hope Davis,6.9,"based on multiple works, bully, kiss, memory, mysterious stranger",English
Arachnophobia,1990.0,Comedy Fantasy Horror Thriller,Frank Marshall,Julian Sands,Peter Jason,Brian McNamara,6.3,"arachnophobia, death, doctor, small town, spider",English
Frequency,2000.0,Crime Drama Mystery Sci-Fi Thriller,Gregory Hoblit,Dennis Quaid,Andre Braugher,Noah Emmerich,7.3,"altering history, alternate history, amateur radio, ham radio, paranormal phenomena",English
Ghostbusters,2016.0,Action Comedy Fantasy Sci-Fi,Paul Feig,Ed Begley Jr.,Kate McKinnon,Zach Woods,5.5,"ghost, ghostbuster, ghostbusters, male objectification, reboot",English
Vacation,2015.0,Adventure Comedy,John Francis Daley,Chris Hemsworth,Norman Reedus,Beverly D'Angelo,6.1,"amusement park, dysfunctional family, road trip, sequel, vacation",English
Get Shorty,1995.0,Comedy Crime Thriller,Barry Sonnenfeld,Delroy Lindo,Rene Russo,Jon Gries,6.9,"debt, loan shark, mobster, movie business, producer",English
Chicago,2002.0,Comedy Crime Musical,Rob Marshall,Colm Feore,Chita Rivera,Jayne Eastwood,7.2,"fame, jail, jazz age, murder, vaudeville",English
Big Daddy,1999.0,Comedy Drama,Dennis Dugan,Steve Buscemi,Adam Sandler,Joey Lauren Adams,6.4,"homosexual, law, law school, responsibility, vomiting",English
American Pie 2,2001.0,Comedy,J.B. Rogers,Alyson Hannigan,Shannon Elizabeth,Natasha Lyonne,6.4,"beach, beach house, college, party, student",English
Toy Story,1995.0,Adventure Animation Comedy Family Fantasy,John Lasseter,Tom Hanks,John Ratzenberger,Jim Varney,8.3,"claw crane, cowboy, jealousy, rivalry, toy",English
Speed,1994.0,Action Adventure Crime Thriller,Jan de Bont,Keanu Reeves,Alan Ruck,Joe Morton,7.2,"bomb, bus, elevator, explosive, rescue",English
The Vow,2012.0,Drama Romance,Michael Sucsy,Channing Tatum,Lucas Bryant,Dillon Casey,6.8,"car accident, life support, memory loss, trauma, voice recording",English
Extraordinary Measures,2010.0,Drama,Tom Vaughan,Harrison Ford,Brendan Fraser,Alan Ruck,6.5,"cure, disease, imagination, race against time, venture capital",English
Remember the Titans,2000.0,Biography Drama Sport,Boaz Yakin,Ryan Gosling,Denzel Washington,Ethan Suplee,7.8,"american football, based on true story, head coach, high school, school",English
The Hunt for Red October,1990.0,Action Adventure Thriller,John McTiernan,Scott Glenn,Jeffrey Jones,Courtney B. Vance,7.6,"analyst, defection, navy, soviet submarine, submarine",English
Lee Daniels' The Butler,2013.0,Biography Drama,Lee Daniels,Alex Pettyfer,David Oyelowo,Vanessa Redgrave,7.2,"butler, civil rights, hotel, president, white house",English
Dodgeball: A True Underdog Story,2004.0,Comedy Sport,Rawson Marshall Thurber,Gary Cole,Stephen Root,Joel David Moore,6.7,"dodgeball, gym, las vegas, pirate, ups",English
The Addams Family,1991.0,Comedy Fantasy,Barry Sonnenfeld,Anjelica Huston,Raul Julia,Carel Struycken,6.8,"accountant, loan shark, macabre, uncle, uncle fester",English
Ace Ventura: When Nature Calls,1995.0,Adventure Comedy,Steve Oedekerk,Bruce Spence,Bob Gunton,Sophie Okonedo,6.3,"africa, bat, hawaiian shirt, pregnancy, pregnant",English
The Princess Diaries,2001.0,Comedy Family Romance,Garry Marshall,Anne Hathaway,Hector Elizondo,Heather Matarazzo,6.2,"cinderella story, fish out of water, makeover, manners, princess",English
The First Wives Club,1996.0,Comedy,Hugh Wilson,Stockard Channing,Elizabeth Berkley,Stephen Collins,6.2,"cult film, female therapist, revenge, revenge motive, therapy session",English
Se7en,1995.0,Crime Drama Mystery Thriller,David Fincher,Morgan Freeman,Brad Pitt,Reg E. Cathey,8.6,"detective, police partner, serial killer, serial murder, seven deadly sins",English
District 9,2009.0,Action Sci-Fi Thriller,Neill Blomkamp,Sharlto Copley,Jed Brophy,Jason Cope,8.0,"alien, ghetto, prawn, refugee, refugee camp",English
The SpongeBob SquarePants Movie,2004.0,Adventure Animation Comedy Family Fantasy,Stephen Hillenburg,Scarlett Johansson,Bill Fagerbakke,Rodger Bumpass,7.0,"based on tv series, crown, dream, king neptune, plankton",English
Mystic River,2003.0,Crime Drama Mystery Thriller,Clint Eastwood,John Doman,Spencer Treat Clark,Tom Guiry,8.0,"ballistics, detective, friend, gun, sexual abuse",English
Million Dollar Baby,2004.0,Drama Sport,Clint Eastwood,Clint Eastwood,Morgan Freeman,Mike Colter,8.1,"boxing, boxing trainer, death, suicide attempt, women boxing",English
Analyze This,1999.0,Comedy Crime,Harold Ramis,Robert De Niro,Chazz Palminteri,Molly Shannon,6.7,"analyst, mafia, patient, psychiatrist, wedding",English
The Notebook,2004.0,Drama Romance,Nick Cassavetes,Ryan Gosling,Kevin Connolly,Gena Rowlands,7.9,"class differences, letter, nursing home, second chance, summer love",English
27 Dresses,2008.0,Comedy Romance,Anne Fletcher,Judy Greer,Bern Cohen,Yetta Gottesman,6.1,"boss, bridesmaid, friend, love, wedding",English
Hannah Montana: The Movie,2009.0,Comedy Drama Family Music Romance,Peter Chelsom,Emily Osment,Vanessa Williams,Moises Arias,4.2,"farm, female protagonist, hannah montana, horseback riding, overalls",English
Rugrats in Paris: The Movie,2000.0,Adventure Animation Comedy Family Romance,Stig Bergqvist,Elizabeth Daily,Casey Kasem,Debbie Reynolds,6.1,"amusement park, baby, france, paris france, villain",English
The Prince of Tides,1991.0,Drama Romance,Barbra Streisand,George Carlin,Blythe Danner,Melinda Dillon,6.6,"new york, psychiatrist, shrimper, south carolina, twins",English
Legends of the Fall,1994.0,Drama Romance War Western,Edward Zwick,Anthony Hopkins,Brad Pitt,Julia Ormond,7.5,"epic, heart, killing an animal, passion, usa",English
Up in the Air,2009.0,Drama Romance,Jason Reitman,J.K. Simmons,Anna Kendrick,Chris Lowell,7.4,"airport, business trip, downsizing, on the road, travel",English
About Schmidt,2002.0,Comedy Drama,Alexander Payne,Hope Davis,June Squibb,Howard Hesseman,7.2,"highway travel, on the road, retirement, road movie, wedding",English
Warm Bodies,2013.0,Comedy Horror Romance,Jonathan Levine,Cory Hardrict,Vincent Leclerc,Daniel Rindress-Kay,6.9,"fight, memory, teenager, undead, zombie",English
Looper,2012.0,Action Crime Drama Sci-Fi Thriller,Rian Johnson,Joseph Gordon-Levitt,Bruce Willis,Tracie Thoms,7.4,"chase, future, surprise ending, time loop, time travel",English
Down to Earth,2001.0,Comedy Fantasy,Chris Weitz,Chazz Palminteri,Mark Addy,Wanda Sykes,5.4,"angel, butler, heaven, manhattan new york city, reincarnation",English
Babe,1995.0,Comedy Drama Family,Chris Noonan,Miriam Margolyes,Christine Cavanaugh,Roscoe Lee Browne,6.8,"dog, farmer, pig, sheep, sheepdog",English
Hope Springs,2012.0,Comedy Drama Romance,David Frankel,Meryl Streep,Steve Carell,Jean Smart,6.3,"couple, intimacy, marriage, marriage counseling, middle age couple",English
Forgetting Sarah Marshall,2008.0,Comedy Drama Romance,Nicholas Stoller,Mila Kunis,Jack McBrayer,Maria Thayer,7.2,"breakup, hawaii, hotel, male full frontal nudity, resort",English
Four Brothers,2005.0,Action Crime Drama Mystery Thriller,John Singleton,Josh Charles,Tony Nappo,Fionnula Flanagan,6.9,"bare butt, corrupt police, four brothers, funeral, murder",English
Baby Mama,2008.0,Comedy Romance,Michael McCullers,Tina Fey,Amy Poehler,Romany Malco,6.0,"baby, book, cartoon on tv, female protagonist, male anorexia",English
Hope Floats,1998.0,Drama Romance,Forest Whitaker,Bill Cobbs,Harry Connick Jr.,Gena Rowlands,5.9,"best friend, friend, mother daughter relationship, small town, texas",English
Bride Wars,2009.0,Comedy Romance,Gary Winick,Anne Hathaway,Steve Howey,Candice Bergen,5.4,"best friend, dyed hair, fake tan, rivalry, wedding",English
Without a Paddle,2004.0,Adventure Comedy Mystery,Steven Brill,Antony Starr,Scott Adsit,Bonnie Somerville,5.9,"death, friend, hijacker, river, tree house",English
13 Going on 30,2004.0,Comedy Fantasy Romance,Gary Winick,Jennifer Garner,Judy Greer,Christa B. Allen,6.1,"13 year old, 13th birthday, 30 year old, wish, year 1987",English
Midnight in Paris,2011.0,Comedy Fantasy Romance,Woody Allen,Kurt Fuller,Audrey Fleurot,Nina Arianda,7.7,"1920s, golden age, midnight, paris france, time travel romance",English
The Nut Job,2014.0,Adventure Animation Comedy Family,Peter Lepeniotis,Liam Neeson,Brendan Fraser,Sarah Gadon,5.8,"bank robbery, heist, raccoon, rat, squirrel",English
Blow,2001.0,Biography Crime Drama,Ted Demme,Johnny Depp,Ethan Suplee,Jordi Mollà,7.6,"1960s, 1970s, california, cocaine, wealth",English
Message in a Bottle,1999.0,Drama Romance,Luis Mandoki,Robin Wright,John Savage,Raphael Sbarge,6.1,"beach, bottle, jogging, letter, love",English
Star Trek V: The Final Frontier,1989.0,Action Adventure Sci-Fi Thriller,William Shatner,Leonard Nimoy,Nichelle Nichols,Walter Koenig,5.4,"captain, half brother, klingon, planet, vulcan",English
Like Mike,2002.0,Comedy Family Fantasy Sport,John Schultz,Brenda Song,Robert Forster,Anne Meara,5.1,"basketball, lightning, nba, orphanage, shoe",English
Naked Gun 33 1/3: The Final Insult,1994.0,Comedy Crime,Peter Segal,George Kennedy,Fred Ward,Priscilla Presley,6.4,"retirement, spoof, terrorist, transsexual, undercover",English
A View to a Kill,1985.0,Action Adventure Thriller,John Glen,Patrick Macnee,Alison Doody,Tanya Roberts,6.3,"computer, earthquake, microchip, official james bond series, silicon valley",English
The Curse of the Were-Rabbit,2005.0,Animation Comedy Family Mystery Sci-Fi,Steve Box,Mark Gatiss,Geraldine McEwan,Peter Sallis,7.5,"competition, giant vegetable, pest control, stop motion animation, vegetable",English
P.S. I Love You,2007.0,Drama Romance,Richard LaGravenese,Gerard Butler,Harry Connick Jr.,Nellie McKay,7.1,"birthday, friendship, hairy chest, letter, widow",English
Racing Stripes,2005.0,Adventure Comedy Drama Family Sport,Frederik Du Chau,Bruce Greenwood,Frankie Muniz,M. Emmet Walsh,5.2,"farm, horse, kentucky, racehorse, zebra",English
Atonement,2007.0,Drama Mystery Romance War,Joe Wright,Benedict Cumberbatch,Alfie Allen,Brenda Blethyn,7.8,"death of sister, dying, loss of virginity, septicemia, sex",English
Letters to Juliet,2010.0,Comedy Drama Romance,Gary Winick,Vanessa Redgrave,Marcia DeBonis,Luisa Ranieri,6.5,"chick flick, female protagonist, italian stereotype, man in a swimsuit, verona italy",English
Black Rain,1989.0,Action Crime Thriller,Ridley Scott,Stephen Root,Ken Takakura,Kate Capshaw,6.6,"counterfeit, detective, japan, police chase, yakuza",English
The Three Stooges,2012.0,Comedy,Bobby Farrelly,Kate Upton,Larry David,Sean Hayes,5.1,"mule, nun, orphanage, tennis court, the three stooges",English
Corpse Bride,2005.0,Animation Drama Family Fantasy Musical Romance,Tim Burton,Johnny Depp,Christopher Lee,Joanna Lumley,7.4,"arranged marriage, bride, corpse, groom, woods",English
Glory Road,2006.0,Biography Drama Sport,James Gartner,Mehcad Brooks,Austin Nichols,Derek Luke,7.2,"coach, college basketball, national championship, ncaa, texas",English
Sicario,2015.0,Action Crime Drama Mystery Thriller,Denis Villeneuve,Edgar Arreola,Bernardo Saracino,Daniel Kaluuya,7.6,"critically acclaimed, drug cartel, juarez mexico, u.s. mexico border, war on drugs",English
Southpaw,2015.0,Drama Sport,Antoine Fuqua,Jake Gyllenhaal,50 Cent,Oona Laurence,7.5,"boxer, boxing training, death of wife, male in shower, rage",English
Drag Me to Hell,2009.0,Horror Thriller,Sam Raimi,Bojana Novakovic,Alison Lohman,Reggie Lee,6.6,"evil, fight, hell, psychic, psychologist",English
The Age of Adaline,2015.0,Drama Fantasy Romance,Lee Toland Krieger,Harrison Ford,Michiel Huisman,Ellen Burstyn,7.2,"hit by a pickup truck, immortality, paramedic, resuscitation, san francisco california",English
Secondhand Lions,2003.0,Comedy Drama Family,Tim McCanlies,Haley Joel Osment,Robert Duvall,Emmanuelle Vaugier,7.6,"africa, eyeglasses, money, texas, veteran",English
Step Up 3D,2010.0,Drama Music Romance,Jon M. Chu,Alyson Stoner,Stephen Boss,Facundo Lombard,6.2,"dance, dance crew, dancer, mortgage, new york city",English
Blue Crush,2002.0,Drama Romance Sport,John Stockwell,Faizon Love,Mika Boorem,Sanoe Lake,5.6,"bikini, female surfer, sister sister relationship, surfing contest, swimsuit",English
Stranger Than Fiction,2006.0,Comedy Drama Fantasy Romance,Marc Forster,Will Ferrell,Christian Stolte,Danny Rhodes,7.6,"author, fate, novelist, professor, writer",English
30 Days of Night,2007.0,Horror,David Slade,Danny Huston,Mark Rendall,Megan Franich,6.6,"alaska, small town, snow, vampire, winter",English
The Cabin in the Woods,2012.0,Fantasy Horror Mystery Thriller,Drew Goddard,Chris Hemsworth,Bradley Whitford,Kristen Connolly,7.0,"cabin in the woods, dark humor, hatchet, killed in an elevator, robot",English
Meet the Spartans,2008.0,Comedy,Jason Friedberg,Carmen Electra,Diedrich Bader,Method Man,2.7,"king, persian, spartan, training, xerxes",English
Midnight Run,1988.0,Action Comedy Crime Thriller,Martin Brest,Robert De Niro,Yaphet Kotto,Philip Baker Hall,7.6,"accountant, bounty hunter, fbi, mafia, mob",English
The Running Man,1987.0,Action Crime Sci-Fi Thriller,Paul Michael Glaser,Yaphet Kotto,Maria Conchita Alonso,Richard Dawson,6.6,"game of death, government conspiracy, latina, oppression, police",English
Little Shop of Horrors,1986.0,Comedy Horror Musical Sci-Fi,Frank Oz,Bill Murray,Jim Belushi,Tisha Campbell-Martin,6.9,"eclipse, florist, nerd, plant, shop",English
Hanna,2011.0,Action Drama Thriller,Joe Wright,Jessica Barden,Vicky Krieps,John Macmillan,6.8,"assassin, female warrior, martial arts, playground, training",English
Mortal Kombat: Annihilation,1997.0,Action Adventure Fantasy Sci-Fi Thriller,John R. Leonetti,Brian Thompson,Talisa Soto,Robin Shou,3.7,"alternate reality, battle, martial arts, mortal kombat, warrior",English
Larry Crowne,2011.0,Comedy Drama Romance,Tom Hanks,Tom Hanks,Rob Riggle,Randall Park,6.1,"bus stop, college, community college, scooter, speech class",English
Carrie,2013.0,Drama Fantasy Horror,Kimberly Peirce,Chloë Grace Moretz,Judy Greer,Portia Doubleday,5.9,"outcast, prom, self injury, telekinesis, tragic event",English
Take the Lead,2006.0,Drama Music,Liz Friedlander,Alfre Woodard,Yaya DaCosta,Jasika Nicole,6.7,"ballroom, dance, dance teacher, student, teacher",English
Gridiron Gang,2006.0,Crime Drama Sport,Phil Joanou,Dwayne Johnson,Jurnee Smollett-Bell,Kevin Dunn,6.9,"alliterative title, football, football coach, football practice, football team",English
What's the Worst That Could Happen?,2001.0,Comedy Crime,Sam Weisman,Bernie Mac,Larry Miller,Richard Schiff,5.5,"businessman, ring, thief, vulgarity, washington d.c.",English
9,2009.0,Action Adventure Animation Drama Mystery Sci-Fi Thriller,Shane Acker,Martin Landau,Alan Oppenheimer,Tom Kane,7.1,"hope, key, machine, number, rag doll",English
Side Effects,2013.0,Crime Drama Thriller,Steven Soderbergh,Channing Tatum,David Costabile,Katie Lowes,7.1,"clinical trial, female protagonist, neuropharmacology, psychiatrist, side effect",English
The Prince and Me,2004.0,Comedy Family Romance,Martha Coolidge,Devin Ratray,Miranda Richardson,Luke Mably,5.9,"denmark, king, love, prince, wisconsin",English
Winnie the Pooh,2011.0,Adventure Animation Comedy Family Musical,Stephen J. Anderson,Craig Ferguson,Robert Lopez,Huell Howser,7.3,"disney, owl, rabbit, sequel, tiger",English
Dumb and Dumberer: When Harry Met Lloyd,2003.0,Comedy,Troy Miller,Elden Henson,Mimi Rogers,Cheri Oteri,3.4,"1980s, buddy, high school, prequel to cult favorite, teenager",English
Bulworth,1998.0,Comedy Drama Romance,Warren Beatty,Warren Beatty,Kirk Baltz,Graham Beckel,6.8,"hip hop, liberal, politics, senator, truth",English
Get on Up,2014.0,Biography Drama Music,Tate Taylor,Tika Sumpter,Josh Hopkins,Aunjanue Ellis,6.9,"1970s, 1980s, african american, breaking the fourth wall, mother son relationship",English
One True Thing,1998.0,Drama,Carl Franklin,Meryl Streep,William Hurt,Tom Everett Scott,7.0,"cancer, job, love, new york, professor",English
Virtuosity,1995.0,Action Crime Sci-Fi Thriller,Brett Leonard,Denzel Washington,Costas Mandylor,Traci Lords,5.5,"android, ex cop, serial killer, virtual character come to life, virtual reality",English
My Super Ex-Girlfriend,2006.0,Comedy Romance Sci-Fi,Ivan Reitman,Rainn Wilson,Eddie Izzard,Wanda Sykes,5.1,"architect, boyfriend girlfriend relationship, superhero, superhero spoof, supernatural power",English
Deliver Us from Evil,2014.0,Horror Mystery Thriller,Scott Derrickson,Olivia Munn,Dorian Missick,Edgar Ramírez,6.2,"confession, demonic possession, exorcism, flickering light, priest",English
Sanctum,2011.0,Adventure Drama Thriller,Alister Grierson,Ioan Gruffudd,Rhys Wakefield,Richard Roxburgh,5.9,"cave, expedition, panic, rebreather, underwater",English
Little Black Book,2004.0,Comedy Drama Romance,Nick Hurran,Holly Hunter,Kevin Sussman,Dave Annable,5.2,"electronic devices, gynecologist, little black book, plan, set up",English
The Five-Year Engagement,2012.0,Comedy Romance,Nicholas Stoller,Alison Brie,Jacki Weaver,David Paymer,6.2,"kissing while having sex, kitchen, reference to princess diana, wedding band, wedding ring",English
Mr 3000,2004.0,Comedy Drama Romance Sport,Charles Stone III,Bernie Mac,Chris Noth,Paul Sorvino,5.5,"baseball, baseball movie, cartoon on tv, dodge viper, retirement",English
The Next Three Days,2010.0,Crime Drama Romance Thriller,Paul Haggis,Olivia Wilde,Daniel Stern,Aisha Hinds,7.4,"argument, evidence, fingerprints, murder, murder weapon",English
Ultraviolet,2006.0,Action Horror Sci-Fi Thriller,Kurt Wimmer,Milla Jovovich,Cameron Bright,Nick Chinlund,4.4,"boy, disease, hemophagia, speed, vampire",English
Assault on Precinct 13,2005.0,Action Crime Drama Thriller,Jean-François Richet,Brian Dennehy,Drea de Matteo,Hugh Dillon,6.3,"criminal, mobster, new year's eve, police, sergeant",English
The Replacement Killers,1998.0,Action Crime Thriller,Antoine Fuqua,Mira Sorvino,Clifton Collins Jr.,Patrick Kilpatrick,6.1,"forger, hitman, passport, police, replacement",English
Fled,1996.0,Action Adventure Crime Drama Romance,Kevin Hooks,Salma Hayek,Stephen Baldwin,Will Patton,5.3,"disk, floppy disk, mafia, prison, prisoner",English
Eight Legged Freaks,2002.0,Action Comedy Horror,Ellory Elkayem,Scarlett Johansson,Doug E. Doug,Riley Smith,5.4,"creature feature, human versus spider, spider, spider feature, woman sheriff",English
Love & Other Drugs,2010.0,Comedy Drama Romance,Edward Zwick,Jake Gyllenhaal,Anne Hathaway,Judy Greer,6.7,"female nudity, male objectification, pfizer, viagra, zoloft",English
88 Minutes,2007.0,Crime Drama Mystery Thriller,Jon Avnet,Al Pacino,Alicia Witt,Deborah Kara Unger,5.9,"death, fbi, forensics, murder, serial killer",English
North Country,2005.0,Drama,Niki Caro,Jeremy Renner,Charlize Theron,Sissy Spacek,7.3,"based on true story, innocence, lawsuit, mine, sexual harassment",English
The Whole Ten Yards,2004.0,Comedy Crime Thriller,Howard Deutch,Bruce Willis,Matthew Perry,Natasha Henstridge,5.5,"dentist, face slap, flashback, hitman, killing an animal",English
Splice,2009.0,Drama Horror Sci-Fi,Vincenzo Natali,Sarah Polley,David Hewlett,Delphine Chanéac,5.8,"dna, experiment, genetics, interspecies sex, scientist",English
Howard the Duck,1986.0,Action Adventure Comedy Romance Sci-Fi,Willard Huyck,Lea Thompson,Jeffrey Jones,Jordan Prentice,4.6,"alien, duck, laser, planet, singer",English
Pride and Glory,2008.0,Crime Drama Thriller,Gavin O'Connor,Jennifer Ehle,Rick Gonzalez,Frank Grillo,6.7,"brother in law, corruption, drug dealer, drugs, police",English
The Cave,2005.0,Adventure Horror Thriller,Bruce Hunt,Eddie Cibrian,Cole Hauser,Marcel Iures,5.1,"cave, diver, diving, flare, parasite",English
Alex & Emma,2003.0,Comedy Romance,Rob Reiner,David Paymer,Lobo Sebastian,Robert Costanzo,5.6,"gambling, novel, stenographer, writer, writer's block",English
Wicker Park,2004.0,Drama Mystery Romance Thriller,Paul McGuigan,Jessica Paré,Christopher Cousins,Mark Camacho,7.0,"flashback, flashback within a flashback, multiple perspectives, obsession, split screen",English
Fright Night,2011.0,Comedy Horror,Craig Gillespie,Grace Phipps,Reid Ewing,Sandra Vergara,6.4,"neighbor, remake, suburb, teenager, vampire",English
The New World,2005.0,Biography Drama History Romance,Terrence Malick,Christian Bale,Michael Greyeyes,Wes Studi,6.7,"captain, fort, love, native american, trade",English
Wing Commander,1999.0,Action Adventure Sci-Fi,Chris Roberts,Saffron Burrows,David Suchet,Jürgen Prochnow,4.1,"27th century, fighter pilot, orchestral music score, outer space, space opera",English
In Dreams,1999.0,Drama Fantasy Thriller,Neil Jordan,Robert Downey Jr.,Aidan Quinn,Paul Guilfoyle,5.5,"dream, mental institution, padded cell, serial killer, suicide attempt",English
Dragonball: Evolution,2009.0,Action Adventure Fantasy Sci-Fi Thriller,James Wong,Ian Whyte,Texas Battle,Randall Duk Kim,2.7,"bad, dragon, grandfather, orb, warrior",English
The Last Stand,2013.0,Action Crime Thriller,Jee-woon Kim,Zach Gilford,James Burnett,Christiana Leucas,6.4,"deputy, escape, fbi, modern western, sheriff",English
Godsend,2004.0,Drama Horror Sci-Fi Thriller,Nick Hamm,Robert De Niro,Cameron Bright,Munro Chambers,4.8,"birthday, boy, clone, cloning, doctor",English
Chasing Liberty,2004.0,Comedy Romance,Andy Cadiff,Annabella Sciorra,Stark Sands,Terence Maynard,6.1,"first daughter, photographer, prague, president, secret service agent",English
Hoodwinked Too! Hood vs. Evil,2011.0,Animation Comedy Family,Mike Disa,Amy Poehler,Phil LaMarr,Cheech Marin,4.8,"3 dimensional, box office flop, critically bashed, red riding hood, wolf",English
An Unfinished Life,2005.0,Drama,Lasse Hallström,Morgan Freeman,Camryn Manheim,Lynda Boyd,7.0,"abusive boyfriend, bear, car accident, ranch, wyoming",English
The Imaginarium of Doctor Parnassus,2009.0,Adventure Fantasy Mystery,Terry Gilliam,Andrew Garfield,Lily Cole,Verne Troyer,6.8,"birthday, bridge, midget, rescue, sideshow",English
Barney's Version,2010.0,Comedy Drama,Richard J. Lewis,Mark Addy,Atom Egoyan,Paul Gross,7.3,"ex wife, guest, marriage, memory, montreal",English
Runner Runner,2013.0,Crime Thriller,Brad Furman,Justin Timberlake,John Heard,David Costabile,5.6,"costa rica, fbi agent, gambling, money, online gambling",English
Antitrust,2001.0,Action Crime Drama Thriller,Peter Howitt,Tyler Labine,Richard Roundtree,Ned Bellamy,6.1,"boss, communications, computer, genius, job",English
Glory,1989.0,Drama History War,Edward Zwick,Denzel Washington,Morgan Freeman,Matthew Broderick,7.9,"army, black soldier, military uniform, prejudice, u.s. civil war",English
Once Upon a Time in America,1984.0,Crime Drama,Sergio Leone,Robert De Niro,Burt Young,Treat Williams,8.4,"1920s, ambiguity, childhood friend, new york, speakeasy",English
Dead Man Down,2013.0,Action Crime Drama Thriller,Niels Arden Oplev,Dominic Cooper,Isabelle Huppert,James Biberi,6.5,"crime lord, dead body, dead body in a freezer, new york city, truck explosion",English
The Merchant of Venice,2004.0,Drama Romance,Michael Radford,Al Pacino,Mackenzie Crook,Kris Marshall,7.1,"debt, jew, loan, merchant, pound of flesh",English
The Good Thief,2002.0,Action Crime Drama Romance Thriller,Neil Jordan,Emir Kusturica,Saïd Taghmaoui,Tchéky Karyo,6.6,"casino, french riviera, gambler, heist, partner",English
Supercross,2005.0,Action Drama Romance Sport,Steve Boyum,Channing Tatum,Mike Vogel,Steve Howey,4.0,"one word title, paddock, supercross, swimming pool, winning",English
Miss Potter,2006.0,Biography Drama Romance,Chris Noonan,Emily Watson,Bill Paterson,Lucy Boynton,7.0,"book, children, friend, illustrator, letter",English
The Promise,2005.0,Action Drama Fantasy,Kaige Chen,Dong-gun Jang,Toby Leonard Moore,Nicholas Tse,5.6,"armor, general, king, princess, slave",Mandarin
DOA: Dead or Alive,2006.0,Action Adventure,Corey Yuen,Steve Howey,Holly Valance,Sarah Carter,4.8,"female fighter, island, martial arts, parachute, tournament",English
The Assassination of Jesse James by the Coward Robert Ford,2007.0,Biography Crime Drama History Western,Andrew Dominik,Brad Pitt,Jeremy Renner,Sam Shepard,7.5,"long title, outlaw, robbery, train, train robbery",English
1911,2011.0,Action Adventure Drama History War,Li Zhang,Bingbing Li,Joan Chen,Jaycee Chan,6.0,"china, disarming someone, qing dynasty, stabbed with a bayonet, war violence",Mandarin
Little Nicholas,2009.0,Comedy Family,Laurent Tirard,Louise Bourgoin,Sandrine Kiberlain,Kad Merad,7.2,"baby, dinner, family relationships, school, three word title",French
Wild Card,2015.0,Action Crime Drama Thriller,Simon West,Jason Statham,Michael Angarano,Jason Alexander,5.6,"bodyguard, criminal, gambling, mob boss, thug",English
Machine Gun Preacher,2011.0,Action Biography Crime Drama,Marc Forster,Gerard Butler,Madeline Carroll,Kathy Baker,6.8,"africa, biker, church, orphanage, preacher",English
Animals United,2010.0,Animation Comedy Family,Reinhard Klooss,Jim Broadbent,Vanessa Redgrave,James Corden,4.9,"animal, crane the bird, dam, hoover dam, shark",German
The Color of Freedom,2007.0,Biography Drama History,Bille August,Terry Pheto,Patrick Lyster,Tyrone Keogh,7.1,"african national congress, father daughter relationship, film starts with text, nelson mandela, violence",English
United Passions,2014.0,Drama History Sport,Frédéric Auburtin,Fisher Stevens,Thomas Kretschmann,Jemima West,2.0,"20th century, association, fifa, football, world cup",English
Grace of Monaco,2014.0,Biography Drama Romance,Olivier Dahan,Paz Vega,Frank Langella,Derek Jacobi,5.7,"1960s, grace kelly, hollywood star, monaco, prince",English
A Warrior's Tail,2015.0,Adventure Animation Fantasy,Maksim Fadeev,Konstantin Khabenskiy,Fedor Bondarchuk,Sergey Garmash,4.1,"battle, creature, hyena, monkey, village",Russian
Ripley's Game,2002.0,Crime Drama Mystery Thriller,Liliana Cavani,Ray Winstone,Dougray Scott,Chiara Caselli,6.7,"art forgery, concert, dying, picture framer, villa",English
Sausage Party,2016.0,Adventure Animation Comedy Fantasy,Greg Tiernan,James Franco,Salma Hayek,Anders Holm,7.5,"bread, coarse language, f word, sausage, tricked into lesbian sex",English
Pitch Perfect 2,2015.0,Comedy Music,Elizabeth Banks,Anna Kendrick,Birgitte Hjort Sørensen,Hana Mae Lee,6.5,"2010s, a cappella, box office hit, second part, sequel",English
Walk the Line,2005.0,Biography Drama Music Romance,James Mangold,Sandra Ellis Lafferty,Dallas Roberts,Tyler Hilton,7.9,"1960s, accident, concert, guitar, prison",English
Keeping the Faith,2000.0,Comedy Drama Romance,Edward Norton,Lisa Edelstein,Milos Forman,Anne Bancroft,6.4,"celibacy, jewish, priest, rabbi, synagogue",English
The Borrowers,1997.0,Adventure Comedy Family Fantasy,Peter Hewitt,Jim Broadbent,Bradley Pierce,Mark Williams,5.8,"child's point of view, house, lawyer, real estate, washing machine",English
Frost/Nixon,2008.0,Drama,Ron Howard,Toby Jones,Clint Howard,Oliver Platt,7.7,"american president, political drama, scandal, u.s. president, washington post the newspaper",English
Confessions of a Dangerous Mind,2002.0,Biography Comedy Crime Drama Romance Thriller,George Clooney,Dick Clark,David Julian Hirsh,Jennifer Hall,7.1,"broken nose, kgb, marriage proposal, playboy mansion, sistine chapel",English
Serving Sara,2002.0,Comedy Romance,Reginald Hudlin,Matthew Perry,Jerry Stiller,Vincent Pastore,5.3,"divorce, divorce papers, new york, process server, texas",English
The Boss,2016.0,Comedy,Ben Falcone,Peter Dinklage,Tyler Labine,Ben Falcone,5.3,"business, girl scouts, orphanage, overweight woman, quitting a job",English
Cry Freedom,1987.0,Biography Drama History,Richard Attenborough,Denzel Washington,Kevin McNally,Penelope Wilton,7.5,"activist, editor, journalist, newspaper, south africa",English
Mumford,1999.0,Comedy Drama,Lawrence Kasdan,Zooey Deschanel,Alfre Woodard,Mary McDonnell,6.9,"college, drugs, patient, psychologist, secret",English
Seed of Chucky,2004.0,Comedy Fantasy Horror Thriller,Don Mancini,Jason Flemyng,Billy Boyd,Hannah Spearritt,4.9,"actress, killer doll, murder, vixen, vomiting",English
The Jacket,2005.0,Drama Mystery Sci-Fi Thriller,John Maybury,Jennifer Jason Leigh,Jason Lewis,Angel Coulby,7.1,"gulf war veteran, morgue, shot in the head, vermont, veteran",English
Aladdin,1992.0,Adventure Animation Comedy Family Fantasy Musical Romance,Ron Clements,Robin Williams,Frank Welker,Scott Weinger,8.0,"arab, genie, magic, princess, reference to a thousand and one nights",English
Straight Outta Compton,2015.0,Biography Crime Drama History Music,F. Gary Gray,Aldis Hodge,Neil Brown Jr.,R. Marcos Taylor,7.9,"concert, gangsta rap, hip hop, nwa, rap music",English
Indiana Jones and the Temple of Doom,1984.0,Action Adventure,Steven Spielberg,Harrison Ford,Amrish Puri,Kate Capshaw,7.6,"children, studio logo segues into film, temple, village, white dinner jacket",English
The Rugrats Movie,1998.0,Adventure Animation Comedy Drama Family Musical,Igor Kovalyov,Elizabeth Daily,Cree Summer,Christine Cavanaugh,5.9,"baby, home, hospital, lost, newborn baby",English
Along Came a Spider,2001.0,Crime Drama Thriller,Lee Tamahori,Morgan Freeman,Billy Burke,Monica Potter,6.3,"kidnapping, partner, ransom, school, secret service",English
Florence Foster Jenkins,2016.0,Biography Comedy Drama Music Romance,Stephen Frears,Meryl Streep,Nina Arianda,John Sessions,7.1,"heiress, opera singer, platonic marriage, singer, singing",English
Once Upon a Time in Mexico,2003.0,Action Crime Thriller,Robert Rodriguez,Johnny Depp,Salma Hayek,Enrique Iglesias,6.4,"agent, cia, mariachi, mexican, president",English
Die Hard,1988.0,Action Thriller,John McTiernan,Alan Rickman,Bruce Willis,Reginald VelJohnson,8.2,"christmas, christmas eve, christmas party, held at gunpoint, hostage",English
Role Models,2008.0,Comedy,David Wain,Joe Lo Truglio,Ken Marino,Bobb'e J. Thompson,6.9,"absent father, big brother, community service, live action role playing, peter pan syndrome",English
The Big Short,2015.0,Biography Comedy Drama History,Adam McKay,Ryan Gosling,Christian Bale,Charlie Talbert,7.8,"bank, banking, finance, fraud, mortgage",English
Taking Woodstock,2009.0,Comedy Drama Music,Ang Lee,Imelda Staunton,Kevin Chamberlin,Demetri Martin,6.7,"female full frontal nudity, female nudity, male frontal nudity, male full frontal nudity, male nudity",English
Miracle,2004.0,Biography Drama History Sport,Gavin O'Connor,Eddie Cahill,Noah Emmerich,Kenneth Mitchell,7.5,"1980s, hockey, ice hockey, olympics, soviet union",English
Dawn of the Dead,2004.0,Action Horror Thriller,Zack Snyder,Ty Burrell,Kevin Zegers,Mekhi Phifer,7.4,"mall, mayhem, nurse, rear entry sex, survival horror",English
The Wedding Planner,2001.0,Comedy Romance,Adam Shankman,Matthew McConaughey,Judy Greer,Alex Rocco,5.2,"chick flick, doctor, horseback riding, wedding, wedding planner",English
Harlock: Space Pirate,2013.0,Adventure Animation Sci-Fi,Shinji Aramaki,Shun Oguri,Yû Aoi,Haruma Miura,6.5,"liberty, space adventure, space opera, time travel, undercover agent",Japanese
The Royal Tenenbaums,2001.0,Comedy Drama,Wes Anderson,Bill Murray,Anjelica Huston,Seymour Cassel,7.6,"brother brother relationship, family relationships, father daughter relationship, genius, thrown through a window",English
Identity,2003.0,Mystery Thriller,James Mangold,Clea DuVall,Rebecca De Mornay,Jake Busey,7.3,"dissociative identity disorder, motel room key, murder, storm, stranded",English
Last Vegas,2013.0,Comedy Romance,Jon Turteltaub,Robert De Niro,Morgan Freeman,Romany Malco,6.6,"bachelor party, bloody mary the drink, bouncer, brooklyn new york city, vegas",English
For Your Eyes Only,1981.0,Action Adventure Thriller,John Glen,Julian Glover,Topol,Desmond Llewelyn,6.8,"agent, british, ice skater, ship, spy",English
Serendipity,2001.0,Comedy Romance,Peter Chelsom,Lilli Lavine,David Sparrow,Ann Talman,6.9,"christmas, destiny, fate, love, serendipity",English
Timecop,1994.0,Action Crime Sci-Fi Thriller,Peter Hyams,Mia Sara,Bruce McGill,Gloria Reuben,5.8,"cop, corrupt politician, future, senator, time travel",English
Zoolander,2001.0,Comedy,Ben Stiller,Milla Jovovich,Alexander Skarsgård,Will Ferrell,6.6,"fashion, malaysia, male model, reporter, rival",English
Safe Haven,2013.0,Drama Romance Thriller,Lasse Hallström,David Lyons,Noah Lomax,Mimi Kirkland,6.7,"abusive husband, chick flick, north carolina, secret, widower",English
Hocus Pocus,1993.0,Comedy Family Fantasy,Kenny Ortega,Vinessa Shaw,Omri Katz,Larry Bagby,6.7,"candle, cat, halloween, spell, virgin",English
No Reservations,2007.0,Comedy Drama Romance,Scott Hicks,Zoë Kravitz,Lily Rabe,Bob Balaban,6.3,"chef, cooking, guardian, kitchen, restaurant",English
Kick-Ass,2010.0,Action Comedy,Matthew Vaughn,Elizabeth McGovern,Deborah Twiss,Michael Rispoli,7.7,"comic book, female killer, hit in the crotch, narrated by character, reference to batman",English
30 Minutes or Less,2011.0,Action Comedy Crime,Ruben Fleischer,Bianca Kajlich,Dilshad Vadsaria,Fred Ward,6.1,"bank heist, bank robbery, heist gone wrong, pizza delivery boy, unlikely criminal",English
Dracula 2000,2000.0,Action Fantasy Horror Thriller,Patrick Lussier,Gerard Butler,Danny Masterson,Jeri Ryan,4.9,"dracula, gothic, painting, rescue, van helsing",English
"Alexander and the Terrible, Horrible, No Good, Very Bad Day",2014.0,Comedy Family,Miguel Arteta,Bella Thorne,Steve Carell,Jennifer Garner,6.2,"bad day, based on book, birthday, job interview, long title",English
Pride & Prejudice,2005.0,Drama Romance,Joe Wright,Talulah Riley,Brenda Blethyn,Simon Woods,7.8,"bachelor, england, gentleman, georgian, love",English
Blade Runner,1982.0,Sci-Fi Thriller,Ridley Scott,Harrison Ford,Sean Young,M. Emmet Walsh,8.2,"artificial intelligence, human android relationship, megacorporation, police detective, tech noir",English
Rob Roy,1995.0,Adventure Biography,Michael Caton-Jones,Liam Neeson,Jason Flemyng,Eric Stoltz,6.9,"18th century, highlands, scotland, sexual cruelty, sword fight",English
3 Days to Kill,2014.0,Action Drama Thriller,McG,Connie Nielsen,Richard Sammel,Tómas Lemarquis,6.2,"cancer, estranged wife, leather dress, spy, terrorist",English
We Own the Night,2007.0,Crime Drama Thriller,James Gray,Robert Duvall,Oleg Taktarov,Antoni Corone,6.9,"arrest, drugs, loyalty, raid, violence",English
Lost Souls,2000.0,Drama Horror Thriller,Janusz Kaminski,Philip Baker Hall,Bob Clendenin,Ben Chaplin,4.8,"faith, mental patient, priest, scheme, teacher",English
Just My Luck,2006.0,Comedy Fantasy Romance,Donald Petrie,Samaire Armstrong,Carlos Ponce,Faizon Love,5.3,"bad luck, band, kiss, luck, masquerade",English
"Mystery, Alaska",1999.0,Comedy Drama Sport,Jay Roach,Scott Grimes,Mary McCormack,Ron Eldard,6.7,"alaska, male nudity, nudity, sex, small town",English
The Spy Next Door,2010.0,Action Comedy Family,Brian Levant,Madeline Carroll,Amber Valletta,George Lopez,5.4,"chinese, cia, single mother, spy, terrorist",English
A Simple Wish,1997.0,Comedy Family Fantasy,Michael Ritchie,Mara Wilson,Francis Capra,Kathleen Turner,5.4,"8 year old, convention, magic, magic wand, male fairy godmother",English
Ghosts of Mars,2001.0,Action Horror Sci-Fi,John Carpenter,Jason Statham,Clea DuVall,Natasha Henstridge,4.9,"head on a stake, machine gun, martian, nuclear reactor, outer space",English
Our Brand Is Crisis,2015.0,Comedy Drama,David Gordon Green,Dominic Flores,Zoe Kazan,Scoot McNairy,6.1,"bolivia, box office flop, inspired by documentary, presidential campaign, year 2002",English
Pride and Prejudice and Zombies,2016.0,Action Horror Romance,Burr Steers,Matt Smith,Bella Heathcote,Sam Riley,5.8,"based on novel, damsel in distress, deception, england, zombie",English
Kundun,1997.0,Biography Drama History War,Martin Scorsese,Tenzin Thuthob Tsarong,Tulku Jamyang Kunga Tenzin,Tencho Gyalpo,7.0,"chinese, dalai lama, lama, tibet, tibetan",English
How to Lose Friends & Alienate People,2008.0,Comedy Drama Romance,Robert B. Weide,James Corden,Katherine Parkinson,Fenella Woolgar,6.5,"celebrity, party, pig, starlet, writer",English
Kick-Ass 2,2013.0,Action Comedy Crime,Jeff Wadlow,Chloë Grace Moretz,Donald Faison,Augustus Prew,6.6,"hit in the crotch, kicked in the crotch, punched in the crotch, sparring, superhero",English
Captain Alatriste: The Spanish Musketeer,2006.0,Adventure Drama History Romance Thriller War,Agustín Díaz Yanes,Viggo Mortensen,Elena Anaya,Eduardo Noriega,6.1,"desire, fighting, king, spain, trap",Spanish
Brick Mansions,2014.0,Action Crime Drama Thriller,Camille Delamarre,Paul Walker,Robert Maillet,RZA,5.7,"bare chested male bondage, crime lord, die hard scenario, two word title, undercover",English
Octopussy,1983.0,Action Adventure Thriller,John Glen,Louis Jourdan,Kabir Bedi,Steven Berkoff,6.6,"agent, egg, faberge egg, general, russian",English
Knocked Up,2007.0,Comedy Romance,Judd Apatow,Harold Ramis,Martin Starr,Charlyne Yi,7.0,"one night stand, pregnancy, slacker, unplanned pregnancy, website",English
My Sister's Keeper,2009.0,Drama,Nick Cassavetes,Jason Patric,Sofia Vassilieva,Jeffrey Markle,7.4,"hospital, leukemia, oncology, sick child, terminal illness",English
"Welcome Home, Roscoe Jenkins",2008.0,Comedy Drama Romance,Malcolm D. Lee,Mo'Nique,Mike Epps,Cedric the Entertainer,5.3,"african american protagonist, comma in title, four word title, name in title, talk show host",English
A Passage to India,1984.0,Adventure Drama History,David Lean,Richard Wilson,Judy Davis,Art Malik,7.4,"doctor, english, india, magistrate, mosque",English
Notes on a Scandal,2006.0,Crime Drama Romance Thriller,Richard Eyre,Phil Davis,Andrew Simpson,Shaun Parkes,7.4,"age difference, school, student, teacher, writing",English
Rendition,2007.0,Drama Thriller,Gavin Hood,J.K. Simmons,Jake Gyllenhaal,Meryl Streep,6.8,"american, bare chested male bondage, cia, detention, interrogation",English
Star Trek VI: The Undiscovered Country,1991.0,Action Adventure Sci-Fi Thriller,Nicholas Meyer,Leonard Nimoy,Kurtwood Smith,Nichelle Nichols,7.2,"captain, explosion, klingon, moon, peace",English
Divine Secrets of the Ya-Ya Sisterhood,2002.0,Drama,Callie Khouri,Ellen Burstyn,Fionnula Flanagan,Matthew Settle,6.0,"flashback, interview, louisiana, playwright, secret society",English
The Jungle Book,2016.0,Adventure Drama Family Fantasy,Jon Favreau,Scarlett Johansson,Bill Murray,Garry Shandling,7.8,"fire, jungle, remake, tiger, wolf",English
Kiss the Girls,1997.0,Crime Drama Mystery Thriller,Gary Fleder,Morgan Freeman,Tony Goldwyn,Tatyana Ali,6.6,"detective, kidnapping, punching a heavy bag, serial killer, tied to a tree",English
The Blues Brothers,1980.0,Action Comedy Crime Music,John Landis,John Belushi,Aretha Franklin,Ray Charles,7.9,"band, catholic, money, parolee, prison",English
The Sisterhood of the Traveling Pants 2,2008.0,Comedy Drama Family Romance,Sanaa Hamri,America Ferrera,Blythe Danner,Michael Rady,6.2,"actor, drawing, friendship, pregnancy, turkey",English
Joyful Noise,2012.0,Comedy Music,Todd Graff,Dolly Parton,Jeremy Jordan,Jesse L. Martin,5.7,"bare chested male, chips, two word title",English
About a Boy,2002.0,Comedy Drama Romance,Chris Weitz,Sharon Small,Christopher Webster,Peter McNicholl,7.1,"boy, friend, imaginary son, single father, single mother",English
Lake Placid,1999.0,Action Comedy Horror,Steve Miner,Oliver Platt,Bridget Fonda,Ty Olsson,5.6,"crocodile, eaten alive, lake, maine, sheriff",English
Lucky Number Slevin,2006.0,Crime Drama Mystery Thriller,Paul McGuigan,Bruce Willis,Morgan Freeman,Dorian Missick,7.8,"coroner, death, gay son, love, mistaken identity",English
The Right Stuff,1983.0,Adventure Drama History,Philip Kaufman,Dennis Quaid,Scott Glenn,Sam Shepard,7.9,"astronaut, sound barrier, space program, u.s. air force, u.s. space program",English
Anonymous,2011.0,Drama History Thriller,Roland Emmerich,Vanessa Redgrave,Joely Richardson,Rafe Spall,6.9,"earl of oxford, play, queen, rebellion, shakespeare play",English
The NeverEnding Story,1984.0,Adventure Drama Family Fantasy,Wolfgang Petersen,Gerald McRaney,Barret Oliver,Alan Oppenheimer,7.4,"book, dragon, story within the story, talking animal, werewolf",English
Dark City,1998.0,Action Drama Fantasy Mystery Sci-Fi Thriller,Alex Proyas,Rufus Sewell,William Hurt,Bruce Spence,7.7,"memory, murder, neo noir, retrofuturism, tech noir",English
The Duchess,2008.0,Biography Drama History Romance,Saul Dibb,Dominic Cooper,Hayley Atwell,Charlotte Rampling,6.9,"duchess, duke, heir, infidelity, marriage",English
Return to Oz,1985.0,Adventure Family Fantasy Horror Mystery,Walter Murch,Piper Laurie,Jean Marsh,Tim Rose,6.7,"chicken, delusional depression, doctor, king, mysterious girl",English
The Newton Boys,1998.0,Action Crime Drama History Western,Richard Linklater,Matthew McConaughey,Lew Temple,Dwight Yoakam,6.0,"bank robber, brother brother relationship, crime spree, explosive, train",English
Case 39,2009.0,Horror Mystery Thriller,Christian Alvart,Bradley Cooper,Callum Rennie,Vanesa Tomasino,6.2,"death, fear, hairy chest, social worker, spinning in chair",English
Suspect Zero,2004.0,Crime Drama Mystery Thriller,E. Elias Merhige,Harry Lennix,Kevin Chamberlin,William Mapother,5.9,"fbi, fbi agent, murder, salesman, serial killer",English
Martian Child,2007.0,Comedy Drama Family,Menno Meyjes,Oliver Platt,Richard Schiff,Sophie Okonedo,6.8,"adopted son, adoption, boy, mars the planet, widower",English
Spy Kids: All the Time in the World in 4D,2011.0,Action Adventure Comedy Family Sci-Fi,Robert Rodriguez,Alexa PenaVega,Joel McHale,Daryl Sabara,3.6,"2010s, 3 dimensional, breath holding contest, child spy, spy",English
Money Monster,2016.0,Crime Drama Thriller,Jodie Foster,Julia Roberts,Jack O'Connell,Chris Bauer,6.7,"death, hostage, money, shot in the chest, shot in the heart",English
Formula 51,2001.0,Action Comedy Crime Thriller,Ronny Yu,Meat Loaf,Junix Inocian,Paul Barber,6.3,"american in the uk, drug lord, drugs, gangster, organized crime",English
Flawless,1999.0,Comedy Crime Drama,Joel Schumacher,Robert De Niro,Philip Seymour Hoffman,Chris Bauer,6.4,"gay interest, gay lead character, gay republican, homosexual, neighbor",English
Mindhunters,2004.0,Crime Horror Mystery Thriller,Renny Harlin,LL Cool J,Clifton Collins Jr.,Eion Bailey,6.4,"fbi, group, island, serial killer, training",English
What Just Happened,2008.0,Comedy Drama,Barry Levinson,Robert De Niro,Robin Wright,Kristen Stewart,5.7,"actor, agent, beard, cannes, hollywood",English
The Statement,2003.0,Drama Thriller,Norman Jewison,Charlotte Rampling,Colin Salmon,John Neville,6.2,"eiffel tower, nazi, police, ritual, stew",English
The Magic Flute,2006.0,Drama Musical Romance,Kenneth Branagh,Kim-Marie Woodhouse,Amy Carson,Joseph Kaiser,6.6,"based on opera, evil, mozart, queen, walking wounded",English
Paul Blart: Mall Cop,2009.0,Action Comedy Crime,Steve Carr,Erick Avari,Adhir Kalyan,Allen Covert,5.2,"cell phone, hostage, mall, security guard, text messaging",English
Freaky Friday,2003.0,Comedy Family Fantasy Music Romance,Mark Waters,Jamie Lee Curtis,Julie Gonzalo,Willie Garson,6.1,"body swap, camera shot of feet, foot closeup, reference to keith richards, reference to the rolling stones",English
The 40-Year-Old Virgin,2005.0,Comedy Romance,Judd Apatow,Steve Carell,Romany Malco,Gerry Bednob,7.1,"40 year old, car accident, cheating on girlfriend, collection, porno movie",English
Shakespeare in Love,1998.0,Comedy Drama Romance,John Madden,Tom Wilkinson,Martin Clunes,Simon Callow,7.2,"actor, audition, muse, playwright, theater",English
A Walk Among the Tombstones,2014.0,Crime Drama Mystery Thriller,Scott Frank,Liam Neeson,Boyd Holbrook,David Harbour,6.5,"drug dealer, ex cop, murder of wife, revenge, violence",English
Kindergarten Cop,1990.0,Action Comedy Crime,Ivan Reitman,Richard Tyson,Cathy Moriarty,Penelope Ann Miller,6.0,"astoria, kindergarten, kindergarten teacher, school, teacher",English
Pineapple Express,2008.0,Action Comedy Crime,David Gordon Green,James Franco,Gary Cole,Rosie Perez,7.0,"murder, paranoia, process server, roach, stoner",English
Ever After: A Cinderella Story,1998.0,Comedy Drama Romance,Andy Tennant,Anjelica Huston,Dougray Scott,Jeanne Moreau,7.0,"based on fairy tale, bechdel test passed, cinderella, fairy tale, leonardo da vinci",English
Open Range,2003.0,Drama Romance Western,Kevin Costner,Robert Duvall,Michael Jeter,Julian Richings,7.5,"boss, cattle, cowboy, rancher, violence",English
Flatliners,1990.0,Drama Horror Sci-Fi Thriller,Joel Schumacher,Julia Roberts,Oliver Platt,Hope Davis,6.6,"childhood trauma, death, medical student, memory, near death experience",English
A Bridge Too Far,1977.0,Drama History War,Richard Attenborough,Ryan O'Neal,Dirk Bogarde,Wolfgang Preiss,7.4,"airborne troops, allies, operation market garden, panzer, paratrooper",English
Red Eye,2005.0,Mystery Thriller,Wes Craven,Robert Pine,Carl Gilliard,Suzie Plakson,6.5,"airport, flight, hotel, hotel manager, plane",English
Final Destination 2,2003.0,Horror Thriller,David R. Ellis,Sarah Carter,Michael Landes,Keegan Connor Tracy,6.2,"car accident, death, freak accident, hospital, premonition",English
"O Brother, Where Art Thou?",2000.0,Adventure Comedy Crime Music,Joel Coen,Holly Hunter,Tim Blake Nelson,Daniel von Bargen,7.8,"baby, bank, blind prophet, convict, sirens",English
Legion,2010.0,Action Fantasy Horror,Scott Stewart,Dennis Quaid,Kate Walsh,Charles S. Dutton,5.2,"angel, diner, faith, human race, religious faith",English
Pain & Gain,2013.0,Comedy Crime Drama,Michael Bay,Dwayne Johnson,Larry Hankin,Michael Rispoli,6.5,"american dream, bodybuilder, money, punch into the camera, reference to julia roberts",English
In Good Company,2004.0,Comedy Drama Romance,Paul Weitz,Scarlett Johansson,Ty Burrell,Dennis Quaid,6.5,"company, corporate takeover, executive, magazine, new boss",English
Clockstoppers,2002.0,Action Adventure Comedy Sci-Fi Thriller,Jonathan Frakes,Michael Biehn,Paula Garcés,Jason George,5.2,"frozen time, stopped time, time freeze, watch, wristwatch",English
Silverado,1985.0,Action Crime Drama Western,Lawrence Kasdan,Scott Glenn,Todd Allen,Brad Leland,7.2,"1880s, kiss, small town, table broken in fight, wild west",English
Brothers,2009.0,Drama Thriller,Jim Sheridan,Natalie Portman,Jake Gyllenhaal,Bailee Madison,7.1,"afghanistan, death of soldier, presumed dead, prisoner, war trauma",English
Agent Cody Banks 2: Destination London,2004.0,Action Adventure Comedy Family Romance Sci-Fi,Kevin Allen,Daniel Roebuck,Frankie Muniz,David Kelly,4.5,"chase, evil scientist, gadget, mind control, tough girl",English
New Year's Eve,2011.0,Comedy Romance,Garry Marshall,Robert De Niro,Common,Seth Meyers,5.7,"expecting, kiss, new year, new year's eve, singer",English
Original Sin,2001.0,Drama Mystery Romance Thriller,Michael Cristofer,Angelina Jolie Pitt,Gregory Itzin,Jack Thompson,6.0,"delaware, erotica, money, pursuit, sex scene",English
The Raven,2012.0,Crime Mystery Thriller,James McTeigue,Pam Ferris,Dave Legeno,Kevin McNally,6.4,"mask, murder, newspaper, poem, serial killer",English
Welcome to Mooseport,2004.0,Comedy Romance,Donald Petrie,Rip Torn,Ray Romano,Maura Tierney,5.2,"mayor, pink panties, upskirt, white panties, yellow panties",English
Highlander: The Final Dimension,1994.0,Action Fantasy Romance Sci-Fi,Andrew Morahan,Christopher Lambert,Mako,Mario Van Peebles,4.3,"cave, highlander, illusion, immortal, japan",English
Blood and Wine,1996.0,Crime Drama Thriller,Bob Rafelson,Harold Perrineau,Mike Starr,Judy Davis,6.1,"diamond, necklace, safecracker, wine, wine dealer",English
Snow White: A Tale of Terror,1997.0,Fantasy Horror,Michael Cohn,David Conrad,Chris Bauer,Monica Keena,6.3,"apple, miner, mirror, necromancy, woods",English
The Curse of the Jade Scorpion,2001.0,Comedy Crime Mystery Romance,Woody Allen,Woody Allen,Elizabeth Berkley,Peter Gerety,6.8,"efficiency expert, insurance investigator, magician, scorpion, thief",English
Accidental Love,2015.0,Comedy Romance,David O. Russell,Jake Gyllenhaal,Kirstie Alley,Beverly D'Angelo,4.0,"health insurance, long delayed release, nail in the head, waitress, washington d.c.",English
Flipper,1996.0,Adventure Family,Alan Shapiro,Paul Hogan,Chelsea Field,Jessica Wesson,5.2,"dolphin, florida, florida keys, summer, vomiting",English
Self/less,2015.0,Action Mystery Sci-Fi Thriller,Tarsem Singh,Ryan Reynolds,Derek Luke,Sandra Ellis Lafferty,6.5,"cancer, elderly man, funeral, medical, transhumanism",English
The Constant Gardener,2005.0,Drama Mystery Romance Thriller,Fernando Meirelles,Archie Panjabi,Danny Huston,Donald Sumpter,7.5,"death, diplomat, doctor, kenya, murder",English
The Passion of the Christ,2004.0,Drama,Mel Gibson,Christo Jivkov,Maia Morgenstern,Hristo Shopov,7.1,"anti semitism, cult film, grindhouse, suffering, torture",Aramaic
Mrs. Doubtfire,1993.0,Comedy Drama Family Romance,Chris Columbus,Robin Williams,Mara Wilson,Matthew Lawrence,6.9,"actor, based on novel, fancy restaurant, male actor playing a female character, party",English
Rain Man,1988.0,Drama,Barry Levinson,Tom Cruise,Valeria Golino,Beth Grant,8.0,"buick, convertible, last will and testament, savant, travel",English
Gran Torino,2008.0,Drama,Clint Eastwood,Clint Eastwood,Dreama Walker,Ahney Her,8.2,"gang, gang rape, hmong, teenager, widower",English
W.,2008.0,Biography Drama History,Oliver Stone,Toby Jones,Scott Glenn,Bruce McGill,6.4,"bible, cabinet meeting, dog, drinking, family relationships",English
Taken,2008.0,Action Thriller,Pierre Morel,Liam Neeson,Holly Valance,Xander Berkeley,7.9,"agent, cia, france, rescue, teenage abduction",English
The Best of Me,2014.0,Drama Romance,Michael Hoffman,Luke Bracey,Gerald McRaney,Clarke Peters,6.7,"adultery, based on novel, heart transplant, infidelity, protective male",English
The Bodyguard,1992.0,Action Drama Music Romance,Mick Jackson,Bill Cobbs,Mike Starr,DeVaughn Nixon,6.1,"bodyguard, manager, pop singer, secret service agent, singer",English
Schindler's List,1993.0,Biography Drama History,Steven Spielberg,Liam Neeson,Embeth Davidtz,Caroline Goodall,8.9,"german, german soldier, jew, jewish, nazi",English
The Help,2011.0,Drama,Tate Taylor,Emma Stone,Bryce Dallas Howard,Mike Vogel,8.1,"black servant, chocolate pie, jackson mississippi, maid, writing a novel",English
The Fifth Estate,2013.0,Biography Drama Thriller,Bill Condon,Benedict Cumberbatch,Peter Capaldi,Jamie Blackley,6.2,"computer hacker, internet, news leak, whistleblowing, wikileaks",English
Scooby-Doo 2: Monsters Unleashed,2004.0,Adventure Comedy Family Fantasy Horror Mystery,Raja Gosnell,Sarah Michelle Gellar,Linda Cardellini,Tim Blake Nelson,4.9,"ghost, masked villain, monster, museum, tv",English
Viy,2014.0,Adventure Fantasy Mystery Thriller,Oleg Stepchenko,Jason Flemyng,Igor Jijikine,Agnia Ditkovskite,5.4,"cartographer, creature, foreign language adaptation, sword and sorcery, village",Russian
Freddy vs. Jason,2003.0,Action Horror Thriller,Ronny Yu,Katharine Isabelle,Jason Ritter,Zack Ward,5.8,"elm street, freddy krueger, jason voorhees, serial killer, slasher",English
Jimmy Neutron: Boy Genius,2001.0,Action Adventure Animation Comedy Family Sci-Fi,John A. Davis,Martin Short,Rob Paulsen,Andrea Martin,6.0,"alien, boy genius, children, genius, rescue",English
Cloverfield,2008.0,Action Adventure Horror Sci-Fi,Matt Reeves,Mike Vogel,Ben Feldman,Liza Lapira,7.0,"brooklyn new york city, found footage, night vision, statue of liberty new york city, subway tunnel",English
Teenage Mutant Ninja Turtles II: The Secret of the Ooze,1991.0,Action Adventure Comedy Family Sci-Fi,Michael Pressman,Kevin Nash,Paige Turco,Ernie Reyes Jr.,6.0,"chop socky, mutant, ninja, shredder, turtle",English
The Untouchables,1987.0,Crime Drama Thriller,Brian De Palma,Robert De Niro,Billy Drago,Charles Martin Smith,7.9,"corrupt judge, tax evasion, tough cop, white suit, year 1930",English
No Country for Old Men,2007.0,Crime Drama Thriller,Ethan Coen,Kelly Macdonald,Stephen Root,Barry Corbin,8.1,"coin toss, desert, sheriff, texas, tracking device",English
Ride Along,2014.0,Action Comedy Crime Romance,Tim Story,Bruce McGill,Tika Sumpter,Bryan Callen,6.2,"gunfight, outrunning explosion, police, security guard, street shootout",English
Bridget Jones's Diary,2001.0,Comedy Drama Romance,Sharon Maguire,Colin Firth,Jim Broadbent,Shirley Henderson,6.7,"american actress playing british character, book publishing, calorie counting, employer employee relationship, rabbit costume",English
Chocolat,2000.0,Drama Romance,Lasse Hallström,Lena Olin,Leslie Caron,Hugh O'Conor,7.3,"chocolate, chocolate shop, food, france, village",English
"Legally Blonde 2: Red, White & Blonde",2003.0,Comedy,Charles Herman-Wurmfeld,Mary Lynn Rajskub,Bruce McGill,Bob Newhart,4.6,"animal rights, congresswoman, doorman, transvestism, washington d.c.",English
Parental Guidance,2012.0,Comedy Family,Andy Fickman,Bailee Madison,Gedde Watanabe,Tom Everett Scott,6.1,"chores, father figure, helicopter parents, in laws, punishment",English
No Strings Attached,2011.0,Comedy Romance,Ivan Reitman,Natalie Portman,Greta Gerwig,Mindy Kaling,6.2,"ex girlfriend, funeral, hospital, male objectification, summer camp",English
Tombstone,1993.0,Action Biography Drama History Romance Western,George P. Cosmatos,Michael Biehn,Dana Delany,Powers Boothe,7.8,"cigar smoking, cowboy, duel, outlaw, tombstone arizona",English
Romeo Must Die,2000.0,Action Crime Thriller,Andrzej Bartkowiak,Jet Li,Delroy Lindo,Aaliyah,6.1,"death, hong kong, kung fu, prison, waterfront",English
The Omen,1976.0,Fantasy Horror Mystery,Richard Donner,Lee Remick,Patrick Troughton,Billie Whitelaw,7.6,"ambassador, death, hospital, priest, stillborn child",English
Final Destination 3,2006.0,Horror,James Wong,Chelan Simmons,Gina Holden,Crystal Lowe,5.8,"amusement park, death, fate, premonition, roller coaster",English
The Lucky One,2012.0,Drama Romance,Scott Hicks,Blythe Danner,Riley Thomas Stewart,Jay R. Ferguson,6.5,"arrogance, child in peril, disarming someone, kennel, post traumatic stress disorder",English
Bridge to Terabithia,2007.0,Adventure Drama Family Fantasy,Gabor Csupo,Josh Hutcherson,Zooey Deschanel,Bailee Madison,7.2,"bully, friend, imagination, reality, troll",English
Finding Neverland,2004.0,Biography Drama Family,Marc Forster,Johnny Depp,Kate Winslet,Kelly Macdonald,7.8,"boy, inspiration, reference to peter pan, stage play, widow",English
A Madea Christmas,2013.0,Comedy Drama,Tyler Perry,Alicia Witt,Tika Sumpter,Larry the Cable Guy,4.7,"christmas, holiday, madea series, rural setting, stubbornness",English
The Grey,2011.0,Action Adventure Drama Thriller,Joe Carnahan,Liam Neeson,Frank Grillo,James Badge Dale,6.8,"alaska, leadership, snow, survival, wilderness",English
Hide and Seek,2005.0,Drama Horror Mystery Thriller,John Polson,Robert De Niro,Dylan Baker,Robert John Burke,5.9,"bathtub, psychologist, pushed out a window, smothered with a pillow, telescope",English
Anchorman: The Legend of Ron Burgundy,2004.0,Comedy,Adam McKay,Darcy Donavan,Will Ferrell,Steve Carell,7.2,"1970s, anchorman, news anchor, newsroom, tv station",English
Goodfellas,1990.0,Biography Crime Drama,Martin Scorsese,Robert De Niro,Mike Starr,Paul Sorvino,8.7,"betrayal, gangster, mafia, organized crime, robbery",English
Agent Cody Banks,2003.0,Action Adventure Comedy Crime Family Romance Thriller,Harald Zwart,Daniel Roebuck,Frankie Muniz,Chris Gauthier,5.0,"cia, nanobot, prep school, scientist, teenager",English
Nanny McPhee,2005.0,Comedy Family Fantasy,Kirk Jones,Colin Firth,Kelly Macdonald,Imelda Staunton,6.6,"father, governess, magic, nanny, widower",English
Scarface,1983.0,Crime Drama,Brian De Palma,Al Pacino,F. Murray Abraham,Mary Elizabeth Mastrantonio,8.3,"assassination attempt, capitalism, cocaine, cuban american, cuban refugee",English
Nothing to Lose,1997.0,Action Adventure Comedy Crime,Steve Oedekerk,Kelly Preston,Michael McKean,Rebecca Gayheart,6.7,"boss, ghetto, money, robber, robbery",English
The Last Emperor,1987.0,Biography Drama History,Bernardo Bertolucci,Cary-Hiroyuki Tagawa,Joan Chen,Victor Wong,7.8,"abdication, china, emperor, forbidden city, republic",English
Contraband,2012.0,Action Crime Drama Thriller,Baltasar Kormákur,J.K. Simmons,David O'Hara,Lukas Haas,6.5,"cocaine, contraband, drug lord, prison, smuggling",English
Money Talks,1997.0,Action Comedy Crime Thriller,Brett Ratner,Heather Locklear,Paul Sorvino,Faizon Love,6.1,"blood splatter, fistfight, murder, police, prison bus",English
There Will Be Blood,2007.0,Drama,Paul Thomas Anderson,Jim Meskimen,Paul F. Tompkins,Kevin Breznahan,8.1,"alcoholic, alcoholism, money, oil, turn of the century",English
The Wild Thornberrys Movie,2002.0,Adventure Animation Comedy Family Fantasy,Cathy Malkasian,Alfre Woodard,Flea,Cree Summer,5.2,"africa, chimpanzee, elephant, safari, shaman",English
Rugrats Go Wild,2003.0,Adventure Animation Comedy Family Fantasy Musical,John Eng,Elizabeth Daily,Cree Summer,Nancy Cartwright,5.6,"kid, oxygen, rugrats, trapped underwater, underwater",English
Undercover Brother,2002.0,Action Comedy,Malcolm D. Lee,Dave Chappelle,Eddie Griffin,Chi McBride,5.8,"african american, cadillac, disguise, secret agent, undercover",English
The Sisterhood of the Traveling Pants,2005.0,Comedy Drama Family Romance,Ken Kwapis,Mike Vogel,America Ferrera,Kyle Schmid,6.6,"friendship, jeans, pants, summer, vacation",English
Kiss of the Dragon,2001.0,Action Crime Drama Thriller,Chris Nahon,Jet Li,Bridget Fonda,Max Ryan,6.6,"action hero, chinese, forced prostitution, one man army, title spoken by character",English
The House Bunny,2008.0,Comedy Romance,Fred Wolf,Emma Stone,Katharine McPhee,Beverly D'Angelo,5.5,"makeover, party, playboy, playboy mansion, sorority",English
Beauty Shop,2005.0,Comedy,Bille Woodruff,Alfre Woodard,Keshia Knight Pulliam,LisaRaye McCoy,5.5,"client, dentures, false teeth, reference to peter pan, single parent",English
Million Dollar Arm,2014.0,Biography Drama Sport,Craig Gillespie,Jon Hamm,Suraj Sharma,Gregory Alan Williams,7.0,"baseball, based on true story, india, sports agent, training",English
The Giver,2014.0,Drama Romance Sci-Fi,Phillip Noyce,Jeff Bridges,Meryl Streep,Alexander Skarsgård,6.5,"black and white segues into color, color, community, dystopia, infanticide",English
What a Girl Wants,2003.0,Comedy Drama Family Romance,Dennie Gordon,Colin Firth,Oliver James,Kelly Preston,5.8,"american, daughter, england, father, politician",English
Jeepers Creepers II,2003.0,Horror,Victor Salva,Nicki Aycox,Jonathan Breck,Billy Aaron Brown,5.6,"cheerleader, farmer, fear, high school basketball, nightmare",English
Good Luck Chuck,2007.0,Comedy Romance,Mark Helfrich,Dane Cook,Dan Fogler,Chelan Simmons,5.6,"breasts, leg spreading, mini skirt, sex, sex in bed",English
Cradle 2 the Grave,2003.0,Action Crime Drama Thriller,Andrzej Bartkowiak,Jet Li,Tom Arnold,DMX,5.8,"camera shot from inside human body, diamond, evil man, heist, terrorism",English
The Hours,2002.0,Drama Romance,Stephen Daldry,Meryl Streep,Stephen Dillane,Miranda Richardson,7.6,"housewife, lesbian, novel, party, reading",English
She's the Man,2006.0,Comedy Romance,Andy Fickman,Channing Tatum,Alexandra Breckenridge,Laura Ramsey,6.4,"disguise, roommate, school, soccer, twin",English
Mr. Bean's Holiday,2007.0,Comedy Family,Steve Bendelack,Lily Atkinson,Emma de Caunes,Steve Pemberton,6.3,"camcorder, cannes, director, lost passport, train",English
Anacondas: The Hunt for the Blood Orchid,2004.0,Action Adventure Horror Thriller,Dwight H. Little,Nicholas Gonzalez,Salli Richardson-Whitfield,Johnny Messner,4.6,"anaconda, blood, borneo, flower, orchid",English
Blood Ties,2013.0,Crime Drama Thriller,Guillaume Canet,Mila Kunis,Lili Taylor,Billy Crudup,6.5,"1970s, flashback, love, money, murder",English
August Rush,2007.0,Drama Music,Kirsten Sheridan,Robin Williams,Aaron Staton,Marian Seldes,7.5,"baby, cellist, genius, prodigy, rhapsody",English
Elizabeth,1998.0,Biography Drama History,Shekhar Kapur,Fanny Ardant,John Gielgud,Eric Cantona,7.5,"16th century, british royal family, catholic, queen, queen elizabeth i",English
Bride of Chucky,1998.0,Comedy Fantasy Horror Romance,Ronny Yu,Alexis Arquette,Park Bench,Vince Corazza,5.3,"blood, doll, gore, murder, serial killer",English
Tora! Tora! Tora!,1970.0,Action Drama History War,Richard Fleischer,Joseph Cotten,Richard Anderson,James Whitmore,7.5,"attack, hawaii, navy, pearl harbor, u.s. navy",English
Spice World,1997.0,Comedy Family Music,Bob Spiers,Jason Flemyng,Richard Briers,Victoria Beckham,3.3,"bus, concert, live concert, pop group, spice girl",English
The Sitter,2011.0,Comedy,David Gordon Green,Ari Graynor,J.B. Smoove,Kylie Bunbury,5.7,"babysitting, car crash, child in peril, kicked in the face, reference to craigslist",English
Dance Flick,2009.0,Action Comedy Music,Damien Dante Wayans,Damon Wayans Jr.,Essence Atkins,Chris Elliott,3.5,"african american, dance, overalls, parody, rap",English
The Shawshank Redemption,1994.0,Crime Drama,Frank Darabont,Morgan Freeman,Jeffrey DeMunn,Bob Gunton,9.3,"escape from prison, first person narration, prison, prison cell search, wrongful imprisonment",English
Crocodile Dundee in Los Angeles,2001.0,Adventure Comedy Crime,Simon Wincer,Jere Burns,Paul Hogan,Linda Kozlowski,4.8,"boat, crocodile, garbage can, knife, paramount pictures",English
Kingpin,1996.0,Comedy Sport,Bobby Farrelly,Bill Murray,Lin Shaye,Richard Tyson,6.9,"amish, bowling, on the road, rubber hand, tournament",English
The Gambler,2014.0,Crime Drama Thriller,Rupert Wyatt,George Kennedy,Cjon Saulsberry,Griffin Cleveland,6.0,"dog, gambler, gambling, gangster, professor",English
August: Osage County,2013.0,Drama,John Wells,Benedict Cumberbatch,Meryl Streep,Julia Roberts,7.3,"based on play, incestuous relationship, pedophilia, secret, teenage daughter",English
Ice Princess,2005.0,Comedy Drama Family Sport,Tim Fywell,Connie Ray,Trevor Blumas,Amy Stewart,6.0,"championship, coach, harvard, physics, zamboni",English
A Lot Like Love,2005.0,Comedy Drama Romance,Nigel Cole,Aimee Garcia,Tyrone Giordano,James Read,6.6,"flight, hasselblad camera, los angeles california, love, medium format camera",English
Eddie the Eagle,2016.0,Biography Comedy Drama Sport,Dexter Fletcher,Hugh Jackman,Taron Egerton,Tim McInnerny,7.5,"1988 winter olympics, coach, ski jumper, winter, winter olympics",English
He Got Game,1998.0,Drama Sport,Spike Lee,Denzel Washington,Milla Jovovich,Rosario Dawson,6.9,"basketball, basketball player, female nudity, porn actor in mainstream movie, prison",English
Don Juan DeMarco,1994.0,Comedy Drama Romance,Jeremy Leven,Johnny Depp,Marlon Brando,Faye Dunaway,6.8,"don juan, mental institution, patient, psychiatrist, retirement",English
Dear John,2010.0,Drama Romance War,Lasse Hallström,Channing Tatum,Henry Thomas,Scott Porter,6.3,"army, coin collector, love, surfboard, u.s. army",English
The Losers,2010.0,Action Crime Drama Mystery Thriller,Sylvain White,Chris Evans,Jason Patric,Óscar Jaenada,6.4,"hacking, hijacking, martial arts, revenge, special forces",English
Don't Be Afraid of the Dark,2010.0,Fantasy Horror Thriller,Troy Nixey,Bailee Madison,Alan Dale,Jack Thompson,5.6,"basement, creature, disappearance, interior designer, mansion",English
War,2007.0,Action Crime Thriller,Philip G. Atwell,Jason Statham,Jet Li,Nadine Velazquez,6.3,"assassin, betrayal, fbi, fbi agent, yakuza",English
Punch-Drunk Love,2002.0,Comedy Drama Romance Thriller,Paul Thomas Anderson,Adam Sandler,Emily Watson,Don McManus,7.3,"harmonium, love, phone sex, pudding, sister",English
EuroTrip,2004.0,Comedy,Jeff Schaffer,Matt Damon,Scott Mechlowicz,Jacob Pitts,6.6,"female frontal nudity, male frontal nudity, nudist, nudity, public nudity",English
Half Past Dead,2002.0,Action Crime Thriller,Don Michael Paul,Claudia Christian,Nia Peeples,Tony Plana,4.6,"alcatraz, fbi, gold, prison, undercover",English
Unaccompanied Minors,2006.0,Adventure Comedy Family Romance,Paul Feig,Tyler James Williams,Rob Riggle,B.J. Novak,5.1,"airport, black comedy, blizzard, christmas, pennsylvania",English
"Bright Lights, Big City",1988.0,Drama,James Bridges,Dianne Wiest,Phoebe Cates,Swoosie Kurtz,5.6,"estranged wife, fashion show, magazine, new york city, writer",English
The Adventures of Pinocchio,1996.0,Adventure Family Fantasy Musical,Steve Barron,Martin Landau,Udo Kier,Bebe Neuwirth,5.3,"based on novel, human becoming an animal, slow motion, transformation, young boy",Italian
The Greatest Game Ever Played,2005.0,Drama History Sport,Bill Paxton,Stephen Dillane,Matthew Knight,Amanda Tilson,7.5,"champion, golf tournament, golfer, nostalgia, orchestral music score",English
The Box,2009.0,Drama Fantasy Mystery Thriller,Richard Kelly,Frank Langella,Gillian Jacobs,Celia Weston,5.6,"alien, library, moral dilemma, nosebleed, supernatural power",English
The Ruins,2008.0,Horror,Carter Smith,Laura Ramsey,Jonathan Tucker,Sergio Calderón,5.9,"bow and arrow, group of friends, horse, rifle, ruins",English
The Next Best Thing,2000.0,Comedy Drama Romance,John Schlesinger,Mark Valley,Rupert Everett,Illeana Douglas,4.7,"best friend, cartoon on tv, custody battle, gay, gay friend",English
My Soul to Take,2010.0,Horror Mystery Thriller,Wes Craven,Frank Grillo,Emily Meade,Zena Grey,4.8,"evil, killer, murder, psychopath, serial killer",English
The Girl Next Door,2004.0,Comedy Drama Romance,Luke Greenfield,Chris Marquette,Timothy Bottoms,Jacob Young,6.8,"forced to strip, male rear nudity, porn actress, scantily clad female, teenager",English
Maximum Risk,1996.0,Action Crime Mystery Romance Thriller,Ringo Lam,Natasha Henstridge,Zach Grenier,Paul Ben-Victor,5.4,"fbi, fbi agent, mafia, russian mafia, twin",English
Stealing Harvard,2002.0,Comedy Crime,Bruce McCulloch,Martin Starr,Megan Mullally,Chris Penn,5.1,"black humor, crying during sex, harvard, humor, man with glasses",English
Legend,2015.0,Biography Crime Drama History Thriller,Brian Helgeland,Tom Hardy,Paul Anderson,Tara Fitzgerald,7.0,"1960s, based on a true story, gangster, identical twins, murder",English
Hot Rod,2007.0,Comedy,Akiva Schaffer,Sissy Spacek,Jorma Taccone,Chris Parnell,6.7,"humiliation, man child, moped, neighbor, slacker",English
Shark Night 3D,2011.0,Horror Thriller,David R. Ellis,Chris Zylka,Joel David Moore,Katharine McPhee,4.0,"lake, louisiana, redneck, shark, vacation",English
Angela's Ashes,1999.0,Drama,Alan Parker,Emily Watson,Devon Murray,Pauline McLynn,7.3,"drink, ira, irish, limerick, prejudice",English
Draft Day,2014.0,Drama Sport,Ivan Reitman,Jennifer Garner,Chi McBride,Patrick St. Esprit,6.8,"cleveland browns, head coach, linebacker, nfl, team owner",English
Lifeforce,1985.0,Action Horror Sci-Fi Thriller,Tobe Hooper,Frank Finlay,Steve Railsback,Peter Firth,6.1,"alien, halleys comet, life force, space vampire, vampire",English
The Conspirator,2010.0,Crime Drama History,Robert Redford,Robin Wright,Tom Wilkinson,Stephen Root,7.0,"john wilkes booth, lawyer, lincoln assassination, trial, truth",English
Lords of Dogtown,2005.0,Biography Drama Sport,Catherine Hardwicke,Heath Ledger,Michael Angarano,Rebecca De Mornay,7.1,"1970s, skateboarder, skateboarding, surf, swimming pool",English
The 33,2015.0,Biography Drama History,Patricia Riggen,Marco Treviño,James Brolin,Jacob Vargas,6.9,"disaster movie, mine, minister, president, trapped in a mine",English
Big Trouble in Little China,1986.0,Action Adventure Comedy Fantasy,John Carpenter,Victor Wong,Kate Burton,Peter Kwong,7.3,"1980s, airport, cb radio, truck, truck driver",English
A Perfect Plan,2012.0,Comedy Romance,Pascal Chaumeil,Dany Boon,Malonn Lévana,Alice Pol,6.3,"curse, divorce, marriage, tourism, travel",French
Warrior,2011.0,Drama Sport,Gavin O'Connor,Tom Hardy,Frank Grillo,Kevin Dunn,8.2,"alcoholic, mixed martial arts, return home, tournament, underdog",English
Michael Collins,1996.0,Biography Drama Thriller War,Neil Jordan,Alan Rickman,Liam Neeson,Julia Roberts,7.1,"ireland, irish, irish civil war, irish free state, sinn fein",English
Gettysburg,1993.0,Drama History War,Ron Maxwell,Tom Berenger,William Morgan Sheppard,James Patrick Stuart,7.7,"american civil war, battle, blood splatter, civil war, irish american",English
Stop-Loss,2008.0,Drama War,Kimberly Peirce,Joseph Gordon-Levitt,Channing Tatum,Abbie Cornish,6.5,"friendship, honor, iraq war, soldier, texas",English
Abandon,2002.0,Drama Music Mystery Romance Thriller,Stephen Gaghan,Charlie Hunnam,Zooey Deschanel,Tony Goldwyn,4.9,"college, detective, disappearance, police detective, thesis",English
Brokedown Palace,1999.0,Drama Mystery Thriller,Jonathan Kaplan,John Doe,Tom Amandes,Daniel Lapaine,6.4,"bangkok, friend, lawyer, smuggling, thailand",English
The Possession,2012.0,Horror Thriller,Ole Bornedal,Kyra Sedgwick,Madison Davenport,Natasha Calis,5.9,"basketball coach, box, jewish, rabbi, yard sale",English
Mrs. Winterbourne,1996.0,Comedy Drama Romance,Richard Benjamin,Brendan Fraser,Jane Krakowski,Cathryn de Prume,6.2,"love, train, train wreck, twin brother, two word title",English
Straw Dogs,2011.0,Action Drama Thriller,Rod Lurie,Alexander Skarsgård,Laz Alonso,Rhys Coiro,5.8,"gang rape, panties pulled down, rape, rape victim, sexual humiliation",English
The Hoax,2006.0,Comedy Drama,Lasse Hallström,Hope Davis,Christopher Evan Welch,James Biberi,6.7,"book, fabrication, fake, hoax, manuscript",English
Stone Cold,1991.0,Action Crime Drama Thriller,Craig R. Baxley,Brian Bosworth,Sam McMurray,Richard Gant,5.9,"biker, biker gang, fbi, mississippi, undercover",English
The Road,2009.0,Adventure Drama,John Hillcoat,Viggo Mortensen,Charlize Theron,Robert Duvall,7.3,"apocalypse, boy, food, pistol, survival",English
Sheena,1984.0,Adventure Fantasy,John Guillermin,Tanya Roberts,Donovan Scott,Ted Wass,4.8,"chimpanzee, elephant, jungle, mercenary, shaman",English
Underclassman,2005.0,Action Comedy Crime Drama Thriller,Marcos Siega,Cheech Marin,Nick Cannon,Kaylee DeFer,4.1,"police, private school, shootout, undercover, wigger",English
Say It Isn't So,2001.0,Comedy Romance,J.B. Rogers,Eddie Cibrian,Chris Klein,Jack Plotnick,4.9,"bestiality, brother sister incest, fisting, hit on the head with a pipe, wedding",English
The World's Fastest Indian,2005.0,Biography Drama Sport,Roger Donaldson,Anthony Hopkins,Antony Starr,Craig Hall,7.9,"mortgage, motorcycle, speed, trailer, utah",English
Snakes on a Plane,2006.0,Action Adventure Crime Drama Thriller,David R. Ellis,Lin Shaye,Kenan Thompson,Rachel Blanchard,5.6,"baby rattle, famous line, murder, passenger, snake",English
Tank Girl,1995.0,Action Comedy Sci-Fi,Rachel Talalay,Naomi Watts,Lori Petty,Jeff Kober,5.2,"2030s, 21st century, desert, jet, tank",English
King's Ransom,2005.0,Comedy Crime,Jeffrey W. Byrd,Donald Faison,Loretta Devine,Regina Hall,4.1,"hit in the crotch, kidnapping, nail gun, police, release from prison",English
Blindness,2008.0,Drama Mystery Sci-Fi Thriller,Fernando Meirelles,Don McKellar,Joe Pingue,Yûsuke Iseya,6.6,"blindness, epidemic, hospital, pubic hair, quarantine",English
BloodRayne,2005.0,Action Adventure Fantasy Horror,Uwe Boll,Meat Loaf,Udo Kier,Michael Paré,2.9,"escape, half human, king, vampire, vampire hunter",English
Carnage,2011.0,Comedy Drama,Roman Polanski,Kate Winslet,Christoph Waltz,Julie Adams,7.2,"based on play, meeting, salesman, single set production, whiskey",English
Where the Truth Lies,2005.0,Crime Drama Mystery Thriller,Atom Egoyan,Colin Firth,Alison Lohman,Rachel Blanchard,6.5,"breasts, death, female rear nudity, lesbian cunnilingus, rear entry sex",English
Cirque du Soleil: Worlds Away,2012.0,Fantasy,Andrew Adamson,Dallas Barnett,Erica Linz,Igor Zaripov,6.8,"aerialist, circus, cirque du soleil, clown, surrealism",English
Without Limits,1998.0,Biography Drama Sport,Robert Towne,Billy Burke,Monica Potter,Billy Crudup,7.2,"car crash, coach, death, oregon, university of oregon",English
Me and Orson Welles,2008.0,Drama,Richard Linklater,Zoe Kazan,Aidan McArdle,James Tupper,6.8,"high school, mercury theatre, opening night, school, theatre",English
The Best Offer,2013.0,Crime Drama Mystery Romance,Giuseppe Tornatore,Jim Sturgess,Sean Buchanan,Liya Kebede,7.8,"antique, art, heiress, older man younger woman relationship, plot twist",English
Bad Lieutenant: Port of Call New Orleans,2009.0,Crime Drama,Werner Herzog,Nicolas Cage,Shea Whigham,Shawn Hatosy,6.7,"drugs, flood, hallucination, lieutenant, murder investigation",English
A Turtle's Tale: Sammy's Adventures,2010.0,Adventure Animation Family,Ben Stassen,Ed Begley Jr.,Jenny McCarthy,Stacy Keach,6.1,"apostrophe in title, character name in title, punctuation in title, sea turtle",English
Little White Lies,2010.0,Comedy Drama,Guillaume Canet,François Cluzet,Benoît Magimel,Gilles Lellouche,7.1,"friend, restaurant, secret, unrequited love, vacation",French
Love Ranch,2010.0,Comedy Drama Romance Sport,Taylor Hackford,Scout Taylor-Compton,Bai Ling,Gil Birmingham,5.7,"argentine, brothel, cancer, female full frontal nudity, fight",English
The True Story of Puss'N Boots,2009.0,Adventure Animation Comedy,Jérôme Deschamps,Yolande Moreau,André Wilms,Jérôme Deschamps,2.9,"cartoon cat, cat, character name in title, puss in boots, surrealism",English
Space Dogs,2010.0,Adventure Animation Comedy Family,Inna Evlannikova,Sergey Garmash,Evgeniy Mironov,Aleksandr Bashirov,5.2,"dog, flea, meteor, space, space dog",Russian
The Counselor,2013.0,Crime Drama Thriller,Ridley Scott,Michael Fassbender,Brad Pitt,Goran Visnjic,5.3,"cunnilingus, drug trafficking, lawyer, no panties, shootout",English
Ironclad,2011.0,Action Adventure History Romance,Jonathan English,Jason Flemyng,Mackenzie Crook,Derek Jacobi,6.2,"castle, england, king, knight, templar",English
Waterloo,1970.0,Action Drama History War,Sergey Bondarchuk,Rod Steiger,Dan O'Herlihy,Jack Hawkins,7.3,"battle, costume drama, final battle, napoleon, napoleon bonaparte",English
Kung Fu Killer,2014.0,Action Drama,Teddy Chan,Siu-Wong Fan,Charlie Yeung,Wai-Keung Lau,6.5,"fight, kung fu, martial arts, police, wire fu",Cantonese
Red Sky,2014.0,Action Thriller,Mario Van Peebles,Martin Kove,Mario Van Peebles,Jacob Vargas,4.1,"exploding airplane, fighter pilot, hands tied, held at gunpoint, military",English
Dangerous Liaisons,1988.0,Drama Romance,Stephen Frears,Keanu Reeves,Peter Capaldi,Swoosie Kurtz,7.7,"catholic, corruption, emotional abuse, france, seduction",English
On the Road,2012.0,Adventure Drama,Walter Salles,Kristen Stewart,Viggo Mortensen,Kirsten Dunst,6.1,"benzedrine, cactus, drugs, poem, year 1949",English
Star Trek IV: The Voyage Home,1986.0,Adventure Comedy Sci-Fi,Leonard Nimoy,Leonard Nimoy,Nichelle Nichols,Walter Koenig,7.3,"alien probe, humpback whales, probe, time travel, whale",English
Rocky Balboa,2006.0,Drama Sport,Sylvester Stallone,Sylvester Stallone,Burt Young,Mike Tyson,7.2,"boxing, fight, heavyweight champion, restaurant, retired boxer",English
Point Break,2015.0,Action Crime Sport Thriller,Ericson Core,Ray Winstone,Edgar Ramírez,Delroy Lindo,5.3,"athlete, extreme sports, fbi, fbi agent, heist",English
Scream 2,1997.0,Horror Mystery,Wes Craven,Omar Epps,Jada Pinkett Smith,Kevin Williamson,6.1,"college, ghostface, killer, killing spree, murder",English
Jane Got a Gun,2016.0,Action Drama Western,Gavin O'Connor,Natalie Portman,Noah Emmerich,Boyd Holbrook,5.8,"brothel, death of husband, ex lover, haunted by the past, redemption",English
Think Like a Man Too,2014.0,Comedy Romance,Tim Story,Romany Malco,Regina Hall,David Walton,5.7,"african american, imperative in title, las vegas nevada, nevada, wedding",English
The Whole Nine Yards,2000.0,Comedy Crime,Jonathan Lynn,Bruce Willis,Matthew Perry,Natasha Henstridge,6.7,"adultery, black humor, dentist, hitman, sex in bed",English
Footloose,1984.0,Drama Music Romance,Herbert Ross,Dianne Wiest,Chris Penn,Lori Singer,6.5,"church, cowboy boots, dancing, high school dance, teenager",English
Old School,2003.0,Comedy,Todd Phillips,Will Ferrell,Leah Remini,Patrick Fischler,7.2,"college, fraternity, friend, house, party",English
The Fisher King,1991.0,Comedy Drama Fantasy,Terry Gilliam,Jeff Bridges,David Hyde Pierce,Harry Shearer,7.6,"friendship, holy grail, massacre, redemption, video store",English
I Still Know What You Did Last Summer,1998.0,Horror Mystery,Danny Cannon,Muse Watson,Mekhi Phifer,Bill Cobbs,4.6,"bahamas, fisherman, hook, island, roommate",English
Return to Me,2000.0,Comedy Drama Romance,Bonnie Hunt,Minnie Driver,Jim Belushi,Bonnie Hunt,6.9,"heart, italian restaurant, restaurant, transplant, waitress",English
Zack and Miri Make a Porno,2008.0,Comedy Romance,Kevin Smith,Gerry Bednob,Jeff Anderson,Jennifer Schwalbach Smith,6.6,"actor, friend, male frontal nudity, male full frontal nudity, penis",English
Nurse Betty,2000.0,Comedy Crime Drama,Neil LaBute,Morgan Freeman,Pruitt Taylor Vince,Kathleen Wilhoite,6.3,"hospital, kansas city, obsession, salesman, soap opera",English
The Men Who Stare at Goats,2009.0,Comedy War,Grant Heslov,Kevin Spacey,Jeff Bridges,Stephen Root,6.2,"first person narration, general, hampster, reference to loch ness monster, reporter",English
Double Take,2001.0,Action Comedy Crime Thriller,George Gallo,Daniel Roebuck,Eddie Griffin,Garcelle Beauvais,5.3,"cia, cia agent, fbi, mexico, train",English
"Girl, Interrupted",1999.0,Biography Drama,James Mangold,Angelina Jolie Pitt,Clea DuVall,Vanessa Redgrave,7.3,"1960s, father daughter incest, mental hospital, suicide, suicide attempt",English
Win a Date with Tad Hamilton!,2004.0,Comedy Romance,Robert Luketic,Topher Grace,Gary Cole,Nathan Lane,5.6,"best friend, contest, date, small town, west virginia",English
Muppets from Space,1999.0,Adventure Comedy Family Fantasy Music Sci-Fi,Tim Hill,Josh Charles,F. Murray Abraham,David Arquette,6.2,"alien, breakfast, escape, rat, ufo",English
The Wiz,1978.0,Adventure Family Fantasy Music Musical,Sidney Lumet,Lena Horne,Diana Ross,Theresa Merritt,5.2,"melancholy, new york city, sadness, teacher, wizard",English
Ready to Rumble,2000.0,Comedy Sport,Brian Robbins,Oliver Platt,Ellen Albertini Dow,Martin Landau,5.3,"gay subtext, homoerotic fight, homoeroticism, homosexual subtext, wcw wrestling",English
Play It to the Bone,1999.0,Comedy Drama Sport,Ron Shelton,Willie Garson,Robert Wagner,Lolita Davidovich,5.4,"boxing movie, friendship, highway travel, male rear nudity, road movie",English
I Don't Know How She Does It,2011.0,Comedy Romance,Douglas McGrath,Olivia Munn,Busy Philipps,Jessica Szohr,4.9,"black comedy, delivery boy, dinner, gym, punishment",English
Piranha 3D,2010.0,Comedy Horror,Alexandre Aja,Adam Scott,Kelly Brook,Jessica Szohr,5.5,"bloody water, boat, party, piranha, spring break",English
Beyond the Sea,2004.0,Biography Drama Music Musical,Kevin Spacey,Kevin Spacey,Bob Hoskins,Brenda Blethyn,6.7,"bobby darin, career, love, marriage, sandra dee",English
Meet the Deedles,1998.0,Comedy Family,Steve Boyum,Paul Walker,M.C. Gainey,A.J. Langer,3.9,"accidental kiss, eating a worm, park, worm, yellowstone national park",English
The Princess and the Cobbler,1993.0,Action Adventure Animation Comedy Fantasy,Richard Williams,Donald Pleasence,Kenneth Williams,Clive Revill,7.2,"cobbler, desert, gold, princess, thief",English
The Bridge of San Luis Rey,2004.0,Drama Romance,Mary McGuckian,Robert De Niro,F. Murray Abraham,Geraldine Chaplin,5.1,"bridge, friar, inquisition, peru, rope bridge",English
Faster,2010.0,Action Crime Drama Thriller,George Tillman Jr.,Dwayne Johnson,Tom Berenger,Mike Epps,6.5,"gun, prison, reference to god, reference to jesus christ, vengeance",English
Howl's Moving Castle,2004.0,Adventure Animation Family Fantasy,Hayao Miyazaki,Christian Bale,Blythe Danner,Jean Simmons,8.2,"anime, castle, demon, steampunk, witch",Japanese
Zombieland,2009.0,Adventure Comedy Horror Sci-Fi,Ruben Fleischer,Emma Stone,Bill Murray,Derek Graf,7.7,"amusement park, on the road, zombie, zombie apocalypse, zombie spoof",English
King Kong,2005.0,Action Adventure Drama Romance,Peter Jackson,Naomi Watts,Thomas Kretschmann,Evan Parke,7.2,"animal name in title, ape abducts a woman, gorilla, island, king kong",English
The Waterboy,1998.0,Comedy Sport,Frank Coraci,Adam Sandler,Clint Howard,Peter Dante,6.1,"coach, college, college football, domineering mother, football",English
Star Wars: Episode V - The Empire Strikes Back,1980.0,Action Adventure Fantasy Sci-Fi,Irvin Kershner,Harrison Ford,Kenny Baker,Anthony Daniels,8.8,"duel, famous twist, rebel, rescue, snowy landscape",English
Bad Boys,1995.0,Action Comedy Crime Drama Thriller,Michael Bay,Will Smith,Tchéky Karyo,Theresa Randle,6.8,"drugs, heroin, murder, police, witness",English
The Naked Gun 2½: The Smell of Fear,1991.0,Comedy Crime,David Zucker,George Kennedy,Priscilla Presley,O.J. Simpson,6.8,"american president, evil industrialist, ex girlfriend, political leader, president",English
Final Destination,2000.0,Horror Thriller,James Wong,Daniel Roebuck,Brendan Fehr,Kerr Smith,6.7,"dead teenager, death, explosion, premonition, teenager",English
The Ides of March,2011.0,Drama,George Clooney,Ryan Gosling,Philip Seymour Hoffman,Jennifer Ehle,7.1,"governor, intern, manager, ohio, politics",English
Pitch Black,2000.0,Horror Sci-Fi,David Twohy,Vin Diesel,Radha Mitchell,Cole Hauser,7.1,"captain, darkness, eclipse, space, survival",English
Someone Like You...,2001.0,Comedy Romance,Tony Goldwyn,Hugh Jackman,Ellen Barkin,Catherine Dent,6.1,"apartment, girl in panties, roommate, thong panties, upskirt",English
Her,2013.0,Drama Romance Sci-Fi,Spike Jonze,Scarlett Johansson,Brian Johnson,Matt Letscher,8.0,"divorce, female frontal nudity, future, loneliness, operating system",English
Eddie the Eagle,2016.0,Biography Comedy Drama Sport,Dexter Fletcher,Hugh Jackman,Taron Egerton,Tim McInnerny,7.5,"1988 winter olympics, coach, ski jumper, winter, winter olympics",English
Joy Ride,2001.0,Mystery Thriller,John Dahl,Paul Walker,Jessica Bowman,Dell Yount,6.6,"embarrassing male nudity, embarrassing nudity, male nudity, truck, truck driver",English
The Adventurer: The Curse of the Midas Box,2013.0,Adventure Family Fantasy,Jonathan Newman,Ioan Gruffudd,Keeley Hawes,Oliver Stark,5.4,"based on novel, drowning, hanging from a flagpole, hanging from a rope, magic",English
Anywhere But Here,1999.0,Comedy Drama,Wayne Wang,Natalie Portman,Eva Amurri Martino,Shawn Hatosy,6.1,"family relationships, female protagonist, nubile woman, policeman, teenager",English
Chasing Liberty,2004.0,Comedy Romance,Andy Cadiff,Annabella Sciorra,Stark Sands,Terence Maynard,6.1,"first daughter, photographer, prague, president, secret service agent",English
The Crew,2000.0,Comedy Crime,Michael Dinner,Seymour Cassel,Dan Hedaya,Lainie Kazan,5.6,"beach, drug lord, drugs, hotel, stripper",English
Haywire,2011.0,Action Thriller,Steven Soderbergh,Channing Tatum,Michael Fassbender,Michael Angarano,5.8,"die hard scenario, one woman army, rescue, soldier, super soldier",English
Jaws: The Revenge,1987.0,Adventure Horror Thriller,Joseph Sargent,Judith Barsi,Mario Van Peebles,Lynn Whitfield,2.8,"banana boat, boat, christmas, sea, shark",English
Marvin's Room,1996.0,Drama,Jerry Zaks,Leonardo DiCaprio,Robert De Niro,Meryl Streep,6.7,"house, leukemia, mental institution, nursing home, transplant",English
The Longshots,2008.0,Biography Comedy Drama Family Sport,Fred Durst,Tasha Smith,Dash Mihok,Garrett Morris,5.1,"absent father, american football, based on true story, middle school",English
The End of the Affair,1999.0,Drama Romance,Neil Jordan,Stephen Rea,Ian Hart,James Bolam,7.2,"breasts, jealousy, obsession, sex scene, spiritual",English
Harley Davidson and the Marlboro Man,1991.0,Action Crime Drama Thriller Western,Simon Wincer,Vanessa Williams,Tia Carrere,Don Johnson,6.0,"bar, biker, cowboy, drugs, marlboro",English
In the Valley of Elah,2007.0,Crime Drama Mystery Thriller,Paul Haggis,James Franco,Charlize Theron,Barry Corbin,7.2,"detective, iraq, military, murder investigation, police",English
Coco Before Chanel,2009.0,Biography Drama,Anne Fontaine,Alessandro Nivola,Benoît Poelvoorde,Marie Gillain,6.7,"baron, fashion, hat, nickname, orphanage",French
Chéri,2009.0,Comedy Drama Romance,Stephen Frears,Tom Burke,Iben Hjejle,Gaye Brown,6.2,"age difference, courtesan, mansion, marriage, prostitute",English
Vanity Fair,2004.0,Drama,Mira Nair,Romola Garai,Roger Lloyd Pack,Lillete Dubey,6.2,"aristocrat, english, painter, painting, singer",English
Bodyguards and Assassins,2009.0,Action Drama History,Teddy Chan,Bingbing Fan,Simon Yam,Nicholas Tse,6.9,"giant, hong kong, hook and chain, knife fight, martial artist",Mandarin
1408,2007.0,Fantasy Horror,Mikael Håfström,Drew Powell,Kim Thomson,Alexandra Silber,6.8,"book, debunking, evil, hotel, paranormal phenomena",English
Spaceballs,1987.0,Adventure Comedy Sci-Fi,Mel Brooks,Joan Rivers,Dick Van Patten,Michael Winslow,7.1,"parody, planet enclosed within shield, sci fi spoof, self referential, winnebago",English
The Water Diviner,2014.0,Drama War,Russell Crowe,Cem Yilmaz,Ryan Corr,Steve Bastoni,7.1,"australian, battle, battle of gallipoli, gallipoli, world war one",English
Ghost,1990.0,Drama Fantasy Romance Thriller,Jerry Zucker,Demi Moore,Tony Goldwyn,Phil Leeds,7.0,"death, film blanc, invisibility, love, unrequited love",English
There's Something About Mary,1998.0,Comedy Romance,Bobby Farrelly,Sarah Silverman,Lin Shaye,Richard Tyson,7.1,"accident, curtain call, dream girl, high school, prom",English
The Santa Clause,1994.0,Comedy Drama Family Fantasy,John Pasquin,Judge Reinhold,Eric Lloyd,Peter Boyle,6.4,"1990s, christmas, christmas eve, sleigh, surrealism",English
The Rookie,2002.0,Drama Family Sport,John Lee Hancock,Dennis Quaid,Jay Hernandez,Angus T. Jones,7.0,"baseball, coach, high school, pitching, texas",English
The Game Plan,2007.0,Comedy Family Sport,Andy Fickman,Dwayne Johnson,Kyra Sedgwick,Madison Pettis,6.2,"family relationships, football movie, publicist, sports team, tween girl",English
The Bridges of Madison County,1995.0,Drama Romance,Clint Eastwood,Clint Eastwood,Meryl Streep,Debra Monk,7.5,"1960s, bridge, housewife, love, photographer",English
The Animal,2001.0,Comedy Sci-Fi,Luke Greenfield,Louis Lombardi,Michael Papajohn,Colleen Haskell,4.8,"camera focus on a female butt, cartoon on tv, forest, hairy buttocks, seal the animal",English
Gandhi,1982.0,Biography Drama History,Richard Attenborough,Candice Bergen,Amrish Puri,John Gielgud,8.1,"british, india, indian, muslim, pakistan",English
The Hundred-Foot Journey,2014.0,Comedy Drama,Lasse Hallström,Manish Dayal,Charlotte Le Bon,Juhi Chawla,7.3,"chef, haute cuisine, indian cuisine, michelin guide, restaurant",English
The Net,1995.0,Action Crime Drama Mystery Thriller,Irwin Winkler,Ken Howard,Jeremy Northam,Ray McKinnon,5.8,"chat room, computer, computer hacker, identity, identity theft",English
I Am Sam,2001.0,Drama,Jessie Nelson,Dianne Wiest,Loretta Devine,Richard Schiff,7.6,"child custody, custody battle, disability, mentally impaired man, single father",English
Son of God,2014.0,Biography Drama History,Christopher Spencer,Roma Downey,Amber Rose Revah,Darwin Shaw,5.6,"bare chested male bondage, crucifixion, loincloth, reference to god, resurrection",English
Underworld,2003.0,Action Fantasy Thriller,Len Wiseman,Sophia Myles,Kevin Grevioux,Shane Brolly,7.0,"blood, death, hybrid, vampire, werewolf",English
Derailed,2005.0,Drama Thriller,Mikael Håfström,Denis O'Hare,RZA,Xzibit,6.6,"drink, hotel, police, staged rape, thief",English
The Informant!,2009.0,Comedy Crime Drama Thriller,Steven Soderbergh,Matt Damon,Joel McHale,Thomas F. Wilson,6.5,"compulsive liar, fbi, informant, investigation, spy",English
Shadowlands,1993.0,Biography Drama Romance,Richard Attenborough,Anthony Hopkins,James Frain,Julian Fellowes,7.4,"author, book, england, friend, oxford",English
Deuce Bigalow: European Gigolo,2005.0,Comedy,Mike Bigelow,Carlos Ponce,Eddie Griffin,Charles Keating,4.6,"dolphin, gigolo, pimp, serial killer, villain arrested",English
Delivery Man,2013.0,Comedy Drama,Ken Scott,Jack Reynor,Bobby Moynihan,Matthew Daddario,6.4,"children, identity, lawsuit, lawyer, sperm donor",English
Victor Frankenstein,2015.0,Drama Horror Sci-Fi Thriller,Paul McGuigan,Daniel Radcliffe,Spencer Wilding,Daniel Mays,6.0,"assistant, experiment, frankenstein, medical student, scientist",English
Our Kind of Traitor,2016.0,Thriller,Susanna White,Radivoje Bukvic,Pawel Szajda,Grigoriy Dobrygin,6.4,"based on novel, male frontal nudity, male nudity, male rear nudity",English
Saving Silverman,2001.0,Comedy Crime Romance,Dennis Dugan,Amanda Detmer,Neil Diamond,Kyle Gass,5.9,"female nudity, friend, kidnapping, love, nun",English
Diary of a Wimpy Kid: Dog Days,2012.0,Comedy Family,David Bowers,Zachary Gordon,Rachael Harris,Karan Brar,6.4,"best friend, camping, country club, no opening credits, summer vacation",English
Summer of Sam,1999.0,Crime Drama Romance Thriller,Spike Lee,Mira Sorvino,Jennifer Esposito,Mike Starr,6.6,"distrust, fear, murder, neighborhood, new york city",English
Jay and Silent Bob Strike Back,2001.0,Comedy,Kevin Smith,Will Ferrell,Shannon Elizabeth,Jason Mewes,6.9,"internet, jay and silent bob, new jersey, orangutan, police",English
The Island,2005.0,Action Adventure Romance Sci-Fi Thriller,Michael Bay,Scarlett Johansson,Steve Buscemi,Djimon Hounsou,6.9,"clone, environment, escape, island, lottery",English
The Glass House,2001.0,Crime Drama Mystery Thriller,Daniel Sackheim,Chris Noth,Bruce Dern,Trevor Morgan,5.8,"car, car accident, death, friend, glass",English
"Hail, Caesar!",2016.0,Comedy Mystery,Ethan Coen,Scarlett Johansson,Channing Tatum,Alden Ehrenreich,6.4,"50s, film within a film, hollywood, illegitimate pregnancy, twins",English
Josie and the Pussycats,2001.0,Comedy Music,Harry Elfont,Rosario Dawson,Paulo Costanzo,Aries Spears,5.3,"based on tv series, fictional band, girl band, music industry, pop band",English
Homefront,2013.0,Action Crime Drama Thriller,Gary Fleder,Jason Statham,James Franco,Frank Grillo,6.5,"biker, biker gang, dea, dea agent, fight",English
The Little Vampire,2000.0,Adventure Comedy Family Fantasy,Uli Edel,Richard E. Grant,Jim Carter,Alice Krige,5.7,"boy, pushed off a cliff, rat, secret passage, vampire",English
I Heart Huckabees,2004.0,Comedy,David O. Russell,Naomi Watts,Lily Tomlin,Isabelle Huppert,6.7,"coincidence, cult film, overalls, suburb, vomiting",English
RoboCop 3,1993.0,Action Crime Sci-Fi Thriller,Fred Dekker,CCH Pounder,Rip Torn,Mako,3.9,"android, corporation, ninja, police, robocop",English
Megiddo: The Omega Code 2,2001.0,Action Adventure Fantasy Sci-Fi Thriller,Brian Trenchard-Smith,Michael Biehn,Udo Kier,Franco Nero,4.1,"armageddon, battle, end times, reference to satan, sequel",English
Darling Lili,1970.0,Comedy Drama Musical Romance War,Blake Edwards,Rock Hudson,Vernon Dobtcheff,Jeremy Kemp,6.2,"crepe suzette, french, mata hari spoof, song, spy",English
Dudley Do-Right,1999.0,Comedy Family Romance,Hugh Wilson,Brendan Fraser,Alex Rocco,Eric Idle,3.8,"gold, gold rush, mirror, police officer, singer",English
The Transporter Refueled,2015.0,Action Crime Thriller,Camille Delamarre,Ed Skrein,Noémie Lenoir,Radivoje Bukvic,5.1,"airfield, car, car stunt, driver, private jet",English
The Libertine,2004.0,Drama Romance,Laurence Dunmore,Johnny Depp,Jack Davenport,Richard Coyle,6.4,"ambassador, charles ii, earl, mistress, poet",English
Black Book,2006.0,Drama Thriller War,Paul Verhoeven,Michiel Huisman,Sebastian Koch,Christian Berkel,7.8,"boat, escape, hiding, nazi, resistance",Dutch
Joyeux Noel,2005.0,Drama History Music Romance War,Christian Carion,Gary Lewis,Dany Boon,Ian Richardson,7.8,"christmas, no man's land, soldier, trench, world war one",French
Hit and Run,2012.0,Action Comedy Romance,David Palmer,Bradley Cooper,Tom Arnold,Beau Bridges,6.1,"gay cop, getaway driver, masturbation, penis, witness protection",English
Mad Money,2008.0,Comedy Crime Thriller,Callie Khouri,Stephen Root,Ted Danson,Roger Cross,5.8,"bank, federal reserve bank, money, security guard, shredder",English
Before I Go to Sleep,2014.0,Drama Mystery Thriller,Rowan Joffe,Colin Firth,Ben Crompton,Anne-Marie Duff,6.3,"amnesia, female nudity, infidelity, nudity, therapist",English
Sorcerer,1977.0,Adventure Drama Thriller,William Friedkin,Roy Scheider,Joe Spinell,Amidou,7.7,"fire, jungle, money, oil drilling, truck",English
Stone,2010.0,Drama Thriller,John Curran,Robert De Niro,Milla Jovovich,Frances Conroy,5.4,"arsonist, blood splatter on face, deception, parole, parole officer",English
Molière,2007.0,Comedy History,Laurent Tirard,Romain Duris,Ludivine Sagnier,Fabrice Luchini,7.3,"deathbed, play, playwright, prison, theater",French
Out of the Furnace,2013.0,Crime Drama Thriller,Scott Cooper,Christian Bale,Sam Shepard,Dendrie Taylor,6.8,"ambiguous ending, brother brother relationship, drug dealer, fight club, revenge",English
Michael Clayton,2007.0,Crime Drama Mystery Thriller,Tony Gilroy,Tom Wilkinson,Denis O'Hare,Sydney Pollack,7.3,"attorney, debt, fixer, law, law firm",English
My Fellow Americans,1996.0,Adventure Comedy,Peter Segal,Wilford Brimley,Bradley Whitford,Sela Ward,6.5,"gay pride, highway travel, president, road movie, u.s. president",English
Arlington Road,1999.0,Crime Drama Thriller,Mark Pellington,Jeff Bridges,Spencer Treat Clark,Hope Davis,7.2,"death, fbi, fbi agent, neighbor, professor",English
Underdogs,2013.0,Adventure Animation Family Sport,Juan José Campanella,Pablo Rago,Diego Ramos,Gabriel Almirón,6.7,"funfair, luna park, table football, toy comes to life, wig",Spanish
To Rome with Love,2012.0,Comedy Romance,Woody Allen,Ornella Muti,Judy Davis,Alessandra Mastronardi,6.3,"architect, celebrity, prostitute, shower, tourist",English
Firefox,1982.0,Action Adventure Thriller,Clint Eastwood,Clint Eastwood,Warren Clarke,Kenneth Colley,5.9,"fighter plane, jet fighter, refueling, russia, soviet union",English
South Park: Bigger Longer & Uncut,1999.0,Animation Comedy Fantasy Musical,Trey Parker,Minnie Driver,Eric Idle,Trey Parker,7.8,"boy, canada, hell, misunderstanding, refrence to liza minnelli",English
Death at a Funeral,2007.0,Comedy,Frank Oz,Peter Dinklage,Ewen Bremner,Kris Marshall,7.4,"end credits roll call, four word title, funeral, secret, uncle",English
Teenage Mutant Ninja Turtles III,1993.0,Action Adventure Comedy Family Fantasy Sci-Fi,Stuart Gillard,Paige Turco,John Aylward,Matt Hill,4.8,"battle, japan, magic, samurai, turtle",English
Hardball,2001.0,Drama Sport,Brian Robbins,Keanu Reeves,D.B. Sweeney,DeWayne Warren,6.3,"coach, gambling, housing project, little league, little league baseball",English
Silver Linings Playbook,2012.0,Comedy Drama Romance,David O. Russell,Jennifer Lawrence,Robert De Niro,Bradley Cooper,7.8,"adulterous wife, bipolar disorder, obsessive compulsive personality disorder, unhappy marriage, widow",English
Freedom Writers,2007.0,Biography Crime Drama,Richard LaGravenese,Hunter Parrish,Scott Glenn,Imelda Staunton,7.5,"gang violence, high school, journal, marriage, teacher",English
For Colored Girls,2010.0,Drama,Tyler Perry,Omari Hardwick,Loretta Devine,Kimberly Elise,6.0,"african american protagonist, female protagonist, multi protagonist, poem, three word title",English
The Transporter,2002.0,Action Crime Thriller,Louis Leterrier,Jason Statham,Qi Shu,Matt Schulze,6.8,"bar, gunfight, human trafficking, mixed martial arts, tire iron",English
Never Back Down,2008.0,Action Drama Sport,Jeff Wadlow,Djimon Hounsou,Neil Brown Jr.,Leslie Hope,6.6,"club, fight, fighting, high school, mixed martial arts",English
The Rage: Carrie 2,1999.0,Horror Sci-Fi Thriller,Katt Shea,Jason London,Rachel Blanchard,Eddie Kaye Thomas,4.6,"high school, party, prom, suicide, teenage girl",English
Away We Go,2009.0,Comedy Drama Romance,Sam Mendes,Catherine O'Hara,Jim Gaffigan,Carmen Ejogo,7.1,"baby, children, friend, love, road trip",English
Swing Vote,2008.0,Comedy Drama,Joshua Michael Stern,Madeline Carroll,Judge Reinhold,Nathan Lane,6.1,"ballot, election, new mexico, vote, voting",English
Moonlight Mile,2002.0,Drama Romance,Brad Silberling,Jake Gyllenhaal,Holly Hunter,Bob Clendenin,6.7,"1970s, death, district attorney, fiancee, watching television",English
Tinker Tailor Soldier Spy,2011.0,Drama Mystery Thriller,Tomas Alfredson,Benedict Cumberbatch,Colin Firth,Gary Oldman,7.1,"cold war, hungary, mole, spy, woman on top",English
Molly,1999.0,Comedy Drama Romance,John Duigan,Elaine Hendrix,Jill Hennessy,Sarah Wynter,5.8,"autism, experimental surgery, female nudity, forename as title, regression",English
The Beaver,2011.0,Drama,Jodie Foster,Jennifer Lawrence,Cherry Jones,Riley Thomas Stewart,6.7,"beaver puppet, depression, dysfunctional family, puppet, speech",English
The Best Little Whorehouse in Texas,1982.0,Comedy Musical,Colin Higgins,Dolly Parton,Barry Corbin,Dom DeLuise,5.8,"chicken, governor, locker room, sheriff, texas",English
eXistenZ,1999.0,Horror Sci-Fi Thriller,David Cronenberg,Jennifer Jason Leigh,Sarah Polley,Callum Rennie,6.8,"assassin, game, game designer, pod, virtual reality",English
Raiders of the Lost Ark,1981.0,Action Adventure,Steven Spielberg,Harrison Ford,Karen Allen,William Hootkins,8.5,"archeological dig, archeologist, ark of the covenant, egypt, nazi",English
Home Alone 2: Lost in New York,1992.0,Adventure Comedy Family,Chris Columbus,Macaulay Culkin,Kieran Culkin,Devin Ratray,6.6,"airport, christmas, florida, new york city, toy store",English
Close Encounters of the Third Kind,1977.0,Drama Sci-Fi,Steven Spielberg,Bob Balaban,Teri Garr,Melinda Dillon,7.7,"alien, close encounter of the third kind, mothership, ufo, vision",English
Pulse,2006.0,Drama Horror Sci-Fi Thriller,Jim Sonzero,Ian Somerhalder,Christina Milian,Rick Gonzalez,4.7,"cell phone, computer, computer hacker, e mail, technology",English
Beverly Hills Cop II,1987.0,Action Comedy Crime Thriller,Tony Scott,Dean Stockwell,Judge Reinhold,Ronny Cox,6.4,"detective, police, police chief, robbery, tall woman",English
Bringing Down the House,2003.0,Comedy,Adam Shankman,Angus T. Jones,Kimberly J. Brown,Steve Harris,5.5,"divorce, lawyer, spanking, villain arrested, wrongful conviction",English
The Silence of the Lambs,1991.0,Crime Drama Horror Thriller,Jonathan Demme,Anthony Hopkins,Scott Glenn,Anthony Heald,8.6,"case file, fbi agent, psycho thriller, psychopath, serial killer",English
Wayne's World,1992.0,Comedy Music,Penelope Spheeris,Tia Carrere,Lara Flynn Boyle,Kurt Fuller,7.0,"basement, lead actor's first film, long hair, public access, title directed by female",English
Jackass 3D,2010.0,Action Comedy Documentary,Jeff Tremaine,Bam Margera,Steve-O,Chris Pontius,7.1,"full frontal male nudity, man wearing a jock strap, man wearing a thong, rear male nudity, stripped prison uniform",English
Jaws 2,1978.0,Adventure Horror Thriller,Jeannot Szwarc,Roy Scheider,Murray Hamilton,Joseph Mascolo,5.7,"great white shark, island, mayor, police chief, shark",English
Beverly Hills Chihuahua,2008.0,Adventure Comedy Drama Family Romance,Raja Gosnell,Jamie Lee Curtis,Nick Zano,Ali Hillis,3.7,"chihuahua, german shepherd, mexico, potted plant, tijuana mexico",English
The Conjuring,2013.0,Horror Mystery Thriller,James Wan,Mackenzie Foy,Lili Taylor,Hayley McFarland,7.5,"based on true story, farmhouse, paranormal investigator, rhode island, supernatural power",English
Are We There Yet?,2005.0,Adventure Comedy Family Romance,Brian Levant,Nia Long,Tracy Morgan,Jay Mohr,4.6,"car fire, children, cockroach, independent film, new year",English
Tammy,2014.0,Comedy,Ben Falcone,Gary Cole,Mark Duplass,Ben Falcone,4.9,"alcoholic, grandmother, highway travel, niagara falls, on the road",English
Disturbia,2007.0,Drama Mystery Thriller,D.J. Caruso,Sarah Roemer,Aaron Yoo,Jose Pablo Cantillo,6.9,"binoculars, electronic tag, house arrest, neighbor, watching someone",English
School of Rock,2003.0,Comedy Music,Richard Linklater,Miranda Cosgrove,Sarah Silverman,Mike White,7.1,"battle of the bands, rock band, school teacher, substitute teacher, teacher",English
Mortal Kombat,1995.0,Action Adventure Fantasy Sci-Fi Thriller,Paul W.S. Anderson,Christopher Lambert,Cary-Hiroyuki Tagawa,Bridgette Wilson-Sampras,5.8,"based on video game, island, mortal kombat, tournament, warrior",English
Wicker Park,2004.0,Drama Mystery Romance Thriller,Paul McGuigan,Jessica Paré,Christopher Cousins,Mark Camacho,7.0,"flashback, flashback within a flashback, multiple perspectives, obsession, split screen",English
White Chicks,2004.0,Comedy Crime,Keenen Ivory Wayans,Busy Philipps,Jaime King,Brittany Daniel,5.4,"african american, crossdresser, fbi, undercover, vomiting",English
The Descendants,2011.0,Comedy Drama,Alexander Payne,Shailene Woodley,Nick Krause,Beau Bridges,7.3,"boating accident, daughters, father daughter relationship, hospital, marriage",English
Holes,2003.0,Adventure Comedy Drama Family Mystery,Andrew Davis,Tim Blake Nelson,Zane Holtz,Ski Carr,7.1,"bad luck, camp, curse, digging, hole",English
The Last Song,2010.0,Drama Family Music Romance,Julie Anne Robinson,Kelly Preston,Bobby Coleman,Melissa Ordway,5.8,"beach, fire, love, pianist, summer",English
12 Years a Slave,2013.0,Biography Drama History,Steve McQueen,Quvenzhané Wallis,Scoot McNairy,Taran Killam,8.1,"racism, separation from family, social injustice, torture, whipping",English
Drumline,2002.0,Comedy Drama Music Romance,Charles Stone III,Leonard Roberts,Nick Cannon,Jason Weaver,5.7,"drumline, drummer, fish out of water, marching band, university",English
Why Did I Get Married Too?,2010.0,Comedy Drama Romance,Tyler Perry,Michael Jai White,Cicely Tyson,Tasha Smith,4.4,"question mark in title, returning character killed off, sequel, six word title, writer director",English
Edward Scissorhands,1990.0,Fantasy Romance,Tim Burton,Johnny Depp,Dianne Wiest,Conchata Ferrell,7.9,"creation, inventor, magical realism, scissors, suburb",English
Me Before You,2016.0,Drama Romance,Thea Sharrock,Sam Claflin,Emilia Clarke,Brendan Coyle,7.6,"accident, caretaker, economic hardship, quadriplegic, wheelchair",English
Madea's Witness Protection,2012.0,Comedy Crime Drama,Tyler Perry,John Amos,Tom Arnold,Romeo Miller,4.8,"critically bashed, culture shock, interracial relationship, madea series, ponzi scheme",English
The French Connection,1971.0,Action Crime Drama Thriller,William Friedkin,Roy Scheider,Fernando Rey,Tony Lo Bianco,7.8,"crime boss, drug smuggling, heroin, mafia boss, organized crime",English
Bad Moms,2016.0,Comedy,Jon Lucas,Mila Kunis,Jay Hernandez,Jada Pinkett Smith,6.7,"lesbian kiss, mom, pta, reference to mad max, scene during end credits",English
Date Movie,2006.0,Comedy Romance,Aaron Seltzer,Alyson Hannigan,Carmen Electra,Fred Willard,2.7,"female protagonist, greek, overweight, spoof, wedding planner",English
Return to Never Land,2002.0,Adventure Animation Family Fantasy,Robin Budd,Roger Rees,Rob Paulsen,Spencer Breslin,5.8,"1940s, gang that lives together, outlaw gang, rescue, sequel",English
Selma,2014.0,Biography Drama History,Ava DuVernay,David Oyelowo,Tom Wilkinson,Oprah Winfrey,7.5,"civil rights, courage, protest, selma alabama, u.s. politics",English
The Jungle Book 2,2003.0,Adventure Animation Family Musical,Steve Trenbirth,Haley Joel Osment,Phil Collins,Tony Jay,5.4,"dog, jungle, shot gun, tiger, village",English
Boogeyman,2005.0,Drama Horror Mystery Thriller,Stephen Kay,Barry Watson,Skye McCole Bartusiak,Charles Mesure,4.1,"boogeyman, childhood, fear, hometown, uncle",English
Premonition,2007.0,Drama Mystery Thriller,Mennan Yapo,Nia Long,Amber Valletta,Marc Macaulay,5.9,"car, car accident, housewife, sheriff, suburb",English
The Tigger Movie,2000.0,Animation Comedy Drama Family Musical,Jun Falkenstein,Kath Soucie,John Fiedler,Ken Sansom,6.3,"cartoon tiger, coming of age, tiger, tigger, title directed by female",English
Orphan,2009.0,Horror Mystery Thriller,Jaume Collet-Serra,Jimmy Bennett,CCH Pounder,Aryana Engineer,7.0,"alcoholism, girl, little girl, orphan, troubled marriage",English
Max,2015.0,Adventure Family,Boaz Yakin,Jay Hernandez,Joseph Julian Soria,Edgar Arreola,6.8,"afghanistan, death of marine, dog, dog adoption, man dog relationship",English
Epic Movie,2007.0,Adventure Comedy,Jason Friedberg,David Carradine,Carmen Electra,Fred Willard,2.3,"chocolate, chocolate factory, factory, orphan, student",English
Conan the Barbarian,1982.0,Adventure Fantasy,John Milius,William Smith,Mako,Sandahl Bergman,6.9,"actual animal killed, cult, evil sorcerer, gladiator, warlord",English
Spotlight,2015.0,Biography Crime Drama History,Tom McCarthy,Billy Crudup,Jamey Sheridan,Brian d'Arcy James,8.1,"cover up, investigation, journalist, newspaper, sexual abuse",English
Lakeview Terrace,2008.0,Crime Drama Thriller,Neil LaBute,Jay Hernandez,Justin Chambers,Robert Pine,6.1,"interracial couple, lapd, male nudity, neighbor, nudity",English
The Grudge 2,2006.0,Horror Thriller,Takashi Shimizu,Sarah Michelle Gellar,Sarah Roemer,Matthew Knight,5.0,"curse, ghost, haunted house, high school, schoolgirl",English
How Stella Got Her Groove Back,1998.0,Comedy Drama Romance,Kevin Rodney Sullivan,Richard Lawson,James Pickens Jr.,Barry Shabaka Henley,5.5,"female protagonist, jamaica, six word title, tragic event, vacation",English
Bill & Ted's Bogus Journey,1991.0,Adventure Comedy Fantasy Music Sci-Fi,Peter Hewitt,Keanu Reeves,George Carlin,Alex Winter,6.2,"battle of the bands, bill and ted, heaven, hell, robot",English
Man of the Year,2006.0,Comedy Drama Romance Thriller,Barry Levinson,Robin Williams,Tina Fey,Amy Poehler,6.2,"campaign, election, president, presidential election, satire",English
The Black Hole,1979.0,Action Sci-Fi,Gary Nelson,Robert Forster,Maximilian Schell,Yvette Mimieux,5.9,"black hole, escape, palomino, robot, scientist",English
The American,2010.0,Crime Drama Thriller,Anton Corbijn,Violante Placido,Thekla Reuten,Filippo Timi,6.3,"ambush, assassin, priest, prostitute, sweden",English
Selena,1997.0,Biography Drama Music,Gregory Nava,Jon Seda,Constance Marie,Jacob Vargas,6.7,"latin music, marriage, on tour, singer, tejano",English
Vampires Suck,2010.0,Comedy,Jason Friedberg,Diedrich Bader,Dave Foley,Anneliese van der Pol,3.5,"cat, friend, love, sheriff, teenager",English
Babel,2006.0,Drama,Alejandro G. Iñárritu,Brad Pitt,Harriet Walter,Dermot Crowley,7.5,"american, destiny, mexican border, multiple perspectives, muslim",English
This Is Where I Leave You,2014.0,Comedy Drama,Shawn Levy,Tina Fey,Abigail Spencer,Jane Fonda,6.6,"brother sister relationship, childhood home, man child, sibling, vomiting",English
Doubt,2008.0,Drama Mystery,John Patrick Shanley,Philip Seymour Hoffman,Meryl Streep,Carrie Preston,7.5,"boy, catholic, nun, priest, student",English
Team America: World Police,2004.0,Action Comedy,Trey Parker,Jeremy Shada,Maurice LaMarche,Trey Parker,7.2,"actor, arab stereotype, broadway, terrorist, vomiting",English
Texas Chainsaw 3D,2013.0,Horror Thriller,John Luessenhop,Gunnar Hansen,Keram Malicki-Sánchez,Shaun Sipos,4.8,"chainsaw, halloween, mansion, massacre, texas",English
Copycat,1995.0,Crime Drama Mystery Thriller,Jon Amiel,William McNamara,Holly Hunter,Harry Connick Jr.,6.6,"agoraphobia, copycat murder, detective, psychologist, serial killer",English
Scary Movie 5,2013.0,Comedy,Malcolm D. Lee,Marisa Saks,Snoop Dogg,Molly Shannon,3.5,"2010s, ape, ballet, psychic, supernatural",English
Paint Your Wagon,1969.0,Comedy Drama Musical Romance Western,Joshua Logan,Clint Eastwood,Lee Marvin,Ray Walston,6.7,"california, farmer, gold, mining, prospector",English
Milk,2008.0,Biography Drama History,Gus Van Sant,James Franco,Denis O'Hare,Lucas Grabeel,7.6,"california, gay, gay activist, gay pickup, gay rights",English
Risen,2016.0,Action Adventure Drama Mystery,Kevin Reynolds,Peter Firth,Jan Cornet,María Botto,6.3,"biblical, crucifixion, judea, resurrection, roman soldier",English
Ghost Ship,2002.0,Horror,Steve Beck,Isaiah Washington,Ron Eldard,Francesca Rettondini,5.5,"decapitation, ghost ship, passenger, severed head, torso cut in half",English
A Very Harold & Kumar 3D Christmas,2011.0,Adventure Comedy,Todd Strauss-Schulson,Patton Oswalt,Thomas Lennon,Paula Garcés,6.3,"christmas, christmas tree, fire, new york city, stoner",English
Wild Things,1998.0,Crime Drama Mystery Thriller,John McNaughton,Bill Murray,Robert Wagner,Jeff Perry,6.5,"erotic thriller, forbidden sex, lesbian sex, sex with a student, taboo sex",English
The Stepfather,2009.0,Crime Thriller,Nelson McCormick,Sela Ward,Paige Turco,Skyler Samuels,5.6,"head dunked in water, military school, plastic bag, playing a video game, suffocating",English
The Debt,2010.0,Drama Thriller,John Madden,Tom Wilkinson,Jesper Christensen,Romi Aboulafia,6.9,"east berlin, kiev ukraine, mossad, nazi, nazi war criminal",English
High Fidelity,2000.0,Comedy Drama Music Romance,Stephen Frears,Drake Bell,Lili Taylor,Lisa Bonet,7.6,"employer employee relationship, record store, store, thirty something, vinyl",English
One Missed Call,2008.0,Horror Mystery,Eric Valette,Johnny Lewis,Jason Beghe,Margaret Cho,3.9,"death, lifting someone into the air, telephone, telephone call, voice mail",English
Eye for an Eye,1996.0,Crime Drama Thriller,John Schlesinger,Joe Mantegna,Beverly D'Angelo,Philip Baker Hall,6.1,"justice, rape, self defense, support group, vigilante",English
The Bank Job,2008.0,Crime Drama Romance Thriller,Roger Donaldson,Jason Statham,Saffron Burrows,Daniel Mays,7.3,"chase, heist, london england, mobster, safe deposit",English
Eternal Sunshine of the Spotless Mind,2004.0,Drama Fantasy Romance Sci-Fi,Michel Gondry,Kate Winslet,Kirsten Dunst,Tom Wilkinson,8.3,"borderline personality disorder, loneliness, memory, playing against type, retrograde narrative",English
You Again,2010.0,Comedy Family Romance,Andy Fickman,Jamie Lee Curtis,James Wolk,Christine Lakin,5.8,"dancing, dog, flight, hostility, travel",English
Street Kings,2008.0,Action Crime Drama Thriller,David Ayer,Keanu Reeves,Chris Evans,Noel Gugliemi,6.8,"captain, lapd, murder, undercover cop, violence",English
The World's End,2013.0,Action Comedy Sci-Fi,Edgar Wright,Michael Smiley,Thomas Law,Jasper Levine,7.0,"alcoholic, doppelganger, group therapy, self mutilation, twin actresses for twin sisters",English
Nancy Drew,2007.0,Comedy Crime Family Mystery Romance Thriller,Andrew Fleming,Kay Panabaker,Laura Harring,Tate Donovan,5.9,"chase, clue, detective, movie star, murder",English
Daybreakers,2009.0,Action Horror Sci-Fi Thriller,Michael Spierig,Jay Laga'aia,Damien Garvey,Tiffany Lamb,6.5,"blood, rationing, vampire, vampire society, year 2019",English
She's Out of My League,2010.0,Comedy Romance,Jim Field Smith,Mike Vogel,Kim Shaw,Geoff Stults,6.4,"airport, airport security, confidence, iphone, love",English
Monte Carlo,2011.0,Adventure Comedy Family Romance,Thomas Bezucha,Leighton Meester,Luke Bracey,Brett Cullen,5.8,"cell phone, hotel, misunderstanding, monte carlo, young woman",English
Stay Alive,2006.0,Horror Thriller,William Brent Bell,Adam Goldberg,Frankie Muniz,Samaire Armstrong,5.1,"countess, game reality crossover, ghost, group of friends, tower",English
Quigley Down Under,1990.0,Action Adventure Drama Romance Western,Simon Wincer,Alan Rickman,Tom Selleck,Ben Mendelsohn,6.8,"aborigine, australian, australian aborigine, australian outback, rancher",English
Alpha and Omega,2010.0,Adventure Animation Comedy Family Romance,Anthony Bell,Kevin Sussman,Larry Miller,Christine Lakin,5.3,"arranged marriage, geese, idaho, national park, park",English
The Covenant,2006.0,Action Fantasy Horror Thriller,Renny Harlin,Laura Ramsey,Kyle Schmid,Toby Hemingway,5.3,"family secret, friendship between men, magic, supernatural power, teenager",English
Stick It,2006.0,Comedy Drama Sport,Jessica Bendinger,Jeff Bridges,Vanessa Lengies,John Patrick Amedori,6.4,"coach, gymnastics, houston texas, teenager, texas",English
Shorts,2009.0,Comedy Family Fantasy,Robert Rodriguez,Jimmy Bennett,Leo Howard,Jake Short,4.9,"boy, family relationships, rock, twin, two headed person",English
To Die For,1995.0,Comedy Crime Drama,Gus Van Sant,Kurtwood Smith,Wayne Knight,Holland Taylor,6.8,"career, fame, murder, new hampshire, television",English
Nerve,2016.0,Adventure Crime Mystery Sci-Fi Thriller,Henry Joost,Samira Wiley,Marc John Jefferies,Emily Meade,7.1,"dare, game, knocked out, motorcycle, online game",English
Appaloosa,2008.0,Crime Drama Western,Ed Harris,Viggo Mortensen,James Gammon,Tom Bower,6.8,"deputy, friend, hanging, rancher, widow",English
Vampires,1998.0,Action Horror Thriller,John Carpenter,Sheryl Lee,Cary-Hiroyuki Tagawa,Maximilian Schell,6.1,"cross, relic, team, vampire, vampire hunter",English
Psycho,1960.0,Horror Mystery Thriller,Alfred Hitchcock,Janet Leigh,Vera Miles,John Gavin,8.5,"money, motel, rain, shower, theft",English
My Best Friend's Girl,2008.0,Comedy Romance,Howard Deutch,Dane Cook,Taran Killam,Riki Lindhome,5.9,"breasts, female rear nudity, jesus crust pizza parlor, thong panties, wedding",English
Endless Love,2014.0,Drama Romance,Shana Feste,Alex Pettyfer,Bruce Greenwood,Rhys Wakefield,6.3,"brother sister relationship, high school graduation, love, sparkler, unfaithful husband",English
Georgia Rule,2007.0,Comedy Drama,Garry Marshall,Hector Elizondo,Zachary Gordon,Jane Fonda,5.9,"alcoholic, rules, secret, summer, teenager",English
Under the Rainbow,1981.0,Comedy,Steve Rash,Mako,Adam Arkin,Billy Barty,5.4,"assassin, hotel, japanese tourist, secret service, wizard of oz",English
Ladyhawke,1985.0,Adventure Comedy Drama Fantasy,Richard Donner,Matthew Broderick,John Wood,Leo McKern,7.0,"bishop, escape, hawk, lady, thief",English
Simon Birch,1998.0,Comedy Drama Family,Mark Steven Johnson,Oliver Platt,Jan Hooks,Dana Ivey,6.9,"boy, christmas, christmas pageant, friendship, illegitimate son",English
Reign Over Me,2007.0,Drama,Mike Binder,Adam Sandler,Don Cheadle,John de Lancie,7.5,"college, depression, grief, mental breakdown, post september 11 2001",English
Into the Wild,2007.0,Adventure Biography Drama,Sean Penn,Kristen Stewart,William Hurt,Hal Holbrook,8.2,"alaska, based on true story, male nudity, self discovery, wilderness",English
School for Scoundrels,2006.0,Comedy,Todd Phillips,Jon Heder,Sarah Silverman,Jacinda Barrett,5.9,"paintball, paintball gun, pepper spray, tennis, what happened to epilogue",English
Silent Hill: Revelation 3D,2012.0,Adventure Drama Horror Mystery Thriller,Michael J. Bassett,Radha Mitchell,Deborah Kara Unger,Martin Donovan,5.0,"18th birthday, alternate reality, introduction, nightmare, on the run",English
From Dusk Till Dawn,1996.0,Crime Fantasy Horror,Robert Rodriguez,Quentin Tarantino,Salma Hayek,Cheech Marin,7.3,"brother, human versus vampire, rapist, stripper, vampire",English
Pooh's Heffalump Movie,2005.0,Animation Family Fantasy Mystery,Frank Nissen,Kath Soucie,Brenda Blethyn,John Fiedler,6.4,"creature, forest, mother son relationship, rabbit, winnie the pooh",English
Home for the Holidays,1995.0,Comedy Drama Romance,Jodie Foster,Robert Downey Jr.,Holly Hunter,Steve Guttenberg,6.6,"dinner, gay interest, gay sibling, homosexual, thanksgiving",English
Kung Fu Hustle,2004.0,Action Comedy Crime Fantasy,Stephen Chow,Shengyi Huang,Chi Ling Chiu,Qiu Yuen,7.8,"1940s, axe, china, gang, sign language",Cantonese
The Country Bears,2002.0,Comedy Family Music Musical,Peter Hastings,Haley Joel Osment,Alex Rocco,Stephen Root,4.0,"animal in title, bear, box office flop, disney, satire",English
The Kite Runner,2007.0,Drama,Marc Forster,Mustafa Haidari,Shaun Toub,Khalid Abdalla,7.6,"afghanistan, based on novel, boy, friend, kite",Dari
21 Grams,2003.0,Drama,Alejandro G. Iñárritu,Naomi Watts,Eddie Marsan,Danny Huston,7.7,"accident, faith, love, mathematician, nonlinear timeline",English
Paparazzi,2004.0,Action Crime Drama Thriller,Paul Abascal,Cole Hauser,Tom Hollander,Kelly Carlson,5.8,"actor, coma, movie star, paparazzi, revenge",English
Twilight,2008.0,Drama Fantasy Romance,Catherine Hardwicke,Kristen Stewart,Taylor Lautner,Anna Kendrick,5.2,"blood, high school, love, school, vampire",English
A Guy Thing,2003.0,Comedy Romance,Chris Koch,Thomas Lennon,Lochlyn Munro,James Brolin,5.6,"bachelor party, climbing a tree, taxi, toilet, wedding",English
Loser,2000.0,Comedy Romance,Amy Heckerling,Andy Dick,Robert Miano,Zak Orth,5.3,"college, loser, love, new york city, overdose",English
Capitalism: A Love Story,2009.0,Crime Documentary News,Michael Moore,Ronald Reagan,Michael Moore,Bernie Sanders,7.4,"capitalism, critique of capitalism, investment bank, market economy, plutocracy",English
The Greatest Story Ever Told,1965.0,Biography Drama History,George Stevens,Martin Landau,Carroll Baker,José Ferrer,6.6,"70mm film, biblical epic, faith, jewish, king herod",English
Secret in Their Eyes,2015.0,Crime Drama Mystery Thriller,Billy Ray,Julia Roberts,Michael Kelly,Joe Cole,6.2,"digging a grave, grave digging, investigator, police, secret",English
Disaster Movie,2008.0,Comedy,Jason Friedberg,Carmen Electra,Tony Cox,Ike Barinholtz,1.9,"disaster, glass, mousetrap, natural disaster, scatological humor",English
Armored,2009.0,Action Crime Thriller,Nimród Antal,Andrew Fiscella,Fred Ward,Lorna Raver,5.7,"armored truck, blood splatter, die hard scenario, guard, heist",English
The Man Who Knew Too Little,1997.0,Action Comedy Crime Thriller,Jon Amiel,Bill Murray,Peter Gallagher,Joanne Whalley,6.6,"assassin, bomb, dominatrix, mistaken identity, spy",English
What's Your Number?,2011.0,Comedy Romance,Mark Mylod,Chris Evans,Ari Graynor,Ed Begley Jr.,6.0,"ex boyfriend, morning after, prince charming, quarrel, womanizer",English
Lockout,2012.0,Action Adventure Sci-Fi Thriller,James Mather,Joseph Gilgun,Vincent Regan,Jacky Ido,6.1,"bodyguard, maximum security prison, outer space, president, prison",English
Envy,2004.0,Comedy,Barry Levinson,Amy Poehler,Ariel Gade,Sam Lerner,4.8,"best friend, dog, envy, jealousy, neighbor",English
Crank: High Voltage,2009.0,Action Crime Sci-Fi Thriller,Mark Neveldine,Jason Statham,Clifton Collins Jr.,David Carradine,6.2,"artificial heart, heart, horse penis, prostitute, stripper",English
Bullets Over Broadway,1994.0,Comedy Crime,Woody Allen,Jim Broadbent,Chazz Palminteri,Dianne Wiest,7.5,"actress, bodyguard, new york city, play, playwright",English
One Night with the King,2006.0,Biography Drama History,Michael O. Sajbel,James Callis,Tiffany Dupont,Nimrat Kaur,6.3,"biblical, book of esther, esther, persia, treachery",English
The Quiet American,2002.0,Drama Mystery Romance Thriller War,Phillip Noyce,Brendan Fraser,Tzi Ma,Holmes Osborne,7.1,"american, french, saigon, vietnam, vietnamese",English
The Weather Man,2005.0,Comedy Drama,Gore Verbinski,Nicolas Cage,Hope Davis,Michael Rispoli,6.6,"corndog, failure, funeral in the rain, new york city, weatherman",English
Undisputed,2002.0,Action Crime Drama Sport,Walter Hill,Fisher Stevens,Wes Studi,Jon Seda,6.1,"boxing, fight, heavyweight champion, iceman, prison",English
Ghost Town,2008.0,Comedy Drama Fantasy Romance,David Koepp,Aasif Mandvi,Dequina Moore,Jordan Carlos,6.7,"bouquet of roses, bright light, cardiopulmonary resuscitation, ghost, white rose",English
12 Rounds,2009.0,Action Crime Thriller,Renny Harlin,Taylor Cole,Ashley Scott,Nick Gomez,5.6,"2000s, detective, sadist, terrorism, terrorist",English
Let Me In,2010.0,Drama Fantasy Horror Mystery,Matt Reeves,Chloë Grace Moretz,Dylan Minnette,Kodi Smit-McPhee,7.2,"blood, boy, night, school, vampire",English
3 Ninjas Kick Back,1994.0,Action Comedy Family,Charles T. Kanganis,Victor Wong,Dustin Nguyen,Don Stark,4.3,"1990s, dagger, japan, mousetrap, stick fight",English
Be Kind Rewind,2008.0,Comedy,Michel Gondry,Quinton Aaron,Mia Farrow,Melonie Diaz,6.4,"friend, power plant, sabotage, store clerk, video store",English
Mrs Henderson Presents,2005.0,Comedy Drama Music War,Stephen Frears,Bob Hoskins,Christopher Guest,Sarah Solemani,7.1,"anti semitism, breasts, chamberlain, friend, theatre",English
Triple 9,2016.0,Action Crime Drama Thriller,John Hillcoat,Kate Winslet,Norman Reedus,Clifton Collins Jr.,6.3,"betrayal, corrupt cop, heist, murder of a police officer, police detective",English
Deconstructing Harry,1997.0,Comedy,Woody Allen,Woody Allen,Lynn Cohen,Judy Davis,7.4,"marriage, novelist, panties pulled down, writer's block, writing",English
Three to Tango,1999.0,Comedy Romance,Damon Santostefano,Matthew Perry,Oliver Platt,David Ramsey,6.1,"architect, award, farce, love, misunderstanding",English
Burnt,2015.0,Comedy Drama,John Wells,Bradley Cooper,Omar Sy,Riccardo Scamarcio,6.6,"chef, gay kiss, michelin star, restaurant, violent behavior",English
We're No Angels,1989.0,Comedy Crime,Neil Jordan,Robert De Niro,Demi Moore,James Russo,6.0,"con, convict, escape, police, priest",English
Everyone Says I Love You,1996.0,Comedy Musical Romance,Woody Allen,Natasha Lyonne,Gaby Hoffmann,Jeff DeRocker,6.8,"engagement, grandfather, liberal, maid, song",English
Death at a Funeral,2007.0,Comedy,Frank Oz,Peter Dinklage,Ewen Bremner,Kris Marshall,7.4,"end credits roll call, four word title, funeral, secret, uncle",English
Death Sentence,2007.0,Action Crime Thriller,James Wan,Aisha Tyler,Kelly Preston,Edi Gathegi,6.8,"blood, death, gang, murder, revenge",English
Everybody's Fine,2009.0,Adventure Drama,Kirk Jones,Robert De Niro,James Frain,Brendan Sexton III,7.2,"bus trip, parental love, retirement, surprise visit, train ride",English
Superbabies: Baby Geniuses 2,2004.0,Comedy Family Sci-Fi,Bob Clark,Scott Baio,Vanessa Angel,Peter Wingfield,1.9,"computer, good versus evil, mind control, science experiment, sequel",English
The Man,2005.0,Action Comedy Crime,Les Mayfield,Miguel Ferrer,Susie Essman,Gigi Rice,5.5,"buddy comedy, criminal, gun smuggling, mistaken identity, salesman",English
Code Name: The Cleaner,2007.0,Action Comedy Crime,Les Mayfield,Callum Rennie,Will Patton,Cedric the Entertainer,4.5,"comic violence, hand to hand combat, kung fu, talking to self in mirror, violence",English
Connie and Carla,2004.0,Comedy Crime Music,Michael Lembeck,Debbie Reynolds,Nia Vardalos,Dash Mihok,6.3,"box office flop, drag queen, gender disguise, mafia, witness",English
Sweet Charity,1969.0,Comedy Drama Music Musical Romance,Bob Fosse,Sammy Davis Jr.,Ricardo Montalban,Ben Vereen,7.0,"charity, dancer, foreign language adaptation, hope, taxi dancer",English
Inherent Vice,2014.0,Comedy Crime Drama Mystery Romance,Paul Thomas Anderson,Martin Dew,Katherine Waterston,Serena Scott Thomas,6.7,"1960s, based on novel, ex boyfriend ex girlfriend relationship, southern california, voice over narration",English
Doogal,2006.0,Adventure Animation Comedy Family Fantasy,Dave Borthwick,Jimmy Fallon,Kylie Minogue,Jon Stewart,2.8,"diamond, lava, magic, mountain, sorcerer",English
Battle of the Year,2013.0,Drama Music,Benson Lee,Chris Brown,Caity Lotz,Laz Alonso,5.0,"3 dimensional, box office flop, critically bashed, dancing",English
An American Carol,2008.0,Comedy Fantasy,David Zucker,Chriss Anglin,Geoffrey Arend,Gary Coleman,4.3,"arab stereotype, box office flop, documentary filmmaker, filmmaker, terrorist",English
Machete Kills,2013.0,Action Comedy Crime Thriller,Robert Rodriguez,Alexa PenaVega,Demián Bichir,Marko Zaror,5.6,"arms dealer, battle, bomb, machete, missile",English
Willard,2003.0,Drama Horror Sci-Fi Thriller,Glen Morgan,Laura Harring,Ty Olsson,Jackie Burroughs,6.2,"at work, rat, revenge, vermin, work",English
Strange Wilderness,2008.0,Adventure Comedy,Fred Wolf,Kevin Alejandro,Ashley Scott,Jeff Garlin,5.3,"bigfoot, critically bashed, ecuador, friend, tv show",English
Topsy-Turvy,1999.0,Biography Comedy Drama History Music Musical,Mike Leigh,Jim Broadbent,Dexter Fletcher,Lesley Manville,7.4,"19th century, exhibition, gilbert and sullivan, gilbert and sullivan's princess ida, japanese",English
A Dangerous Method,2011.0,Biography Drama Thriller,David Cronenberg,Michael Fassbender,Viggo Mortensen,Sarah Gadon,6.5,"carl jung, patient, psychoanalysis, russian, sigmund freud",English
A Scanner Darkly,2006.0,Animation Drama Mystery Sci-Fi Thriller,Richard Linklater,Robert Downey Jr.,Keanu Reeves,Rory Cochrane,7.1,"detective, drugs, substance d, undercover, undercover cop",English
Chasing Mavericks,2012.0,Biography Drama Sport,Michael Apted,Gerard Butler,Abigail Spencer,Leven Rambin,7.2,"box office flop, no opening credits, surfing, two word title, year 1987",English
Alone in the Dark,2005.0,Horror Sci-Fi,Uwe Boll,Catherine Lough Haggquist,Darren Shahlavi,Karin Konoval,2.3,"artifact, creature, darkness, demon, museum",English
Bandslam,2009.0,Comedy Drama Family Music Romance,Todd Graff,Scott Porter,Charlie Saxton,Ryan Donowho,6.4,"battle of the bands, high school, rock 'n' roll, school, teenager",English
Birth,2004.0,Drama Mystery Romance Thriller,Jonathan Glazer,Cameron Bright,Anne Heche,Danny Huston,6.1,"birthday, boy, dead husband, death, widow",English
A Most Violent Year,2014.0,Action Crime Drama Thriller,J.C. Chandor,David Oyelowo,Ashley Williams,Albert Brooks,7.0,"american dream, immigrant, new york city, oil, violence",English
Passchendaele,2008.0,Drama History Romance War,Paul Gross,Landon Liboiron,Michael Greyeyes,Caroline Dhavernas,6.5,"battle, canadian armed forces, canadian soldier, directed by star, veteran",English
Flash of Genius,2008.0,Biography Drama,Marc Abraham,Dylan Authors,Bill Lake,Victoria Learn,7.0,"flash of genius, genius, intellectual property, professor, university",English
I'm Not There.,2007.0,Biography Drama Music,Todd Haynes,Christian Bale,Heath Ledger,Tyrone Benskin,7.0,"1960s, actor, horseback riding, reporter, riding the rails",English
The Cold Light of Day,2012.0,Action Thriller,Mabrouk El Mechri,Henry Cavill,Bruce Willis,Óscar Jaenada,4.9,"driving a car down stairs, duct tape gag, held captive, murder of a police officer, sailing",English
The Brothers Bloom,2008.0,Adventure Comedy Drama Romance,Rian Johnson,Zachary Gordon,Maximilian Schell,Nora Zehetner,6.9,"con man, eccentric, heiress, love, revenge",English
"Synecdoche, New York",2008.0,Comedy Drama Romance,Charlie Kaufman,Philip Seymour Hoffman,Jennifer Jason Leigh,Samantha Morton,7.5,"actress, director, play, theatre director, warehouse",English
Princess Mononoke,1997.0,Adventure Animation Fantasy,Hayao Miyazaki,Minnie Driver,Jada Pinkett Smith,Billy Crudup,8.4,"anime, cult film, forest, princess, studio ghibli",Japanese
Bon voyage,2003.0,Comedy Drama Mystery Romance Thriller War,Jean-Paul Rappeneau,Isabelle Adjani,Peter Coyote,Virginie Ledoyen,6.9,"actress, bordeaux, german, heavy water, nazi",French
Can't Stop the Music,1980.0,Biography Comedy Musical,Nancy Walker,Steve Guttenberg,Randy Jones,Caitlyn Jenner,4.5,"male frontal nudity, male full frontal nudity, male nudity, male rear nudity, new york city",English
The Proposition,2005.0,Crime Drama Western,John Hillcoat,Ray Winstone,Noah Taylor,Danny Huston,7.4,"aborigine, foreboding, gang, hideout, outlaw",English
Courage,2015.0,Biography Drama Sport,Angelo Pizzo,Donny Boaz,Finn Wittrock,Brent Anderson,7.0,"coach, football, football movie, football team, high school sweethearts",English
Marci X,2003.0,Comedy Music,Richard Benjamin,Damon Wayans,Jane Krakowski,Paula Garcés,2.8,"female protagonist, hip hop, jewish american princess, rapper, record label",English
Equilibrium,2002.0,Action Drama Sci-Fi Thriller,Kurt Wimmer,Christian Bale,Emily Watson,Sean Pertwee,7.5,"cleric, dystopia, fascist, law, neo noir",English
The Children of Huang Shi,2008.0,Drama War,Roger Spottiswoode,Radha Mitchell,Guang Li,Matthew Walker,7.1,"british, communist, journalist, nurse, orphan",English
The Yards,2000.0,Crime Drama Romance Thriller,James Gray,Charlize Theron,Ellen Burstyn,Faye Dunaway,6.4,"best friend, corruption, fall to death, female nudity, friend",English
The Oogieloves in the Big Balloon Adventure,2012.0,Adventure Family Fantasy Musical,Matthew Diamond,Chazz Palminteri,Garrett Clayton,Toni Braxton,6.7,"balloon, birthday, box office flop, critically bashed",English
By the Sea,2015.0,Drama Romance,Angelina Jolie Pitt,Brad Pitt,Angelina Jolie Pitt,Melvil Poupaud,5.3,"cheating wife, cigarette smoking, male in shower, male nudity, male rear nudity",English
Steamboy,2004.0,Action Adventure Animation Family Sci-Fi Thriller,Katsuhiro Ôtomo,William Hootkins,Robin Atkin Downes,Rosalind Ayres,6.9,"19th century, ball, boy, inventor, steam",Japanese
The Game of Their Lives,2005.0,Drama History Sport,David Anspaugh,Gerard Butler,Costas Mandylor,Jimmy Jean-Louis,6.2,"1950s, brazil, soccer, soccer movie, world cup",English
All Good Things,2010.0,Crime Drama Mystery Romance Thriller,Andrew Jarecki,Ryan Gosling,Kirsten Dunst,Frank Langella,6.3,"family business, friend, murder, new york city, trial",English
Rapa Nui,1994.0,Action Adventure Drama History Romance,Kevin Reynolds,Esai Morales,Jason Scott Lee,Sandrine Holt,6.4,"easter island, location in title, statue, topless female nudity, two word title",English
CJ7,2008.0,Comedy Family Sci-Fi,Stephen Chow,Jiao Xu,Yuqi Zhang,Chi Chung Lam,6.5,"father son relationship, miracle, school, ufo, written and directed by cast member",Cantonese
Les couloirs du temps: Les visiteurs II,1998.0,Comedy Family Fantasy Sci-Fi,Jean-Marie Poiré,Christian Clavier,Philippe Nahon,Marie-Anne Chazel,6.0,"jewel, knight, magical potion, sequel, time travel comedy",French
Dylan Dog: Dead of Night,2010.0,Action Comedy Crime Fantasy Horror Mystery Sci-Fi Thriller,Kevin Munroe,Marco St. John,Laura Spencer,Anita Briem,5.1,"close up of eyes, monster, quirkiness, supernatural, vomiting",English
People I Know,2002.0,Crime Drama Mystery,Daniel Algrant,Al Pacino,Richard Schiff,Mark Webber,5.5,"actor, client, new york, protection, scandal",English
The Tempest,2010.0,Comedy Drama Fantasy Romance,Julie Taymor,Djimon Hounsou,Reeve Carney,Tom Conti,5.4,"banishment, sorcery, spirit, staff, storm at sea",English
Regression,2015.0,Crime Drama Mystery Thriller,Alejandro Amenábar,Emma Watson,Aaron Ashmore,Julian Richings,5.7,"inspired by true events, memory, minnesota, police, year 1990",English
The Touch,2007.0,Romance Short,Jane Clark,Necar Zadegan,Traci Dinwiddie,Elea Oberon,5.2,"lesbian, paris france, period piece, poem, poetess",English
Three Kingdoms: Resurrection of the Dragon,2008.0,Action Drama History War,Daniel Lee,Andy Lau,Sammo Kam-Bo Hung,Andy On,6.2,"art of war, china, civil war, female warrior, musician",Mandarin
Shattered,2007.0,Crime Drama Thriller,Mike Barker,Gerard Butler,Nicholas Lea,Callum Rennie,6.7,"daughter, gun, nanny, sociopath, suburb",English
Zambezia,2012.0,Adventure Animation Comedy Family,Wayne Thornley,Leonard Nimoy,Phil LaMarr,Noureen DeWulf,5.8,"bird, city name in title, falcon, one word title, place name in title",English
Ramanujan,2014.0,Biography Drama History,Gnana Rajasekaran,Mani Bharathi,Michael Lieber,Kevin McGowan,7.0,ramanujan,English
Dwegons and Leprechauns,2014.0,Animation,Tom Walsh,Joey D. Vieira,Maggie Wheeler,Jacqueline Lovell,4.8,dwegons,English
Hands of Stone,2016.0,Action Biography Drama Sport,Jonathan Jakubowicz,Robert De Niro,Jurnee Smollett-Bell,Edgar Ramírez,7.2,"boxer, boxing, three word title",English
Survivor,2015.0,Action Crime Thriller,James McTeigue,Milla Jovovich,Roger Rees,Robert Forster,5.6,"cigarette lighter, death, fire, on the run, terrorist",English
The Frozen Ground,2013.0,Crime Drama Mystery Thriller,Scott Walker,Nicolas Cage,Radha Mitchell,Jodi Lyn O'Keefe,6.4,"anchorage alaska, based on true story, pole dancer, serial killer, strip club",English
The Painted Veil,2006.0,Drama Romance,John Curran,Toby Jones,Sally Hawkins,Alan David,7.5,"china, cholera, epidemic, love, marriage",Mandarin
The Baader Meinhof Complex,2008.0,Action Biography Crime Drama,Uli Edel,Moritz Bleibtreu,Alexandra Maria Lara,Martina Gedeck,7.4,"bonn germany, failed kidnapping, handcuffs, projectile, terrorist",German
Dances with Wolves,1990.0,Adventure Drama Western,Kevin Costner,Mary McDonnell,Michael Spears,Maury Chaykin,8.0,"friendship, frontier, honor, outpost, soldier",English
Bad Teacher,2011.0,Comedy,Jake Kasdan,Justin Timberlake,John Michael Higgins,Phyllis Smith,5.7,"boob job, breast enlargement, breast surgery, cheating on a test, ejaculation",English
Sea of Love,1989.0,Crime Drama Mystery Thriller,Harold Becker,Al Pacino,Michael O'Neill,Ellen Barkin,6.8,"detective, love, single, suspect, title from song",English
A Cinderella Story,2004.0,Comedy Family Romance,Mark Rosman,Dan Byrd,Lin Shaye,Julie Gonzalo,5.9,"cinderella story, correspondence, evil step mother, female protagonist, teenage girl",English
Scream,1996.0,Horror Mystery,Wes Craven,David Arquette,W. Earl Brown,Roger Jackson,7.2,"mask, mystery killer, slasher, teenage girl, telephone",English
Thir13en Ghosts,2001.0,Horror,Steve Beck,Shannon Elizabeth,Embeth Davidtz,F. Murray Abraham,5.5,"collector, ghost, ghost hunter, glass house, machine",English
The Shining,1980.0,Drama Horror,Stanley Kubrick,Scatman Crothers,Shelley Duvall,Joe Turkel,8.4,"breaking down a door, haunted hotel, identical twins, labyrinth, twin sisters",English
Back to the Future,1985.0,Adventure Comedy Sci-Fi,Robert Zemeckis,Lea Thompson,Thomas F. Wilson,J.J. Cohen,8.5,"clock tower, delorean, future, time travel, time travel comedy",English
House on Haunted Hill,1999.0,Horror Mystery Thriller,William Malone,Jeffrey Combs,Peter Gallagher,Bridgette Wilson-Sampras,5.6,"billionaire, corpse, eccentric, haunted hospital, haunted house",English
I Can Do Bad All by Myself,2009.0,Comedy Drama,Tyler Perry,Eric Mendenhall,Mary J. Blige,Hope Olaide Wilson,4.1,"aunt, immigrant, looting, love, nightclub singer",English
The Switch,2010.0,Comedy Drama Romance,Josh Gordon,Caroline Dhavernas,Scott Elrod,Kelli Barrett,6.1,"artificial insemination, best friend, new york city, sperm, sperm donor",English
Just Married,2003.0,Comedy Romance,Shawn Levy,Taran Killam,David Agranov,David Moscow,5.4,"fall, honeymoon, love, marriage, newlywed",English
The Devil's Double,2011.0,Biography Drama Thriller,Lee Tamahori,Mem Ferda,Dominic Cooper,Ludivine Sagnier,7.1,"betrayal, debauchery, lust, palace, saddam hussein",English
Thomas and the Magic Railroad,2000.0,Adventure Comedy Drama Family Fantasy,Britt Allcroft,Mara Wilson,Colm Feore,Peter Fonda,3.6,"locomotive, magic, mountain, railroad, steam locomotive",English
The Crazies,2010.0,Horror Thriller,Breck Eisner,Radha Mitchell,Glenn Morshower,John Aylward,6.5,"deputy, iowa, rural setting, sheriff, survival",English
Spirited Away,2001.0,Adventure Animation Family Fantasy,Hayao Miyazaki,Bunta Sugawara,Ryûnosuke Kamiki,Miyu Irino,8.6,"anime, bathhouse, pig, spirit, work",Japanese
Firestorm,2013.0,Action Crime Thriller,Alan Yuen,Andy Lau,Michael Wong,Terence Yin,6.2,"die hard scenario, gunfight, hong kong police, police escort attacked, shootout",Mandarin
The Bounty,1984.0,Action Adventure Drama History Romance,Roger Donaldson,Liam Neeson,Anthony Hopkins,Laurence Olivier,7.0,"lieutenant, lifeboat, mutiny, sailing ship, ship",English
The Book Thief,2013.0,Drama War,Brian Percival,Emily Watson,Sophie Nélisse,Roger Allam,7.6,"basement, book, girl, library, track",English
Sex Drive,2008.0,Adventure Comedy Romance,Sean Anders,Katrina Bowden,Michael Cudlitz,Alice Greczyn,6.5,"amish, friend, friendship, high school, virgin",English
Leap Year,2010.0,Comedy Romance,Anand Tucker,Adam Scott,Kaitlin Olson,Dominique McElligott,6.4,"ireland, irish, journey, tradition, travel",English
The Fall of the Roman Empire,1964.0,Drama History War,Anthony Mann,James Mason,Mel Ferrer,Stephen Boyd,6.7,"2nd century, emperor, european history, loosely based on historical events, roman empire",English
Take Me Home Tonight,2011.0,Comedy Drama Romance,Michael Dowse,Topher Grace,Michael Biehn,Dan Fogler,6.3,"friend, night, party, sex scene, sister",English
Won't Back Down,2012.0,Drama,Daniel Barnz,Holly Hunter,Rosie Perez,Dante Brown,6.4,"children, inner city, parent, school, teacher",English
The Nutcracker,1993.0,Family Fantasy Music,Emile Ardolino,Darci Kistler,Kyra Nichols,Margaret Tracey,5.7,"christmas, lifting female in air, lifting male in air, lifting someone into the air, little girl",English
Kansas City,1996.0,Crime Drama Music Thriller,Robert Altman,Steve Buscemi,Jennifer Jason Leigh,Miranda Richardson,6.3,"1930s, election, female frontal nudity, kansas city, politician",English
Indignation,2016.0,Drama,James Schamus,Logan Lerman,Sarah Gadon,Tracy Letts,7.8,based on novel,Hebrew
The Amityville Horror,2005.0,Drama Horror Mystery Thriller,Andrew Douglas,Jimmy Bennett,Chloë Grace Moretz,Ryan Reynolds,6.0,"ghost, haunted house, murder, nightmare, priest",English
Adaptation.,2002.0,Comedy Drama,Spike Jonze,Nicolas Cage,Meryl Streep,Roger Willie,7.7,"book, orchid, screenwriter, thief, twin",English
Land of the Dead,2005.0,Horror,George A. Romero,Tony Nappo,Shawn Roberts,Pedro Miguel Arce,6.2,"apocalypse, mercenary, skyscraper, urban setting, zombie apocalypse",English
Fear and Loathing in Las Vegas,1998.0,Adventure Comedy Drama,Terry Gilliam,Johnny Depp,Michael Jeter,Ellen Barkin,7.7,"american dream, convertible, drugs, journalist, lawyer",English
The Invention of Lying,2009.0,Comedy Fantasy Romance,Ricky Gervais,Jennifer Garner,Tina Fey,Martin Starr,6.4,"genetics, heaven, lie, screenwriter, truth",English
Neighbors,2014.0,Comedy,Nicholas Stoller,Craig Roberts,Carla Gallo,Ike Barinholtz,6.4,"broken leg, friendship, jewish, topless female nudity, urination",English
The Mask,1994.0,Action Comedy Crime Fantasy,Chuck Russell,Peter Greene,Amy Yasbeck,Reg E. Cathey,6.9,"bank, bank clerk, gangster, loki, mask",English
Big,1988.0,Comedy Drama Family Fantasy Romance,Penny Marshall,Tom Hanks,Jon Lovitz,John Heard,7.3,"friend, job, new york city, toy, wish",English
Borat: Cultural Learnings of America for Make Benefit Glorious Nation of Kazakhstan,2006.0,Comedy,Larry Charles,Luenell,Ken Davitian,Chester,7.3,"california, city, kazakhstan, travel, tv reporter",English
Legally Blonde,2001.0,Comedy Romance,Robert Luketic,Linda Cardellini,Raquel Welch,Alanna Ubach,6.2,"blonde, harvard, law, law school, sorority",English
Star Trek III: The Search for Spock,1984.0,Action Adventure Sci-Fi,Leonard Nimoy,Leonard Nimoy,Nichelle Nichols,Walter Koenig,6.6,"dying planet, planet, regaining one's memory, sacrifice, stabbed to death",English
The Exorcism of Emily Rose,2005.0,Drama Horror Thriller,Scott Derrickson,Tom Wilkinson,Colm Feore,JR Bourne,6.7,"death, demonic possession, exorcism, lawyer, priest",English
Deuce Bigalow: Male Gigolo,1999.0,Comedy Romance,Mike Mitchell,Amy Poehler,Eddie Griffin,Bree Turner,5.7,"aquarium, fish, fish tank, gigolo, norwegian",English
Left Behind,2014.0,Action Drama Fantasy Mystery Thriller,Vic Armstrong,Nicolas Cage,Lea Thompson,Quinton Aaron,3.1,"bible quote, chaos, faith, riot, shrine",English
The Family Stone,2005.0,Comedy Drama Romance,Thomas Bezucha,Craig T. Nelson,Paul Schneider,Tyrone Giordano,6.3,"christmas, cruelty, ring, secret, tension",English
Barbershop 2: Back in Business,2004.0,Comedy Drama,Kevin Rodney Sullivan,Harry Lennix,Sean Patrick Thomas,Kenan Thompson,5.7,"barbecue, barbershop, blaxploitation, marriage, politics",English
Bad Santa,2003.0,Comedy Crime Drama,Terry Zwigoff,Bernie Mac,Tony Cox,Alex Borstein,7.1,"bartender, christmas, christmas eve, department store, drink",English
Austin Powers: International Man of Mystery,1997.0,Comedy Crime,Jay Roach,Will Ferrell,Charles Napier,Robert Wagner,7.0,"cartoon on tv, reference to frankenstein, reference to jimi hendrix, scene during end credits, surrealism",English
My Big Fat Greek Wedding 2,2016.0,Comedy Family Romance,Kirk Jones,Nia Vardalos,Louis Mandylor,Joey Fatone,6.1,"family restaurant, greek, remarriage, suburb, wedding",English
Diary of a Wimpy Kid: Rodrick Rules,2011.0,Comedy Family,David Bowers,Zachary Gordon,Rachael Harris,Fran Kranz,6.6,"brother, middle school, no opening credits, photograph, school",English
Predator,1987.0,Action Horror Sci-Fi,John McTiernan,Shane Black,Bill Duke,Carl Weathers,7.8,"box office hit, commando, death of friend, jungle, severed arm",English
Amadeus,1984.0,Biography Drama History Music,Milos Forman,Jeffrey Jones,F. Murray Abraham,Tom Hulce,8.3,"1800s, classical composer, composer, first person narration, opera",English
Prom Night,2008.0,Horror Mystery,Nelson McCormick,Ming-Na Wen,Scott Porter,Collins Pennie,3.9,"friend, hotel, killer, murder, prom",English
Mean Girls,2004.0,Comedy,Mark Waters,Tina Fey,Amy Poehler,Neil Flynn,7.0,"bully, clique, high school, high school girl, secret",English
Under the Tuscan Sun,2003.0,Comedy Drama Romance,Audrey Wells,Raoul Bova,Lindsay Duncan,Mario Monicelli,6.7,"author, book, vacation, villa, writer",English
Gosford Park,2001.0,Drama Mystery,Robert Altman,Kristin Scott Thomas,Bob Balaban,Tom Hollander,7.3,"country house, murder, producer, servant, shooting party",English
Peggy Sue Got Married,1986.0,Comedy Drama Fantasy Romance,Francis Ford Coppola,Nicolas Cage,Kathleen Turner,Joan Allen,6.3,"alternate history, alternate timeline, divorce, high school, reunion",English
Birdman or (The Unexpected Virtue of Ignorance),2014.0,Comedy Drama Romance,Alejandro G. Iñárritu,Emma Stone,Naomi Watts,Merritt Wever,7.8,"actor, artist, broadway play, replacement, stage",English
Blue Jasmine,2013.0,Drama,Woody Allen,Sally Hawkins,Charlie Tahan,Andrew Dice Clay,7.3,"congenital liar, mental breakdown, self deception, snob, talking to oneself",English
United 93,2006.0,Drama History Thriller,Paul Greengrass,Christian Clemenson,David Alan Basche,Susan Blommaert,7.6,"flight, passenger, plane, september 11 2001, terrorist",English
Honey,2003.0,Drama Music Romance,Bille Woodruff,Christian Monzon,Mekhi Phifer,Romeo Miller,5.3,"choreographer, dance, dancer, dancing, hip hop",English
Glory,1989.0,Drama History War,Edward Zwick,Denzel Washington,Morgan Freeman,Matthew Broderick,7.9,"army, black soldier, military uniform, prejudice, u.s. civil war",English
Spy Hard,1996.0,Action Comedy,Rick Friedberg,Hulk Hogan,Barry Bostwick,Nicollette Sheridan,5.3,"1990s, dentist, hit with a door, martial arts, museum",English
The Fog,1980.0,Fantasy Horror,John Carpenter,Jamie Lee Curtis,Hal Holbrook,Janet Leigh,6.8,"california, fog, leper, lighthouse, ship",English
Soul Surfer,2011.0,Biography Drama Family Sport,Sean McNamara,Dennis Quaid,Chris Brochu,Craig T. Nelson,7.1,"christian, christian film, shark, surfer, surfing",English
Catch-22,1970.0,Comedy Drama War,Mike Nichols,Bob Newhart,Bob Balaban,Martin Balsam,7.2,"catch 22, friend, insanity, kneed in the groin, military",English
Observe and Report,2009.0,Comedy Crime Drama,Jody Hill,Collette Wolfe,Celia Weston,Dan Bakkedahl,5.8,"male pubic hair, mall, police detective, pubic hair, security guard",English
Conan the Destroyer,1984.0,Action Adventure Fantasy,Richard Fleischer,Mako,Olivia d'Abo,Grace Jones,5.8,"gods, princess, queen, rescue, wizard",English
Raging Bull,1980.0,Biography Drama Sport,Martin Scorsese,Robert De Niro,Cathy Moriarty,Frank Vincent,8.3,"boxing, domestic violence, hot temper, jealousy, rage",English
Love Happens,2009.0,Drama Romance,Brandon Camp,Judy Greer,Sasha Alexander,Frances Conroy,5.6,"florist, motivational speaker, self help guru, seminar, widower",English
Young Sherlock Holmes,1985.0,Adventure Fantasy Mystery Thriller,Barry Levinson,Nicholas Rowe,Roger Ashton-Griffiths,Freddie Jones,6.8,"cult, death, delusion, girl, sherlock holmes",English
Fame,2009.0,Comedy Drama Musical Romance,Kevin Tancharoen,Kelsey Grammer,Kay Panabaker,Megan Mullally,5.0,"new york, performing arts, school, student, teacher",English
127 Hours,2010.0,Adventure Biography Drama Thriller,Danny Boyle,James Franco,Treat Williams,Kate Burton,7.6,"alone, aron ralston, based on autobiography, canyon, survival",English
Small Time Crooks,2000.0,Comedy Crime,Woody Allen,Woody Allen,Jon Lovitz,Michael Rapaport,6.7,"apartment building, crook, new york city, three word title, written and directed by cast member",English
Center Stage,2000.0,Drama Music Romance,Nicholas Hytner,Amanda Schull,Susan May Pratt,Ethan Stiefel,6.7,"ballet, dance, dancer, dancing, love",English
Love the Coopers,2015.0,Comedy,Jessie Nelson,Olivia Wilde,Alex Borstein,Timothée Chalamet,5.7,"christmas, family dinner, husband wife conflict, husband wife kiss, large family",English
Catch That Kid,2004.0,Comedy Crime,Bart Freundlich,Kristen Stewart,Corbin Bleu,Kevin G. Schmidt,5.2,"caper, computer genius, dog, heist, security chief",English
Life as a House,2001.0,Drama,Irwin Winkler,Ian Somerhalder,Hayden Christensen,Kristin Scott Thomas,7.5,"cancer, construction, house, house construction, neighbor",English
Steve Jobs,2015.0,Biography Drama,Danny Boyle,Kate Winslet,Michael Fassbender,Michael Stuhlbarg,7.2,"apple computer, box office flop, computer, dialogue driven, father daughter relationship",English
"I Love You, Beth Cooper",2009.0,Comedy Romance,Chris Columbus,Alan Ruck,Marie Avgeropoulos,Shawn Roberts,5.3,"cheerleader, party, popular girl, speech, valedictorian",English
Youth in Revolt,2009.0,Comedy Drama Romance,Miguel Arteta,Steve Buscemi,Ari Graynor,Fred Willard,6.5,"alter ego, boarding school, love, masturbation, teen movie",English
The Legend of the Lone Ranger,1981.0,Action Adventure Western,William A. Fraker,Jason Robards,Richard Farnsworth,Michael Horse,5.0,"ambush, hero, masked hero, outlaw, texas ranger",English
The Tailor of Panama,2001.0,Drama Thriller,John Boorman,Daniel Radcliffe,Jamie Lee Curtis,Mark Margolis,6.1,"canal, panama, president, spy, tailor",English
Blow Out,1981.0,Mystery Thriller,Brian De Palma,Nancy Allen,Dennis Franz,John McMartin,7.4,"conspiracy, political conspiracy, recording, sound, truth",English
Getaway,2013.0,Action Crime Thriller,Courtney Solomon,Rebecca Budig,Paul Freeman,Bruce Payne,4.4,"die hard scenario, earth viewed from space, race against time, race car driver, title at the end",English
The Ice Storm,1997.0,Drama,Ang Lee,Joan Allen,Kate Burton,Henry Czerny,7.5,"ice, ice storm, storm, thanksgiving, virgin",English
And So It Goes,2014.0,Comedy Drama Romance,Rob Reiner,Yaya DaCosta,Annie Parisse,Frankie Valli,5.7,"four word title, grandparent grandchild relationship, reference to facebook, reference to the internet, singer",English
Troop Beverly Hills,1989.0,Adventure Comedy,Jeff Kanew,Craig T. Nelson,Shelley Long,Kellie Martin,5.5,"beverly hills hotel, divorce, girl, troop, wilderness",English
Being Julia,2004.0,Comedy Drama Romance,István Szabó,Miriam Margolyes,Shaun Evans,Juliet Stevenson,7.1,"diva, marriage, open marriage, revenge, social climber",English
9½ Weeks,1986.0,Drama Romance,Adrian Lyne,David Margulies,Karen Young,Kim Chan,5.9,"blindfolded woman, control, male dominance, sex game, sex in public",English
Dragonslayer,1981.0,Action Adventure Fantasy,Matthew Robbins,Ian McDiarmid,Ralph Richardson,Albert Salmi,6.7,"apprentice, dragon, king, kingdom, wizard",English
The Last Station,2009.0,Biography Drama Romance,Michael Hoffman,David Masterson,Kerry Condon,Anne-Marie Duff,7.0,"countess, leo tolstoy, russian, wealth, writing",English
Ed Wood,1994.0,Biography Comedy Drama,Tim Burton,Johnny Depp,Bill Murray,Martin Landau,7.9,"1950s, director, friend, friendship, transvestism",English
Labor Day,2013.0,Drama,Jason Reitman,J.K. Simmons,Kate Winslet,Brooke Smith,6.9,"baseball, baseball practice, escaped convict, neighbor, tied to a chair",English
Mongol: The Rise of Genghis Khan,2007.0,Adventure Biography Drama History War,Sergey Bodrov,Tadanobu Asano,Khulan Chuluun,Honglei Sun,7.3,"epic, genghis khan, one word title, slave, starving",Mongolian
RocknRolla,2008.0,Action Crime Thriller,Guy Ritchie,Tom Hardy,Gerard Butler,Tom Wilkinson,7.3,"accountant, finger gun, homosexual, killed in an elevator, painting",English
Megaforce,1982.0,Action Sci-Fi,Hal Needham,Barry Bostwick,Michael Beck,Henry Silva,3.5,"dictator, electronic music score, one word title, secret headquarters, soldier",English
Hamlet,1996.0,Drama,Kenneth Branagh,Julie Christie,Brian Blessed,Richard Briers,7.8,"classic literature, denmark, funeral, madness, prince",English
Mao's Last Dancer,2009.0,Biography Drama Music Romance,Bruce Beresford,Bruce Greenwood,Suzie Steen,Aden Young,7.4,"ballet, beijing, dancer, love, village",English
Midnight Special,2016.0,Adventure Drama Sci-Fi Thriller,Jeff Nichols,Kirsten Dunst,Sam Shepard,Paul Sparks,6.7,"cult, father son relationship, gas station, on the run, supernatural ability",English
Anything Else,2003.0,Comedy Romance,Woody Allen,Woody Allen,Stockard Channing,Fisher Stevens,6.4,"love at first sight, new york city, sex, teacher, writer",English
The Railway Man,2013.0,Biography Drama Romance War,Jonathan Teplitzky,Jeremy Irvine,Colin Firth,Sam Reid,7.1,"japanese soldier, physical torture, pow camp, prisoner of war, reference to adolf hitler",English
The White Ribbon,2009.0,Drama Mystery,Michael Haneke,Ulrich Tukur,Burghart Klaußner,Leonie Benesch,7.8,"children, doctor, mysterious event, pastor, small village",German
The Wraith,1986.0,Action Horror Romance Sci-Fi Thriller,Mike Marvin,Clint Howard,Randy Quaid,Nick Cassavetes,5.9,"arizona, death, gang, police, sheriff",English
The Salton Sea,2002.0,Crime Drama Mystery Thriller,D.J. Caruso,Adam Goldberg,Meat Loaf,Anthony LaPaglia,7.2,"male in shower, murder, neighbor neighbor relationship, remote control car, sex scene",English
Metallica Through the Never,2013.0,Music,Nimród Antal,James Hetfield,Mackenzie Gray,Lars Ulrich,7.2,"headbanger, metallica, roadie, song in title, standing on the roof of a car",English
The Informers,2008.0,Crime Drama Thriller,Gregor Jordan,Austin Nichols,Brad Renfro,Lou Taylor Pucci,5.1,"breasts, female nudity, male pubic hair, pubic hair, sex scene",English
I Come with the Rain,2009.0,Thriller,Tran Anh Hung,Takuya Kimura,Simón Andreu,Shawn Yue,5.5,"gangster, hong kong, missing person, missing son, serial killer",English
One Man's Hero,1999.0,Action Drama History Romance War Western,Lance Hool,Tom Berenger,Joaquim de Almeida,Mark Moses,6.2,"american, battalion, catholic, mexican, sergeant",English
Day of the Dead,1985.0,Horror,George A. Romero,Greg Nicotero,John Amplas,Joseph Pilato,7.2,"bunker, experiment, military, research, scientist",English
I Am Wrath,2016.0,Action Crime Drama Thriller,Chuck Russell,Sam Trammell,Rebecca De Mornay,Amanda Schull,5.2,"conspiracy, female scientist, mugging, police detective, tattoo",English
Renaissance,2006.0,Action Animation Sci-Fi Thriller,Christian Volckman,Romola Garai,Catherine McCormack,Kevork Malikyan,6.7,"future, kidnapping, missing file, paris france, year 2054",English
Red Sonja,1985.0,Action Adventure Fantasy,Richard Fleischer,Ernie Reyes Jr.,Brigitte Nielsen,Sandahl Bergman,5.0,"cult film, psychotronic, sword and sorcery, talisman, warrior",English
Red Lights,2012.0,Drama Horror Mystery Thriller,Rodrigo Cortés,Robert De Niro,Toby Jones,Craig Roberts,6.2,"fraud, physicist, psychic, skeptic, tailing",English
Superbad,2007.0,Comedy,Greg Mottola,Emma Stone,Joe Lo Truglio,Kevin Corrigan,7.6,"black comedy, bromance, party, school, teen comedy",English
Madea Goes to Jail,2009.0,Comedy Crime Drama,Tyler Perry,Vanessa Ferlito,Keshia Knight Pulliam,Derek Luke,4.1,"adaptation directed by original author, cross dressing, madea series, remake, sequel",English
Wolves,2014.0,Action Horror,David Hayter,Jason Momoa,Jennifer Hale,Stephen McHattie,5.3,"bar, female nudity, murder, small town, werewolf",English
Step Up 2: The Streets,2008.0,Drama Music Musical Romance,Jon M. Chu,Cassie Ventura,Mari Koda,Luis Rosado,6.2,"audition, dance, kissing in the rain, student, subway",English
Hoodwinked!,2005.0,Action Animation Comedy Crime Family,Cory Edwards,Anne Hathaway,Chazz Palminteri,Jim Belushi,6.5,"animal, axe, red riding hood, wolf, woodsman",English
Hotel Rwanda,2004.0,Drama History War,Terry George,Don Cheadle,Sophie Okonedo,Hakeem Kae-Kazim,8.1,"atrocity, central africa, ethnic warfare, united nations peace keeping force, united nations soldier",English
Hitman,2007.0,Action Crime Drama Thriller,Xavier Gens,Henry Ian Cusick,Dougray Scott,Ulrich Thomsen,6.3,"hitman, impersonation, see through dress, topless female nudity, woman on top",English
Black Nativity,2013.0,Drama Family Music Musical,Kasi Lemmons,Jennifer Hudson,Mary J. Blige,Vondie Curtis-Hall,4.4,"based on stage musical, based on the bible, christmas, color in title, nativity",English
The Prince,2014.0,Action Thriller,Brian A Miller,Bruce Willis,50 Cent,Jessica Lowndes,4.6,"assassin, fight, mechanic, rescue, rival",English
City of Ghosts,2002.0,Crime Drama Thriller,Matt Dillon,Kirk Fox,Shawn Andrews,Rob Campbell,6.0,"bag over head, buddhist temple, loss of friend, male bonding, nightclub",English
The Others,2001.0,Fantasy Horror Thriller,Alejandro Amenábar,Fionnula Flanagan,Elaine Cassidy,Eric Sykes,7.6,"curtain, haunting, mansion, mute, xeroderma pigmentosum",English
Aliens,1986.0,Action Adventure Sci-Fi,James Cameron,Michael Biehn,Carrie Henn,Jenette Goldstein,8.4,"alien, human versus alien, monster, rescue mission, space marine",English
My Fair Lady,1964.0,Drama Family Musical Romance,George Cukor,Jeremy Brett,Rex Harrison,Theodore Bikel,7.9,"colonel, flower girl, professor, street, wager",English
I Know What You Did Last Summer,1997.0,Horror Mystery Thriller,Jim Gillespie,Muse Watson,Sarah Michelle Gellar,Anne Heche,5.6,"beach, corpse, fourth of july, overalls, revenge",English
Let's Be Cops,2014.0,Comedy,Luke Greenfield,Rob Riggle,Damon Wayans Jr.,James D'Arcy,6.5,"friendship between men, impersonating a police officer, mobster, party, police officer",English
Sideways,2004.0,Adventure Comedy Drama Romance,Alexander Payne,Virginia Madsen,Patrick Gallagher,M.C. Gainey,7.5,"actor, california, teacher, wine, writer",English
Beerfest,2006.0,Comedy,Jay Chandrasekhar,Chris Moss,Owain Yeoman,Jay Chandrasekhar,6.3,"beer, competition, germany, oktoberfest, prostitute",English
Halloween,1978.0,Horror Thriller,John Carpenter,Jamie Lee Curtis,Donald Pleasence,P.J. Soles,7.9,"halloween, masked killer, michael myers, slasher, trick or treat",English
Hero,2002.0,Action Adventure History,Yimou Zhang,Jet Li,Tony Chiu Wai Leung,Maggie Cheung,7.9,"china, flying, king, palace, sword",Mandarin
Good Boy!,2003.0,Comedy Drama Family Fantasy Sci-Fi,John Hoffman,Liam Aiken,Molly Shannon,Kevin Nealon,5.1,"dog, friend, neighborhood, planet, star",English
The Best Man Holiday,2013.0,Comedy Drama,Malcolm D. Lee,Harold Perrineau,Sanaa Lathan,Eddie Cibrian,6.7,"childbirth, christmas, gay slur, infidelity, punched in the nose",English
Smokin' Aces,2006.0,Action Crime Drama Thriller,Joe Carnahan,Ryan Reynolds,Common,Alex Rocco,6.7,"casino, fbi, mafia, mob hit, sniper",English
Saw 3D: The Final Chapter,2010.0,Horror Mystery,Kevin Greutert,Costas Mandylor,Gina Holden,Betsy Russell,5.6,"blood splatter, self help guru, sequel, support group, survivor",English
40 Days and 40 Nights,2002.0,Comedy Romance,Michael Lehmann,Emmanuelle Vaugier,Vinessa Shaw,Paulo Costanzo,5.6,"female on male rape, lent, male rear nudity, masturbation, sex",English
TRON: Legacy,2010.0,Action Adventure Sci-Fi,Joseph Kosinski,Jeff Bridges,Olivia Wilde,James Frain,6.8,"arcade, bridge, disappearance, escape, warrior",English
A Night at the Roxbury,1998.0,Comedy Music Romance,John Fortenberry,Will Ferrell,Chris Kattan,Dan Hedaya,6.2,"1990s, bar, car accident, nightclub, whipped cream",English
Beastly,2011.0,Drama Fantasy Romance,Daniel Barnz,Alex Pettyfer,Mary-Kate Olsen,Erik Knudsen,5.6,"love, maid, newscaster, student, tutor",English
The Hills Have Eyes,2006.0,Horror,Alexandre Aja,Dan Byrd,Greg Nicotero,Vinessa Shaw,6.4,"desert, horror movie remake, murder of family, rape, slasher",English
Dickie Roberts: Former Child Star,2003.0,Comedy,Sam Weisman,Kevin Grevioux,Jenna Boyd,Mary McCormack,5.6,"dental braces, dental headgear, former child star, panties, white panties",English
"McFarland, USA",2015.0,Biography Drama Sport,Niki Caro,Morgan Saylor,Valente Rodriguez,Diana Maria Riva,7.4,"coach, high school, place name in title, school, student",English
Lottery Ticket,2010.0,Comedy,Erik White,Brandon T. Jackson,Loretta Devine,Shad Moss,4.9,"block party, eurocopter ec120 colibri, fortune cookie, lottery ticket, reverend",English
ATL,2006.0,Comedy Crime Drama Music Romance,Chris Robinson,T.I.,Adam Boyer,Malika,6.0,"high school, rollerskating rink, spelman college, twin, voice over narration",English
Pitch Perfect,2012.0,Comedy Music Romance,Jason Moore,Anna Kendrick,Hana Mae Lee,Ben Platt,7.2,"a cappella, competition, dj, female protagonist, lesbian",English
Summer Catch,2001.0,Comedy Drama Romance Sport,Michael Tollin,Marc Blucas,Brian Dennehy,Bruce Davison,4.9,"baseball, baseball player, night, rivalry, summer",English
A Simple Plan,1998.0,Crime Drama Thriller,Sam Raimi,Gary Cole,Bridget Fonda,Chelcie Ross,7.5,"bag of money, found money, minnesota, screenplay adapted by author, snow",English
They,2002.0,Horror Mystery Thriller,Robert Harmon,Alexander Gould,Ethan Embry,Marc Blucas,4.8,"darkness, friend, kiss, nightmare, suicide",English
Larry the Cable Guy: Health Inspector,2006.0,Comedy Romance,Trent Cooper,Thomas F. Wilson,Larry the Cable Guy,Megyn Price,3.1,"diner, food poisoning, health inspector, restaurant, undercover",English
The Adventures of Elmo in Grouchland,1999.0,Adventure Comedy Family Fantasy Musical,Gary Halvorson,Vanessa Williams,Kevin Clash,Caroll Spinney,5.8,"based on tv series, blanket, box office flop, rescue, sesame street",English
Brooklyn's Finest,2009.0,Crime Drama Thriller,Antoine Fuqua,Don Cheadle,Lili Taylor,Armando Riesco,6.7,"catholic, corrupt cop, new york city, police detective, police officer killed",English
55 Days at Peking,1963.0,Action Adventure Drama History War,Nicholas Ray,Ava Gardner,David Niven,John Ireland,6.8,"ambassador, boxer rebellion, china, colonialism, peking china",English
Evil Dead,2013.0,Horror,Fede Alvarez,Lou Taylor Pucci,Elizabeth Blackmore,Ellen Sandweiss,6.5,"book of the dead, demon, h.p. lovecraft, lesbian kiss, promise",English
My Life in Ruins,2009.0,Comedy Romance,Donald Petrie,Nia Vardalos,Harland Williams,Rachel Dratch,5.9,"greece, greek, tour bus, tour guide, tourist",English
American Dreamz,2006.0,Comedy Music,Paul Weitz,Judy Greer,Dennis Quaid,Chris Klein,5.5,"chief of staff, contest, president, singing, terrorist",English
Superman IV: The Quest for Peace,1987.0,Action Adventure Family Sci-Fi,Sidney J. Furie,Jim Broadbent,Margot Kidder,William Hootkins,3.6,"box office flop, dc comics, hair, nuclear disarmament, superman",English
How She Move,2007.0,Drama,Ian Iqbal Rashid,DeRay Davis,Clé Bennett,Conrad Coates,3.3,"dance, dance contest, loss of sister, step dancing, teenager",English
Running Scared,2006.0,Action Crime Drama Thriller,Wayne Kramer,Paul Walker,Chazz Palminteri,Ivana Milicevic,7.4,"adult child friendship, corrupt cop, fistfight, gangster, thug",English
Bobby Jones: Stroke of Genius,2004.0,Biography Drama Romance Sport,Rowdy Herrington,Aidan Quinn,Jeremy Northam,Paul Freeman,6.7,"colon in title, competition, five word title, golf, temper",English
Shanghai Surprise,1986.0,Adventure Crime Drama Romance,Jim Goddard,Victor Wong,Paul Freeman,Clyde Kusatsu,3.0,"china, missionary, opium, villain, year 1937",English
The Illusionist,2006.0,Drama Mystery Romance Thriller,Neil Burger,Rufus Sewell,Eddie Marsan,Jake Wood,7.6,"duchess, illusionist, magician, prince, supernatural power",English
Roar,1981.0,Adventure Horror Thriller,Noel Marshall,Tippi Hedren,Melanie Griffith,Zakes Mokae,6.4,"chase, dead man, jungle, killing a lion, killing a tiger",English
Veronica Guerin,2003.0,Biography Crime Drama Thriller,Joel Schumacher,Brenda Fricker,David Murray,Gerard McSorley,6.9,"criminal, drug lord, gunshot, irish, journalist",English
Escobar: Paradise Lost,2014.0,Crime Drama Romance Thriller,Andrea Di Stefano,Josh Hutcherson,Brady Corbet,Carlos Bardem,6.6,"colombia, dream, love, surfer, village",English
Southland Tales,2006.0,Comedy Mystery Sci-Fi Thriller,Richard Kelly,Janeane Garofalo,Curtis Armstrong,Chris Andrew Ciulla,5.5,"amnesia, boxer, conspiracy, police, porn star",English
Dragon Hunters,2008.0,Adventure Animation Family Fantasy,Guillaume Ivernel,Rob Paulsen,Jess Harnell,Mary Mouser,6.6,"cgi film, computer animation, dragon, hunter",French
Damnation Alley,1977.0,Sci-Fi,Jack Smight,George Peppard,Jan-Michael Vincent,Paul Winfield,5.2,"cockroach, desert, ghost town, giant spider, travel",English
The Apparition,2012.0,Horror Thriller,Todd Lincoln,Julianna Guill,Rick Gomez,Tim Williams,4.1,"e mail, evil spirit, experiment, fear, supernatural",English
My Girl,1991.0,Comedy Drama Family Romance,Howard Zieff,Macaulay Culkin,Jamie Lee Curtis,Griffin Dunne,6.8,"best friend, funeral, girl, overalls, summer",English
Fur: An Imaginary Portrait of Diane Arbus,2006.0,Biography Drama Romance,Steven Shainberg,Robert Downey Jr.,Ty Burrell,Matt Servitto,6.5,"character name in title, diane arbus, male full frontal nudity, photographer, pubic hair",English
The Illusionist,2006.0,Drama Mystery Romance Thriller,Neil Burger,Rufus Sewell,Eddie Marsan,Jake Wood,7.6,"duchess, illusionist, magician, prince, supernatural power",English
Wall Street,1987.0,Crime Drama,Oliver Stone,Hal Holbrook,Tamara Tunie,James Karen,7.4,"1980s, argument, critique of capitalism, f word, fired from the job",English
Sense and Sensibility,1995.0,Drama Romance,Ang Lee,Alan Rickman,Kate Winslet,Tom Wilkinson,7.7,"1810s, female protagonist, horseback riding, inheritance, three word title",English
Becoming Jane,2007.0,Biography Drama Romance,Julian Jarrold,Anne Hathaway,Julie Walters,Laurence Fox,7.1,"country estate, jane austen, lady, love, writing",English
Sydney White,2007.0,Comedy Romance,Joe Nussbaum,Danny Strong,Matt Long,Samm Levine,6.3,"college, college girl, female protagonist, sorority, sorority house",English
House of Sand and Fog,2003.0,Drama,Vadim Perelman,Frances Fisher,Kim Dickens,Ron Eldard,7.6,"auction, home, house, iranian, marriage",English
Dead Poets Society,1989.0,Comedy Drama,Peter Weir,Robin Williams,Josh Charles,Kurtwood Smith,8.0,"education, english teacher, poet, professor, student",English
Dumb & Dumber,1994.0,Comedy,Peter Farrelly,Lauren Holly,Mike Starr,Teri Garr,7.3,"briefcase full of money, character repeating someone else's dialogue, character says i love you, friendship, reference to cinderella",English
When Harry Met Sally...,1989.0,Comedy Drama Romance,Rob Reiner,Bruno Kirby,Gretchen Palmer,Harley Jane Kozak,7.6,"friendship, love, male female friendship, new york, sex",English
The Verdict,1982.0,Drama,Sidney Lumet,Charlotte Rampling,James Mason,Jack Warden,7.8,"archdiocese, court, hospital, lawyer, malpractice",English
Road Trip,2000.0,Comedy,Todd Phillips,Ethan Suplee,Rachel Blanchard,Paulo Costanzo,6.5,"blonde, college, friend, highway travel, road trip",English
Varsity Blues,1999.0,Comedy Drama Romance Sport,Brian Robbins,Paul Walker,Ron Lester,Mark Walters,6.4,"coach, coyote, popularity, quarterback, texas",English
The Artist,2011.0,Comedy Drama Romance,Michel Hazanavicius,Bérénice Bejo,Ed Lauter,Beth Grant,8.0,"1920s, jack russell terrier, modern silent movie, movie star, movie studio",English
The Unborn,2009.0,Drama Fantasy Horror Mystery Thriller,David S. Goyer,Gary Oldman,Atticus Shaffer,Rachel Brosnahan,4.8,"babysitting, experiment, nightmare, possession, twin",English
Moonrise Kingdom,2012.0,Adventure Comedy Drama Romance,Wes Anderson,Bruce Willis,Bill Murray,Bob Balaban,7.8,"1960s, boy scouts, boy scouts camp, coming of age, young love",English
The Texas Chainsaw Massacre: The Beginning,2006.0,Horror,Jonathan Liebesman,Matt Bomer,Jordana Brewster,Lew Temple,5.9,"cannibal, car accident, leatherface, psychopath, slaughterhouse",English
The Young Messiah,2016.0,Drama,Cyrus Nowrasteh,Clive Russell,Vincent Walsh,Finn Ireland,5.4,based on novel,English
The Master of Disguise,2002.0,Comedy Family,Perry Andelin Blake,Jennifer Esposito,Kenan Thompson,James Brolin,3.3,"disguise, mask, master of disguise, restaurant, waiter",English
Pan's Labyrinth,2006.0,Drama Fantasy War,Guillermo del Toro,Ivana Baquero,Maribel Verdú,Sergi López,8.2,"fairy, fairy tale, faun, princess, spain",Spanish
See Spot Run,2001.0,Action Comedy Crime Family,John Whitesell,Leslie Bibb,Angus T. Jones,Paul Sorvino,5.4,"boy, fbi, mailman, van, witness protection",English
Baby Boy,2001.0,Crime Drama Romance Thriller,John Singleton,Mo'Nique,Snoop Dogg,Angell Conwell,6.4,"cartoon on tv, family relationships, physical abuse, single parent, two word title",English
The Roommate,2011.0,Drama Horror Thriller,Christian E. Christiansen,Leighton Meester,Danneel Ackles,Frances Fisher,4.8,"animal abuse(non graphic), cat killer, college, dead cat, death of cat",English
Joe Dirt,2001.0,Adventure Comedy Drama,Dennie Gordon,Brittany Daniel,Erik Per Sullivan,Fred Ward,5.9,"first part, grand canyon, highway travel, indian, janitor",English
Double Impact,1991.0,Action Crime,Sheldon Lettich,Bolo Yeung,Alonna Shaw,Kamel Krifa,5.5,"boat, hong kong, murder, tunnel, twins",English
Hot Fuzz,2007.0,Action Comedy Mystery,Edgar Wright,Bill Bailey,Joe Cornish,Billie Whitelaw,7.9,"accident, conspiracy, police, police officer, village",English
The Women,2008.0,Comedy Drama,Diane English,Jada Pinkett Smith,Debi Mazar,Debra Messing,4.9,"beauty salon, divorce, fashion, new york, perfume",English
Vicky Cristina Barcelona,2008.0,Drama Romance,Woody Allen,Scarlett Johansson,Kevin Dunn,Christopher Evan Welch,7.2,"art, artist, painter, sex, summer",English
Arn: The Knight Templar,2007.0,Action Adventure Drama Romance War,Peter Flinth,Gustaf Skarsgård,Michael Nyqvist,Vincent Perez,6.6,"first part, holy land, knight templar, monastery, sword and shield",Swedish
Bad Moms,2016.0,Comedy,Jon Lucas,Mila Kunis,Jay Hernandez,Jada Pinkett Smith,6.7,"lesbian kiss, mom, pta, reference to mad max, scene during end credits",English
Boys and Girls,2000.0,Comedy Drama Romance,Robert Iscove,Alyson Hannigan,Amanda Detmer,Tsianina Joelson,5.3,"best friend, break up, friendship, graduation, male in underwear",English
White Oleander,2002.0,Drama,Peter Kosminsky,Patrick Fugit,Cole Hauser,Marc Donato,7.2,"california, foster home, love, oleander, prison",English
Jennifer's Body,2009.0,Comedy Fantasy Horror,Karyn Kusama,J.K. Simmons,Amy Sedaris,Cynthia Stevenson,5.1,"cannibalism, cheerleader, condom, hook for hand, satanic ritual",English
Drowning Mona,2000.0,Comedy Crime Mystery,Nick Gomez,Will Ferrell,Jamie Lee Curtis,Tracey Walter,5.6,"crying woman, plot, suspect, waitress, younger man older woman relationship",English
Radio Days,1987.0,Comedy,Woody Allen,Mike Starr,Don Pardo,Julie Kavner,7.6,"beach, cigarette girl, radio, woman holding a baby, working class",English
Left Behind,2014.0,Action Drama Fantasy Mystery Thriller,Vic Armstrong,Nicolas Cage,Lea Thompson,Quinton Aaron,3.1,"bible quote, chaos, faith, riot, shrine",English
Remember Me,2010.0,Drama Romance,Allen Coulter,Robert Pattinson,Lena Olin,Ruby Jerins,7.2,"binge drinking, new york, new york city, september 11 2001, suicide",English
How to Deal,2003.0,Comedy Drama Romance,Clare Kilner,Dylan Baker,Alexandra Holden,Trent Ford,5.7,"best friend, high school, mother, sister, wedding",English
My Stepmother Is an Alien,1988.0,Comedy Romance Sci-Fi,Richard Benjamin,Jon Lovitz,Alyson Hannigan,Tony Jay,5.2,"alien, earth, female alien, mission, secret",English
Philadelphia,1993.0,Drama,Jonathan Demme,Denzel Washington,Tom Hanks,Jason Robards,7.7,"aids, city name in title, gay, homophobia, lawyer",English
The Thirteenth Floor,1999.0,Mystery Sci-Fi Thriller,Josef Rusnak,Gretchen Mol,Craig Bierko,Brad William Henke,7.0,"amnesia, barricade, letter, time, virtual reality",English
The Cookout,2004.0,Comedy,Lance Rivera,Farrah Fawcett,Vincent Pastore,Jenifer Lewis,3.6,"flatulence, interracial marriage, marriage",English
Meteor,1979.0,Action Drama Sci-Fi Thriller,Ronald Neame,Martin Landau,Karl Malden,Brian Keith,4.9,"asteroid, meteor, nasa, nuclear weapon, satellite",English
Duets,2000.0,Comedy Drama Music,Bruce Paltrow,Lochlyn Munro,Marian Seldes,Huey Lewis,6.0,"convict, karaoke, middle america, salesman, singer",English
Hollywood Ending,2002.0,Comedy Romance,Woody Allen,Woody Allen,Debra Messing,Treat Williams,6.6,"blind, director, psychosomatic blindness, self deprecating, studio",English
Detroit Rock City,1999.0,Comedy Music,Adam Rifkin,Natasha Lyonne,Lin Shaye,Shannon Tweed,6.8,"band, concert, high school, kiss, teenager",English
Highlander,1986.0,Action Adventure Fantasy,Russell Mulcahy,Christopher Lambert,Jon Polito,Celia Imrie,7.2,"combat, head cut off, immortal, scotland, swordsman",English
Things We Lost in the Fire,2007.0,Drama,Susanne Bier,Alison Lohman,Omar Benson Miller,Robin Weigert,7.2,"best friend, dinner, garage, narcotics anonymous, recovery",English
Steel,1997.0,Action Crime Sci-Fi,Kenneth Johnson,Charles Napier,Annabeth Gish,Hill Harper,2.8,"fight, gang, junkyard, military, soldier",English
The Immigrant,2013.0,Drama Romance,James Gray,Jeremy Renner,Dagmara Dominczyk,Angela Sarafyan,6.6,"immigrant, immigration, magician, money, prostitution",English
The White Countess,2005.0,Drama History Romance War,James Ivory,Vanessa Redgrave,Natasha Richardson,Lynn Redgrave,6.7,"countess, diplomat, japanese, russian, shanghai",English
Trance,2013.0,Crime Drama Mystery Thriller,Danny Boyle,Rosario Dawson,Spencer Wilding,Tuppence Middleton,7.0,"amnesia, criminal, heist, hypnotherapy, lost painting",English
Soul Plane,2004.0,Comedy,Jessy Terrero,Mo'Nique,Snoop Dogg,Tom Arnold,4.4,"airline, airplane, bathroom, sex, toilet",English
Welcome to the Sticks,2008.0,Comedy Romance,Dany Boon,Dany Boon,Kad Merad,Michel Galabru,7.1,"alcohol, alcoholic drink, drunken man, france, provence",French
Good,2008.0,Drama Romance War,Vicente Amorim,Viggo Mortensen,Jodie Whittaker,Steven Mackintosh,6.2,"censorship, children, corpse, heil hitler, suffering",English
Enter the Void,2009.0,Drama Fantasy,Gaspar Noé,Paz de la Huerta,Emily Alyn Lind,Olly Alexander,7.3,"drug deal, drugs, explicit sex, love, stripper",English
Vamps,2012.0,Comedy Horror Romance,Amy Heckerling,Taylor Negron,Justin Kirk,Ivan Sergei,5.1,"murder, new york city, one word title, vampire, vampire slayer",English
Hachi: A Dog's Tale,2009.0,Drama Family,Lasse Hallström,Cary-Hiroyuki Tagawa,Sarah Roemer,Joan Allen,8.1,"dog, human animal relationship, japanese, loyalty, waiting",English
Zulu,2013.0,Crime Drama Thriller,Jérôme Salle,Orlando Bloom,Tanya van Graan,Conrad Kemp,6.7,"apartheid, corpse, male nudity, murder, police officer",English
The Homesman,2014.0,Drama Western,Tommy Lee Jones,Barry Corbin,Tim Blake Nelson,Miranda Otto,6.6,"abusive marriage, pastor, prison wagon, roast pig, suicide by hanging",English
Juwanna Mann,2002.0,Comedy Drama Romance Sport,Jesse Vaughan,Vivica A. Fox,Jenifer Lewis,Kevin Pollak,4.5,"basketball, dodge viper, hit in the crotch, male nudity, the star spangled banner",English
Ararat,2002.0,Drama War,Atom Egoyan,David Alpay,Marie-Josée Croze,Charles Aznavour,6.6,"armenian, armenian genocide, customs agent, genocide, prayer",English
Madison,2001.0,Drama Sport,William Bindley,Bruce Dern,Jake Lloyd,William Shockley,6.5,"boat racing, hydroplane, loyalty, one word title, scolding",English
Slow Burn,2005.0,Drama Mystery Thriller,Wayne Beach,Mekhi Phifer,LL Cool J,Fisher Stevens,5.9,"district attorney, interview, murder, prosecutor, reporter",English
Wasabi,2001.0,Action Comedy Crime Drama Thriller,Gérard Krawczyk,Carole Bouquet,Ryôko Hirosue,Michel Muller,6.6,"french, inheritance, japan, letter, police detective hero",French
Slither,2006.0,Comedy Horror Sci-Fi,James Gunn,Dustin Milligan,Gregg Henry,Tania Saulnier,6.5,"alien, b movie, sex, slug, small town",English
Beverly Hills Cop,1984.0,Action Comedy Crime,Martin Brest,Judge Reinhold,Ronny Cox,James Russo,7.3,"drug dealer, drugs, murder, police brutality, police shootout",English
Home Alone,1990.0,Comedy Family,Chris Columbus,Macaulay Culkin,Devin Ratray,Catherine O'Hara,7.5,"airport, child protagonist, child swearing, christmas, home alone",English
3 Men and a Baby,1987.0,Comedy Drama Family,Leonard Nimoy,Tom Selleck,Ted Danson,Steve Guttenberg,5.9,"1980s, baby, heroin, package, questioned by police",English
Tootsie,1982.0,Comedy Drama Romance,Sydney Pollack,Bill Murray,Sydney Pollack,Teri Garr,7.4,"actor, actress, friend, love, reputation",English
Top Gun,1986.0,Action Drama Romance,Tony Scott,Tom Cruise,Tom Skerritt,Adrian Pasdar,6.9,"flying, gay subtext, machismo, male objectification, pilot",English
"Crouching Tiger, Hidden Dragon",2000.0,Action Drama Romance,Ang Lee,Chen Chang,Pei-Pei Cheng,Sihung Lung,7.9,"bare midriff, china, magical realism, martial arts, sword",Mandarin
American Beauty,1999.0,Drama,Sam Mendes,Kevin Spacey,Peter Gallagher,Ara Celi,8.4,"domestic violence, drug dealer, homosexuality, midlife crisis, unfaithfulness",English
The King's Speech,2010.0,Biography Drama History Romance,Tom Hooper,Colin Firth,Jennifer Ehle,Derek Jacobi,8.0,"king, king george vi, speech, speech therapist, throne",English
Twins,1988.0,Comedy Crime,Ivan Reitman,Kelly Preston,Tony Jay,Hugh O'Brian,6.0,"bare chested male, brother, catholic orphanage, long lost siblings, twins",English
The Yellow Handkerchief,2008.0,Drama Romance,Udayan Prasad,Kristen Stewart,Eddie Redmayne,William Hurt,6.8,"louisiana, overalls, road trip, southern u.s., teenage boy",English
The Color Purple,1985.0,Drama,Steven Spielberg,Oprah Winfrey,Rae Dawn Chong,Dana Ivey,7.8,"book strap, girl, racial discrimination, racial tension, stereotype",English
Tidal Wave,2009.0,Action Comedy Drama Thriller,JK Youn,Nicole Dionne,Ji-won Ha,Kyung-gu Sol,5.7,"korea, lifeguard, single father, tears, tsunami",Korean
Ben-Hur,2016.0,Adventure Drama History,Timur Bekmambetov,Morgan Freeman,Ayelet Zurer,Moises Arias,6.1,"chariot race, epic, false accusation, jerusalem, slave",English
The Imitation Game,2014.0,Biography Drama Thriller War,Morten Tyldum,Benedict Cumberbatch,Rory Kinnear,Allen Leech,8.1,"crossword puzzle, cryptography, enigma code, gay lead character, world war two",English
Private Benjamin,1980.0,Comedy War,Howard Zieff,Eileen Brennan,Albert Brooks,Alan Oppenheimer,6.1,"camera shot of feet, female stockinged feet, loss of husband, pantyhose, suntan pantyhose",English
Coal Miner's Daughter,1980.0,Biography Drama Music Musical,Michael Apted,Sissy Spacek,Beverly D'Angelo,Levon Helm,7.5,"country music, kissing while having sex, poverty, singer, title based on song",English
Diary of a Wimpy Kid,2010.0,Comedy Family,Thor Freudenthal,Chloë Grace Moretz,Zachary Gordon,Rachael Harris,6.2,"cheese, diary, friend, middle school, school",English
Mama,2013.0,Fantasy Horror,Andrés Muschietti,Javier Botet,Megan Charpentier,Isabelle Nélisse,6.2,"aunt, children, death of sister, forest, hiding in a closet",English
Halloween,1978.0,Horror Thriller,John Carpenter,Jamie Lee Curtis,Donald Pleasence,P.J. Soles,7.9,"halloween, masked killer, michael myers, slasher, trick or treat",English
National Lampoon's Vacation,1983.0,Adventure Comedy,Harold Ramis,Beverly D'Angelo,Randy Quaid,Jane Krakowski,7.4,"amusement park, dog, family vacation, national lampoon series, vacation",English
Bad Grandpa,2013.0,Comedy,Jeff Tremaine,Jackson Nicoll,Georgina Cates,Grasie Mercedes,6.6,"child beauty pageant, grandson, hidden camera, jackass, road trip",English
The Queen,2006.0,Biography Drama,Stephen Frears,Roger Allam,Sylvia Syms,Alex Jennings,7.3,"monarchy, prime minister, princess diana, queen, speech",English
Beetlejuice,1988.0,Comedy Fantasy,Tim Burton,Catherine O'Hara,Jeffrey Jones,Glenn Shadix,7.5,"attic, ghost, surrealism, teenage girl, yuppie",English
Why Did I Get Married?,2007.0,Comedy Drama,Tyler Perry,Michael Jai White,Tasha Smith,Lamman Rucker,5.6,"marriage, overweight, psychologist, secret, work",English
Little Women,1994.0,Drama Family Romance,Gillian Armstrong,Christian Bale,Kirsten Dunst,Eric Stoltz,7.3,"civil war, female protagonist, post civil war, reference to friedrich schiller, u.s. civil war",English
The Woman in Black,2012.0,Drama Fantasy Horror Thriller,James Watkins,Daniel Radcliffe,Roger Allam,Jessica Raine,6.4,"afterlife, baby boy, bird in a cage, ghost, reunited family",English
When a Stranger Calls,2006.0,Horror Thriller,Simon West,Madeline Carroll,Tessa Thompson,Brian Geraghty,5.0,"babysitting, cell phone, high school, nightmare, teenager",English
Big Fat Liar,2002.0,Adventure Comedy Family,Shawn Levy,Frankie Muniz,Donald Faison,Lee Majors,5.4,"brunette, film producer, liar, prank, stunt",English
The Deer Hunter,1978.0,Drama War,Michael Cimino,Robert De Niro,Meryl Streep,John Savage,8.2,"escape, friend, party, pittsburgh steelers, vietnam",English
Wag the Dog,1997.0,Comedy Drama,Barry Levinson,Robert De Niro,Kirsten Dunst,John Michael Higgins,7.1,"death, election, hollywood, president, scandal",English
The Lizzie McGuire Movie,2003.0,Adventure Comedy Family Music Romance,Jim Fall,Clayton Snyder,Adam Lamberg,Alex Borstein,5.3,"best friend, roma, singer, spaghetti, teenager",English
Snitch,2013.0,Action Drama Thriller,Ric Roman Waugh,Dwayne Johnson,Harold Perrineau,Nadine Velazquez,6.5,"cigarette smoking, dea, drugs, inspired by true events, undercover",English
Krampus,2015.0,Comedy Fantasy Horror,Michael Dougherty,Adam Scott,Conchata Ferrell,Allison Tolman,6.2,"christmas, german, holiday, krampus, santa claus",English
The Faculty,1998.0,Horror Mystery Sci-Fi,Robert Rodriguez,Jordana Brewster,Salma Hayek,Clea DuVall,6.4,"alien, high school, ohio, photographer, water",English
What's Love Got to Do with It,1993.0,Biography Drama Music,Brian Gibson,Rae'Ven Kelly,Virginia Capers,Dororthy Thorton,7.2,"abusive husband, love, singer, tina turner, violence",English
Cop Land,1997.0,Crime Drama Thriller,James Mangold,Robert De Niro,Sylvester Stallone,Janeane Garofalo,6.9,"corruption, faked death, falling off a roof, internal affairs, nypd",English
Not Another Teen Movie,2001.0,Comedy,Joel Gallen,Chris Evans,JoAnna Garcia Swisher,Mia Kirshner,5.7,"cheerleader, foreign exchange student, incestuous desire, incestuous kiss, prom",English
End of Watch,2012.0,Crime Drama Thriller,David Ayer,Jake Gyllenhaal,Anna Kendrick,America Ferrera,7.7,"lapd, police, police officer, south central los angeles, street gang",English
Aloha,2015.0,Comedy Drama Romance,Cameron Crowe,Emma Stone,Bradley Cooper,Bill Murray,5.4,"box office flop, critically bashed, hawaii, one word title, written by director",English
The Skulls,2000.0,Action Crime Drama Thriller,Rob Cohen,Paul Walker,Leslie Bibb,William Petersen,5.6,"college, friend, ivy league, secret society, suicide",English
The Theory of Everything,2014.0,Biography Drama Romance,James Marsh,Eddie Redmayne,Emily Watson,Simon McBurney,7.7,"based on memoir, cambridge university, husband wife relationship, lou gehrig's disease, physicist",English
Malibu's Most Wanted,2003.0,Comedy Crime,John Whitesell,Greg Grunberg,Regina Hall,Blair Underwood,5.1,"los angeles california, person in car trunk, racial impersonation, south asian, street gang",English
Where the Heart Is,2000.0,Comedy Drama Romance,Matt Williams,Natalie Portman,James Frain,Stockard Channing,6.8,"birth, oklahoma, photographer, tennessee, wal mart",English
Lawrence of Arabia,1962.0,Adventure Biography Drama History War,David Lean,Claude Rains,José Ferrer,Jack Hawkins,8.4,"arab, british military, desert, ottoman empire, t.e. lawrence",English
Halloween II,2009.0,Horror,Rob Zombie,Scout Taylor-Compton,Tyler Mane,Margot Kidder,4.9,"halloween, hospital, michael myers, rampage, vomiting",English
Wild,2014.0,Adventure Biography Drama,Jean-Marc Vallée,Michiel Huisman,Kevin Rankin,Gaby Hoffmann,7.1,"female protagonist, grief, hiking, loss of mother, mother daughter relationship",English
The Last House on the Left,2009.0,Crime Horror Thriller,Dennis Iliadis,Tony Goldwyn,Monica Potter,Martha MacIsaac,6.6,"kidnapping, lake, microwave oven, psychopath, woods",English
The Wedding Date,2005.0,Comedy Romance,Clare Kilner,Jack Davenport,Debra Messing,Holland Taylor,6.1,"chick flick, escort, male escort, wedding, wedding date",English
Halloween: Resurrection,2002.0,Comedy Horror Thriller,Rick Rosenthal,Jamie Lee Curtis,Thomas Ian Nicholas,Bianca Kajlich,4.1,"cult film, halloween, killer, michael myers, serial killer",English
Clash of the Titans,2010.0,Action Adventure Fantasy,Louis Leterrier,Liam Neeson,Jason Flemyng,Alexa Davalos,5.8,"famous line, hand to hand combat, kraken, rape, zeus",English
The Princess Bride,1987.0,Adventure Family Fantasy Romance,Rob Reiner,Robin Wright,Carol Kane,André the Giant,8.1,"fairy tale, giant, pirate, princess, true love",English
The Great Debaters,2007.0,Biography Drama,Denzel Washington,Denzel Washington,Jurnee Smollett-Bell,John Heard,7.6,"college, debate, student, texas, wiley college",English
Drive,2011.0,Crime Drama,Nicolas Winding Refn,Ryan Gosling,Albert Brooks,Russ Tamblyn,7.8,"kissing in an elevator, mythical hero, neo noir, protective male, silent protagonist",English
Confessions of a Teenage Drama Queen,2004.0,Comedy Family Music Romance,Sara Sugarman,Adam Garcia,Carol Kane,Glenne Headly,4.6,"band, friend, new york city, suburb, teenager",English
The Object of My Affection,1998.0,Comedy Drama Romance,Nicholas Hytner,Liam Aiken,Tim Daly,Kali Rocha,6.0,"baby, dancing, gay, name calling, penis slur",English
28 Weeks Later,2007.0,Drama Horror Sci-Fi,Juan Carlos Fresnadillo,Jeremy Renner,Harold Perrineau,Catherine McCormack,7.0,"paris france, rage, sniper, u.s. army, zombie apocalypse",English
When the Game Stands Tall,2014.0,Drama Family Sport,Thomas Carter,Jessie T. Usher,Matthew Daddario,Ser'Darius Blain,6.7,"coach, high school football",English
Because of Winn-Dixie,2005.0,Comedy Drama Family,Wayne Wang,Cicely Tyson,Luke Benward,Eva Marie Saint,6.4,"10 year old, dog, florida, girl, supermarket",English
Love & Basketball,2000.0,Drama Romance Sport,Gina Prince-Bythewood,Alfre Woodard,Sanaa Lathan,Omar Epps,7.2,"basketball movie, female basketball player, high school, nba, title directed by female",English
Grosse Pointe Blank,1997.0,Action Comedy Crime Romance Thriller,George Armitage,Minnie Driver,Michael Cudlitz,Mitchell Ryan,7.4,"assassin, high school, high school reunion, reunion, suburb",English
All About Steve,2009.0,Comedy Romance,Phil Traill,Bradley Cooper,Katy Mixon,Beth Grant,4.8,"blind date, crossword puzzle, eccentric, fall, mine shaft",English
Book of Shadows: Blair Witch 2,2000.0,Adventure Fantasy Horror Mystery Thriller,Joe Berlinger,Kim Director,Erica Leerhsen,Kurt Loder,4.0,"convenience store, digit in title, punctuation in title, violence, witch",English
The Craft,1996.0,Drama Fantasy Horror Thriller,Andrew Fleming,Christine Taylor,Rachel True,Brenda Strong,6.2,"coven, occult, outcast, spell, witch",English
Match Point,2005.0,Drama Romance Thriller,Woody Allen,Scarlett Johansson,Mark Gatiss,Penelope Wilton,7.7,"extramarital affair, infidelity, irony of fate, surprise ending, tennis",English
Ramona and Beezus,2010.0,Adventure Comedy Family Fantasy,Elizabeth Allen Rosenbaum,Sierra McCormick,Hutch Dano,Jason Spevack,6.7,"aunt, cat, death of pet, girl, no opening credits",English
The Remains of the Day,1993.0,Drama Romance,James Ivory,Anthony Hopkins,Peter Vaughan,Ben Chaplin,7.9,"butler, housekeeper, manor, servant, service",English
Boogie Nights,1997.0,Drama,Paul Thomas Anderson,Don Cheadle,Nicole Ari Parker,Nina Hartley,7.9,"1970s, adult entertainment industry, nightclub, porn industry, san fernando valley california",English
Nowhere to Run,1993.0,Action Crime Drama Romance Thriller,Robert Harmon,Kieran Culkin,Rosanna Arquette,Joss Ackland,5.5,"business, escaped convict, farm, motorcycle, widow",English
Flicka,2006.0,Adventure Drama Family,Michael Mayer,Alison Lohman,Danny Pino,Tim McGraw,6.2,"father son relationship, horse, horse ranch, ranch, wild mustang",English
The Hills Have Eyes II,2007.0,Horror,Martin Weisz,Jeff Kober,Daniella Alonso,Jacob Vargas,5.1,"desert, fight, hill, murder, mutant",English
Urban Legends: Final Cut,2000.0,Horror Mystery Thriller,John Ottman,Loretta Devine,Joey Lawrence,Jacinda Barrett,4.1,"film set, movie set, sequel, slow motion, urban legend",English
Tuck Everlasting,2002.0,Drama Family Fantasy Romance,Jay Russell,William Hurt,Sissy Spacek,Jonathan Jackson,6.7,"fountain of youth, immortality, secret, woods, young man",English
The Marine,2006.0,Action Drama Thriller,John Bonito,Kelly Carlson,Firass Dirani,Drew Powell,4.7,"beating, marine, muscleman, tied up, tough guy",English
Keanu,2016.0,Action Comedy,Peter Atencio,Nia Long,Will Forte,Keegan-Michael Key,6.4,"car chase, gangsta, gun fight, hitman, kitten",English
Country Strong,2010.0,Drama Music,Shana Feste,Leighton Meester,Cinda McCain,Tim McGraw,6.3,"country music, panties, pink panties, relapse, songwriter",English
Disturbing Behavior,1998.0,Horror Mystery Sci-Fi Thriller,David Nutter,Bruce Greenwood,Ethan Embry,Katharine Isabelle,5.5,"blue ribbon, high school, jacket, jock, yogurt",English
The Place Beyond the Pines,2012.0,Crime Drama Thriller,Derek Cianfrance,Ryan Gosling,Ben Mendelsohn,Angelo Anthony Pizza,7.3,"bank, carnival, motorcycle, police, rookie cop",English
The November Man,2014.0,Action Crime Thriller,Roger Donaldson,Luke Bracey,Akie Kotabe,Will Patton,6.3,"critically bashed, premarital sex, sex scene, sex standing up, stripper",English
Eye of the Beholder,1999.0,Drama Mystery Thriller,Stephan Elliott,Jason Priestley,Patrick Bergin,Geneviève Bujold,4.9,"chicago illinois, false identity, femme fatale, new york city, spying",English
The Hurt Locker,2008.0,Drama History Thriller War,Kathryn Bigelow,Jeremy Renner,Christian Camargo,Brian Geraghty,7.6,"army, bomb, dangerous job, death, iraq",English
Firestarter,1984.0,Action Horror Sci-Fi Thriller,Mark L. Lester,Heather Locklear,George C. Scott,David Keith,6.0,"captain, experiment, fire, psychic, secret government agency",English
Killing Them Softly,2012.0,Crime Thriller,Andrew Dominik,Brad Pitt,Sam Shepard,Ben Mendelsohn,6.2,"exploding car, hit by a car, poker game, punched in the face, shot to death",English
A Most Wanted Man,2014.0,Crime Drama Thriller,Anton Corbijn,Philip Seymour Hoffman,Nina Hoss,Homayoun Ershadi,6.8,"intelligence, intelligence agency, secret service, surveillance camera, war on terror",English
Freddy Got Fingered,2001.0,Comedy,Tom Green,Rip Torn,Harland Williams,Eddie Kaye Thomas,4.5,"animator, bamboo cane, cartoonist, sausage, slacker",English
The Pirates Who Don't Do Anything: A VeggieTales Movie,2008.0,Adventure Animation Comedy Family,Mike Nawrocki,Yuri Lowenthal,Cam Clarke,Phil Vischer,5.7,"17th century, king, pirate, vegetable, waiter",English
U2 3D,2007.0,Documentary Music,Catherine Owens,Bono,The Edge,Larry Mullen Jr.,8.4,"3d in title, digit in title, rock band, rocker, u2",English
Highlander: Endgame,2000.0,Action Adventure Fantasy Sci-Fi,Douglas Aarniokoski,Christopher Lambert,Adrian Paul,Adam Copeland,4.6,"battle, explosion, immortal, revenge, sequel to cult film",English
Idlewild,2006.0,Crime Drama Musical Romance,Bryan Barber,Cicely Tyson,Faizon Love,Bobb'e J. Thompson,6.2,"gangster, playing piano, song and dance, speakeasy, written and directed by cast member",English
One Day,2011.0,Drama Romance,Lone Scherfig,Anne Hathaway,Jim Sturgess,Rafe Spall,7.0,"23 year time span, accidental death, best friend, loss of loved one, male female friendship",English
Whip It,2009.0,Drama Sport,Drew Barrymore,Daniel Stern,Jimmy Fallon,Alia Shawkat,6.9,"beauty pageant, friend, pageant, roller derby, texas",English
Knockaround Guys,2001.0,Crime Drama Thriller,Brian Koppelman,Vin Diesel,Tom Noonan,Kevin Gage,6.1,"mob, mobster, money, montana, sheriff",English
Confidence,2003.0,Crime Thriller,James Foley,Louis Lombardi,Brian Van Holt,Leland Orser,6.7,"con, grifter, lap dance, organized crime, shot in the forehead",English
The Muse,1999.0,Comedy,Albert Brooks,Jeff Bridges,Bradley Whitford,Albert Brooks,5.6,"directed by star, muse, satire, screenwriter, tiffany's",English
De-Lovely,2004.0,Biography Drama Music Musical,Irwin Winkler,Kevin McNally,Keith Allen,Sandra Nelson,6.6,"cole porter, composer, love, party, tears",English
New York Stories,1989.0,Comedy Drama Romance,Woody Allen,Woody Allen,Larry David,Mia Farrow,6.4,"12 year old, artist, hotel, three word title, written and directed by cast member",English
Barney's Great Adventure,1998.0,Adventure Family,Steve Gomer,Trevor Morgan,Kyla Pratt,Shirley Douglas,2.8,"apostrophe in title, critically bashed, hit on the head with a ball, punctuation in title, tyrannosaurus rex",English
The Man with the Iron Fists,2012.0,Action,RZA,Rick Yune,RZA,Daniel Wu,5.4,"blacksmith, box office flop, chop socky, critically bashed, village",English
Home Fries,1998.0,Comedy Drama Romance,Dean Parisot,Catherine O'Hara,Jake Busey,Shelley Duvall,5.0,"baby, infidelity, pilot, pregnant, waitress",English
Here on Earth,2000.0,Drama Romance,Mark Piznarski,Bruce Greenwood,Chris Klein,Elaine Hendrix,5.1,"diner, love, private school, school, small town",English
Brazil,1985.0,Drama Sci-Fi,Terry Gilliam,Robert De Niro,Bob Hoskins,Jim Broadbent,8.0,"black comedy, bureaucracy, dream, terrorist, wrongful arrest",English
Raise Your Voice,2004.0,Family Music Romance,Sean McNamara,Oliver James,Rebecca De Mornay,Jason Ritter,5.9,"music school, scholarship, small town, stage fright, three word title",English
The Big Lebowski,1998.0,Comedy Crime,Joel Coen,Philip Seymour Hoffman,Jeff Bridges,Steve Buscemi,8.2,"death, drug, nihilism, rug, white russian",English
Black Snake Moan,2006.0,Drama Music,Craig Brewer,Justin Timberlake,Michael Raymond-James,S. Epatha Merkerson,7.0,"breasts, nipples visible through clothing, nudity, rear entry sex, white panties",English
Dark Blue,2002.0,Crime Drama Romance Thriller,Ron Shelton,Khandi Alexander,Dash Mihok,Michael Michele,6.6,"corrupt, criminal, investigation, lapd, police",English
A Mighty Heart,2007.0,Biography Drama History Thriller War,Michael Winterbottom,Angelina Jolie Pitt,Archie Panjabi,Dan Futterman,6.7,"fbi, journalist, missing, pakistan, reporter",English
Whatever It Takes,2000.0,Comedy Drama Romance,David Raynr,James Franco,Jodi Lyn O'Keefe,Marla Sokoloff,5.5,"male objectification, manipulative behavior, modern day adaptation, narcissistic woman, promiscuous woman",English
Boat Trip,2002.0,Comedy,Mort Nathan,Vivica A. Fox,Lin Shaye,Bob Gunton,4.9,"gay, hot air balloon, rejecting a marriage proposal, talking to a dog, vomiting on someone",English
The Importance of Being Earnest,2002.0,Comedy Drama Romance,Oliver Parker,Colin Firth,Tom Wilkinson,Rupert Everett,6.9,"comedy of manners, false identity, farce, love, period drama",English
The Love Letter,1998.0,Fantasy Romance,Dan Curtis,Jennifer Jason Leigh,Campbell Scott,Estelle Parsons,7.4,"antique, desk, letter, love, time travel",English
Hoot,2006.0,Adventure Comedy Family,Wil Shriner,Logan Lerman,Neil Flynn,Tim Blake Nelson,5.6,"fight, florida, montana, owl, school",English
In Bruges,2008.0,Comedy Crime Drama,Martin McDonagh,Elizabeth Berrington,Anna Madeley,Eric Godon,8.0,"bruges, bullet, hope, irish, tourist",English
Peeples,2013.0,Comedy Romance,Tina Gordon Chism,Tyler James Williams,S. Epatha Merkerson,Diahann Carroll,5.3,african american,English
The Rocker,2008.0,Comedy Music,Peter Cattaneo,Emma Stone,Bradley Cooper,Josh Gad,6.2,"20 years later, drummer, hdtv, rock band, rock star",English
Post Grad,2009.0,Comedy Romance,Vicky Jenson,J.K. Simmons,Zach Gilford,Bobby Coleman,5.3,"graduation, graduation speech, title directed by female, tv studio, unemployment",English
Promised Land,2012.0,Drama,Gus Van Sant,Matt Damon,Hal Holbrook,Terry Kinney,6.6,"corporate greed, corporation, natural gas, salesman, small town",English
Whatever Works,2009.0,Comedy Romance,Woody Allen,Larry David,Michael McKean,Conleth Hill,7.2,"atheist, limp, quantum mechanics, religion, runaway",English
The In Crowd,2000.0,Drama Mystery Thriller,Mary Lambert,Matthew Settle,Susan Ward,A.J. Buckley,4.6,"clique, country club, female protagonist, lip gloss, title directed by female",English
Three Burials,2005.0,Adventure Crime Drama Mystery Western,Tommy Lee Jones,Levon Helm,Dwight Yoakam,Guillermo Arriaga,7.5,"cemetery, friend, journey, mexico, promise",English
Jakob the Liar,1999.0,Drama War,Peter Kassovitz,Robin Williams,Mark Margolis,Michael Jeter,6.5,"german, ghetto, hope, nazi, radio",English
Kiss Kiss Bang Bang,2005.0,Comedy Crime Mystery,Shane Black,Robert Downey Jr.,Corbin Bernsen,Larry Miller,7.6,"actor, detective sergeant, hotel, nightclub, thief",English
Idle Hands,1999.0,Comedy Fantasy Horror Thriller,Rodman Flender,Vivica A. Fox,Fred Willard,Elden Henson,6.2,"breasts, female frontal nudity, nude woman murdered, slow motion scene, trailer home",English
Mulholland Drive,2001.0,Drama Mystery Thriller,David Lynch,Naomi Watts,Robert Forster,Laura Harring,8.0,"amnesia, car accident, female protagonist, lesbian sex, loss of memory",English
Blood and Chocolate,2007.0,Drama Fantasy Horror Romance,Katja von Garnier,Olivier Martinez,Agnes Bruckner,Chris Geere,5.5,"colorado, love, murder, rocky mountains, werewolf",English
You Will Meet a Tall Dark Stranger,2010.0,Comedy Drama Romance,Woody Allen,Anthony Hopkins,Naomi Watts,Ewen Bremner,6.3,"call girl, charlatan, fortune teller, manuscript, writer",English
Never Let Me Go,2010.0,Drama Romance Sci-Fi,Mark Romanek,Andrew Garfield,Charlie Rowe,Charlotte Rampling,7.2,"boarding school, childhood, love, love triangle, organ donation",English
Transsiberian,2008.0,Crime Drama Mystery Thriller,Brad Anderson,Thomas Kretschmann,Eduardo Noriega,Mac McDonald,6.7,"35 mm digital camera, drugs, murder, train, travel",English
The Clan of the Cave Bear,1986.0,Adventure Drama Fantasy,Michael Chapman,Curtis Armstrong,Pamela Reed,Mike Muscat,5.3,"cave bear, cro magnon, neanderthal, survival, tradition",English
Crazy in Alabama,1999.0,Comedy Crime Drama,Antonio Banderas,Meat Loaf,Elizabeth Perkins,Noah Emmerich,6.3,"abusive husband, alabama, boy, dream, sheriff",English
Funny Games,2007.0,Crime Drama Horror Thriller,Michael Haneke,Naomi Watts,Siobhan Fallon Hogan,Brady Corbet,6.5,"breaking the fourth wall, looking at the camera, remake, serial killer, violence",English
Listening,2014.0,Drama Sci-Fi Thriller,Khalil Sullins,Thomas Stroppel,Kalim Chandler,Amber Marie Bollinger,5.6,"divorce papers, fainting, mind control, playground, technology",English
Felicia's Journey,1999.0,Drama Thriller,Atom Egoyan,Bob Hoskins,Elaine Cassidy,Gerard McSorley,7.0,"caterer, catering, chef, friend, lawn mower",English
Metropolis,1927.0,Drama Sci-Fi,Fritz Lang,Brigitte Helm,Gustav Fröhlich,Rudolf Klein-Rogge,8.3,"art deco, bible quote, dance, silent film, worker",German
District B13,2004.0,Action Crime Thriller,Pierre Morel,David Belle,Cyril Raffaelli,Dany Verissimo-Petit,7.2,"bomb, gang, police, sister, undercover cop",French
Things to Do in Denver When You're Dead,1995.0,Crime Drama,Gary Fleder,Steve Buscemi,Bill Cobbs,Treat Williams,6.8,"death, finger gun, video message, what happened to epilogue, wheelchair",English
The Assassin,2015.0,Action Drama,Hsiao-Hsien Hou,Qi Shu,Chen Chang,Satoshi Tsumabuki,6.4,"black magic, china, love, refusal to kill, wuxia",Mandarin
Buffalo Soldiers,2001.0,Comedy Crime Drama Thriller War,Gregor Jordan,Dean Stockwell,Scott Glenn,Leon,6.9,"berlin wall, germany, murder, soldier, specialist",English
The Return,2003.0,Drama Mystery Thriller,Andrey Zvyagintsev,Konstantin Lavronenko,Vladimir Garin,Nataliya Vdovina,8.0,"boy, photograph, return, russian, wilderness",Russian
Ong-bak 2,2008.0,Action,Tony Jaa,Nirut Sirichanya,Petchtai Wongkamlao,Sarunyu Wongkrachang,6.2,"cult film, elephant, jungle, martial arts, stylized violence",Thai
Centurion,2010.0,Action Adventure Drama History Thriller War,Neil Marshall,Michael Fassbender,JJ Feild,Dave Legeno,6.4,"mushroom, mute, roman soldier, screaming, wood carving",English
Silent Trigger,1996.0,Action Drama Thriller,Russell Mulcahy,Christopher Heyerdahl,Gina Bellman,Conrad Dunn,5.6,"assassin, die hard scenario, rangefinder, soldier, veteran",English
The Midnight Meat Train,2008.0,Fantasy Horror Mystery,Ryûhei Kitamura,Bradley Cooper,Brooke Shields,Leslie Bibb,6.1,"butcher, girlfriend, mute character, photographer, subway",English
Winnie Mandela,2011.0,Biography Drama History,Darrell Roodt,Jennifer Hudson,Wendy Crewson,Aubrey Poo,6.0,"character name in title, nelson mandela, one word title, reference to winnie mandela, south africa",English
The Son of No One,2011.0,Crime Drama Thriller,Dito Montiel,Channing Tatum,Al Pacino,Tracy Morgan,5.1,"housing project, letter, man with glasses, murder, subjective camera",English
All the Queen's Men,2001.0,Action Comedy Drama War,Stefan Ruzowitzky,Eddie Izzard,Udo Kier,Edward Fox,4.5,"apostrophe in title, behind enemy lines, box office flop, gay interest, punctuation in title",English
The Good Night,2007.0,Comedy Drama Fantasy Music Romance,Jake Paltrow,Stephen Graham,Gael Le Cornec,Keith Allen,5.9,"commercial, dream, dreaming, girl, new york city",English
Bathory: Countess of Blood,2008.0,Biography Drama Fantasy History,Juraj Jakubisko,Anna Friel,Hans Matheson,Franco Nero,6.0,"bathory, countess, female protagonist, legend, virgin blood",English
Khumba,2013.0,Adventure Animation Family,Anthony Silverston,Liam Neeson,Steve Buscemi,Loretta Devine,5.8,"herd, ostrich, waterhole, wildebeest, zebra",English
Automata,2014.0,Action Sci-Fi Thriller,Gabe Ibáñez,Birgitte Hjort Sørensen,Robert Forster,Melanie Griffith,6.1,"child hitman, dystopia, future, robot, self repair",English
Dungeons & Dragons: Wrath of the Dragon God,2005.0,Action Adventure Fantasy,Gerry Lively,Bruce Payne,Lucy Gaskell,Steven Elder,4.9,"combat, helmet, martial arts, medieval times, violence",English
Shinjuku Incident,2009.0,Action Crime Drama Thriller,Tung-Shing Yee,Bingbing Fan,Daniel Wu,Yasuaki Kurata,7.1,"chinese, gang, gratitude, immigrant, japan",Mandarin
Pandaemonium,2000.0,Biography Drama,Julien Temple,Samantha Morton,Dexter Fletcher,Linus Roache,6.6,"betrayal, french revolution, friendship, poet, revolution",English
Groundhog Day,1993.0,Comedy Fantasy Romance,Harold Ramis,Bill Murray,Chris Elliott,Willie Garson,8.1,"cult film, existentialism, groundhog day, time loop, trapped in a time loop",English
Magic Mike XXL,2015.0,Comedy Drama Music,Gregory Jacobs,Matt Bomer,Channing Tatum,Kevin Nash,5.7,"male bonding, male friendship, male objectification, muscular, stripper",English
Romeo + Juliet,1996.0,Drama Romance,Baz Luhrmann,Leonardo DiCaprio,Harold Perrineau,Brian Dennehy,6.8,"hawaiian shirt, love, shakespeare adaptation, shakespeare play, star crossed lovers",English
Sarah's Key,2010.0,Drama War,Gilles Paquet-Brenner,Kristin Scott Thomas,Aidan Quinn,Arben Bajraktaraj,7.5,"apartment, escape, jewish family, journalist, key",French
Freedom,2014.0,Drama Family Music,Peter Cousens,Sharon Leal,David Rasche,Bart Shatto,6.2,"19th century, christian film, hymn, religion, slave",English
Unforgiven,1992.0,Drama Western,Clint Eastwood,Clint Eastwood,Morgan Freeman,Frances Fisher,8.3,"englishman, leaving flowers on a grave, one last job, reputation, visiting wife's grave",English
Manderlay,2005.0,Drama,Lars von Trier,Bryce Dallas Howard,Jeremy Davies,Jean-Marc Barr,7.4,"cotton, female frontal nudity, flogging, gangster, slavery",English
Slumdog Millionaire,2008.0,Drama Romance,Danny Boyle,Anil Kapoor,Saurabh Shukla,Ayush Mahesh Khedekar,8.0,"cheating, falling from height, murder, non professional cast, slum",English
Fatal Attraction,1987.0,Drama Romance Thriller,Adrian Lyne,Fred Gwynne,Lois Smith,Anne Archer,6.9,"borderline personality disorder, killing a pet, madame butterfly, new york, new york city",English
Pretty Woman,1990.0,Comedy Romance,Garry Marshall,Julia Roberts,Hector Elizondo,Jason Alexander,6.9,"businessman, falling in love with a prostitute, hotel, prostitute, rich man poor woman",English
Crocodile Dundee II,1988.0,Action Adventure Comedy,John Cornell,Paul Hogan,Linda Kozlowski,John Meillon,5.5,"australia, australian, crime boss, crocodile, gangster",English
Born on the Fourth of July,1989.0,Biography Drama War,Oliver Stone,Tom Cruise,Tom Berenger,Stephen Baldwin,7.2,"desert, drunkenness, religious mother, strict mother, vietnam war",English
Cool Runnings,1993.0,Adventure Comedy Family Sport,Jon Turteltaub,Doug E. Doug,Leon,Malik Yoba,6.9,"bobsled, coach, jamaica, olympic games, olympics",English
My Bloody Valentine,2009.0,Horror Thriller,Patrick Lussier,Jensen Ackles,Jaime King,Edi Gathegi,5.5,"coma, death, miner, valentine, valentine's day",English
The Possession,2012.0,Horror Thriller,Ole Bornedal,Kyra Sedgwick,Madison Davenport,Natasha Calis,5.9,"basketball coach, box, jewish, rabbi, yard sale",English
First Blood,1982.0,Action Adventure Drama,Ted Kotcheff,Sylvester Stallone,Brian Dennehy,Chris Mulkey,7.7,"1980s, colonel, deputy, rambo, sheriff",English
Stomp the Yard,2007.0,Drama Music Romance,Sylvain White,Chris Brown,Laz Alonso,Harry Lennix,5.2,"atlanta georgia, competition, dancer, death, fraternity",English
The Spy Who Loved Me,1977.0,Action Adventure Sci-Fi Thriller,Lewis Gilbert,Caroline Munro,Desmond Llewelyn,Barbara Bach,7.1,"1970s, cult film, official james bond series, submarine, world war three",English
Urban Legend,1998.0,Horror Mystery Thriller,Jamie Blanks,Alicia Witt,Loretta Devine,Julian Richings,5.5,"campus, death, friend, professor, urban legend",English
Dangerous Liaisons,1988.0,Drama Romance,Stephen Frears,Keanu Reeves,Peter Capaldi,Swoosie Kurtz,7.7,"catholic, corruption, emotional abuse, france, seduction",English
Good Deeds,2012.0,Comedy Drama Romance,Tyler Perry,Eddie Cibrian,Phylicia Rashad,Jamie Kennedy,5.4,"businessman, fight, mean brother, narrated by character, wordplay in title",English
White Fang,1991.0,Adventure Drama,Randal Kleiser,Seymour Cassel,Klaus Maria Brandauer,Susan Hogan,6.7,"alaska, dog, friendship, gold, yukon",English
Superstar,1999.0,Comedy Romance,Bruce McCulloch,Will Ferrell,Elaine Hendrix,Molly Shannon,5.0,"dancing, orphan, school, special education, student",English
The Iron Lady,2011.0,Biography Drama History,Phyllida Lloyd,Meryl Streep,Jim Broadbent,Olivia Colman,6.4,"british prime minister, female prime minister, politics, prime minister, told in flashback",English
Jonah: A VeggieTales Movie,2002.0,Adventure Animation Comedy Drama Family Musical,Mike Nawrocki,Phil Vischer,Mike Nawrocki,Shelby Vischer,6.6,"anthropomorphism, pirate, pirate ship, tomato, whale",English
Poetic Justice,1993.0,Drama Romance,John Singleton,Janet Jackson,Khandi Alexander,Maya Angelou,5.9,"african american, mail carrier, poetry, postal worker, south central los angeles",English
All About the Benjamins,2002.0,Action Comedy Crime Thriller,Kevin Bray,Mike Epps,Roger Guenveur Smith,Gino Salvano,5.7,"black comedy, bounty hunter, diamond, machismo, money",English
Vampire in Brooklyn,1995.0,Comedy Fantasy Horror Romance,Wes Craven,John Witherspoon,W. Earl Brown,Allen Payne,4.5,"blood, destiny, nightmare, partner, vampire",English
Exorcist II: The Heretic,1977.0,Horror,John Boorman,Linda Blair,Richard Burton,Ned Beatty,3.7,"demon, exorcism, locust, priest, repressed memory",English
An American Haunting,2005.0,Horror Mystery Thriller,Courtney Solomon,Sissy Spacek,James D'Arcy,Vernon Dobtcheff,5.0,"flashback, lifting someone into the air, paranormal phenomena, voice over letter, year 1818",English
My Boss's Daughter,2003.0,Comedy Romance,David Zucker,Carmen Electra,Tyler Labine,Molly Shannon,4.6,"boss' daughter, crush, house sitter, housesitting, love interest",English
A Perfect Getaway,2009.0,Adventure Mystery Thriller,David Twohy,Chris Hemsworth,Milla Jovovich,Marley Shelton,6.5,"cliff, hawaii, island, newlywed, waterfall",English
Our Family Wedding,2010.0,Comedy Romance,Rick Famuyiwa,America Ferrera,Lance Gross,Lupe Ontiveros,4.9,"california, love, marriage, wedding, wedding dress",English
Dead Man on Campus,1998.0,Comedy,Alan Cohn,Alyson Hannigan,Linda Cardellini,Poppy Montgomery,6.0,"college, college roommate, party, roommate, student",English
Tea with Mussolini,1999.0,Comedy Drama War,Franco Zeffirelli,Lily Tomlin,Joan Plowright,Paolo Seganti,6.9,"ambassador, american, art, english, italy",English
Thinner,1996.0,Fantasy Horror,Tom Holland,Joe Mantegna,Bethany Joy Lenz,Kari Wuhrer,5.7,"death, doctor, gypsy, judge, lawyer",English
"New York, New York",1977.0,Drama Music Musical Romance,Martin Scorsese,Robert De Niro,Liza Minnelli,Mary Kay Place,6.7,"love, musician, saxophonist, singer, songwriter",English
Crooklyn,1994.0,Comedy Drama,Spike Lee,Alfre Woodard,Delroy Lindo,Isaiah Washington,6.9,"argument, birthday, bully, coming of age, semi autobiographical",English
I Think I Love My Wife,2007.0,Comedy Drama Romance,Chris Rock,Steve Buscemi,Eliza Coupe,Wendell Pierce,5.5,"banker, investment, investment banker, marriage, sex",English
Jason X,2001.0,Action Horror Sci-Fi Thriller,James Isaac,Peter Mensah,Kane Hodder,Lexa Doig,4.4,"jason voorhees, lake, machete, scientist, slasher",English
Big Fat Liar,2002.0,Adventure Comedy Family,Shawn Levy,Frankie Muniz,Donald Faison,Lee Majors,5.4,"brunette, film producer, liar, prank, stunt",English
Bobby,2006.0,Drama History,Emilio Estevez,Anthony Hopkins,Nick Cannon,Brian Geraghty,7.0,"campaign, chess, friend, hotel, senator",English
Head Over Heels,2001.0,Comedy Mystery Romance,Mark Waters,Monica Potter,Ivana Milicevic,China Chow,5.4,"apartment, fast motion scene, model, private investigation, suspected murder",English
Fun Size,2012.0,Adventure Comedy,Josh Schwartz,Thomas McDonell,Jackson Nicoll,Osric Chau,5.4,"adult humor, best friend, friend, halloween, teenage girl",English
The Diving Bell and the Butterfly,2007.0,Biography Drama,Julian Schnabel,Emmanuelle Seigner,Mathieu Amalric,Isaach De Bankolé,8.0,"arc de triomphe paris, based on autobiography, coma, elle magazine, male frontal nudity",French
Little Children,2006.0,Drama Romance,Todd Field,Kate Winslet,Noah Emmerich,Jane Adams,7.6,"adulterous wife, bar, dysfunctional marriage, sex offender, suburb",English
Gossip,2000.0,Drama Mystery Thriller,Davis Guggenheim,Norman Reedus,Sharon Lawrence,Noam Jenkins,5.9,"college, college campus, gossip, rape, sex",English
A Walk on the Moon,1999.0,Drama,Tony Goldwyn,Viggo Mortensen,Julie Kavner,Tovah Feldshuh,6.6,"adulterous wife, cheating wife, summer, unfaithfulness, woodstock",English
Catch a Fire,2006.0,Biography Drama History,Phillip Noyce,Derek Luke,Terry Pheto,Bonnie Henna,6.7,"attack, coach, colonel, jail, oil refinery",English
Soul Survivors,2001.0,Drama Horror Mystery Thriller,Stephen Carpenter,Melissa Sagemiller,Angela Featherstone,Candace Kroslak,3.9,"car accident, college, ghost, girl in panties, white panties",English
Jefferson in Paris,1995.0,Biography Drama History Romance,James Ivory,Seth Gilliam,Todd Boyce,Nigel Whitmey,5.7,"18th century, ambassador, french revolution, friendship, thomas jefferson",English
Easy Virtue,2008.0,Comedy Romance,Stephan Elliott,Colin Firth,Kristin Scott Thomas,Kris Marshall,6.7,"estate, female frontal nudity, female nudity, no panties, unhappy marriage",English
Caravans,1978.0,Action Adventure History,James Fargo,Christopher Lee,Joseph Cotten,Behrouz Vossoughi,6.5,"afghanistan, caravan, rebel, russian, tribe",English
Mr. Turner,2014.0,Biography Drama History,Mike Leigh,Lesley Manville,Ruth Sheen,Karl Johnson,6.8,"prism, rented room, scrofula, sketching, sunrise",English
Wild Grass,2009.0,Drama Romance,Alain Resnais,Mathieu Amalric,Sara Forestier,Edouard Baer,6.3,"dentist, letter, pilot, skateboard, wallet",French
Amen.,2002.0,Biography Crime Drama War,Costa-Gavras,Sebastian Koch,Mathieu Kassovitz,Ulrich Mühe,7.3,"jesuit, jew, pope, priest, ss",English
Reign of Assassins,2010.0,Action,Chao-Bin Su,Woo-sung Jung,Shawn Yue,Kelly Lin,6.9,"martial arts, sword fight, wuxia",Mandarin
The Lucky Ones,2008.0,Comedy Drama War,Neil Burger,John Heard,Katherine LaNasa,Mark L. Young,7.0,"college tuition, guitar, road trip, soldier, stranded",English
Margaret,2011.0,Drama,Kenneth Lonergan,Matt Damon,Kieran Culkin,John Gallagher Jr.,6.5,"accident, bus, loss of virginity, new york city, virginity",English
Stan Helsing,2009.0,Comedy Horror,Bo Zenga,Steve Howey,Kenan Thompson,Diora Baird,3.6,"dollar bill, double entendre, escaped convict, halloween, striptease",English
Flipped,2010.0,Comedy Drama Romance,Rob Reiner,Madeline Carroll,Rebecca De Mornay,Aidan Quinn,7.7,"apology, falling in love, multiple perspectives, narrated by a girl, younger version of character",English
Brokeback Mountain,2005.0,Drama Romance,Ang Lee,Jake Gyllenhaal,Heath Ledger,Anne Hathaway,7.7,"gay relationship, homosexuality, mountain, ranch, rodeo",English
Teenage Mutant Ninja Turtles,2014.0,Action Adventure Comedy Sci-Fi,Jonathan Liebesman,Noel Fisher,Danny Woodburn,Jeremy Howard,5.9,"18 wheeler, mutant, ninja, sewer, turtle",English
Clueless,1995.0,Comedy Romance,Amy Heckerling,Donald Faison,Dan Hedaya,Elisa Donovan,6.8,"female protagonist, high school, makeover, matchmaker, popularity",English
Far from Heaven,2002.0,Drama Romance,Todd Haynes,Dennis Quaid,Celia Weston,Michael Gaston,7.4,"african american, catastrophe, family relationships, farewell scene, therapy",English
Hot Tub Time Machine 2,2015.0,Comedy Sci-Fi,Steve Pink,Adam Scott,Gillian Jacobs,Collette Wolfe,5.1,"acid trip, gameshow, hot tub, time lord, time machine",English
Quills,2000.0,Biography Drama,Philip Kaufman,Kate Winslet,Stephen Marcus,Amelia Warner,7.4,"asylum, lust, male pubic hair, penis, pubic hair",English
Seven Psychopaths,2012.0,Comedy Crime,Martin McDonagh,Abbie Cornish,Gabourey Sidibe,Michael Stuhlbarg,7.2,"dognapping, gangster, misfiring gun, screenwriter, shih tzu",English
The Caveman's Valentine,2001.0,Crime Drama Music Mystery Thriller,Kasi Lemmons,Colm Feore,Tamara Tunie,Aunjanue Ellis,6.0,"chrysler building manhattan new york city, delusion, manhattan new york city, new york city, title directed by female",English
Downfall,2004.0,Biography Drama History War,Oliver Hirschbiegel,Thomas Kretschmann,Bruno Ganz,Alexandra Maria Lara,8.3,"bunker, hitler, nazi, no exit, war ruins",German
The Sea Inside,2004.0,Biography Drama Romance,Alejandro Amenábar,Belén Rueda,Lola Dueñas,Tamar Novas,8.1,"dignity, euthanasia, freedom, lawyer, sailor",Spanish
Under the Skin,2013.0,Drama Horror Sci-Fi Thriller,Jonathan Glazer,Scarlett Johansson,Paul Brannigan,Alison Chand,6.3,"alien, desire, female nudity, male frontal nudity, scotland",English
"Good Morning, Vietnam",1987.0,Biography Comedy Drama War,Barry Levinson,Robin Williams,J.T. Walsh,Bruno Kirby,7.3,"disc jockey, friendship, radio, vietnam, vietnamese",English
The Last Godfather,2010.0,Comedy,Hyung-rae Shim,Jason Mewes,Stephanie Danielson,Michael Rispoli,3.6,"mafia, mafia boss, mafiosi, mafioso, three word title",English
Justin Bieber: Never Say Never,2011.0,Documentary Music,Jon M. Chu,Usher Raymond,Sean Kingston,Boys II Men,1.6,"boyhood friend, manager, plasma tv, prodigy, star",English
Black Swan,2010.0,Drama Thriller,Darren Aronofsky,Natalie Portman,Mila Kunis,Mark Margolis,8.0,"ballerina, ballet, fear, female protagonist, madness",English
RoboCop,2014.0,Action Crime Sci-Fi Thriller,José Padilha,Gary Oldman,Abbie Cornish,Jennifer Ehle,6.2,"law enforcement, police, robocop, robot, technology",English
The Godfather: Part II,1974.0,Crime Drama,Francis Ford Coppola,Robert De Niro,Al Pacino,Robert Duvall,9.0,"1950s, corrupt politician, lake tahoe nevada, melancholy, revenge",English
Save the Last Dance,2001.0,Drama Music Romance,Thomas Carter,Sean Patrick Thomas,Terry Kinney,Fredro Starr,6.1,"dance, dancing, ghetto, hip hop, imperative in title",English
A Nightmare on Elm Street 4: The Dream Master,1988.0,Fantasy Horror Thriller,Renny Harlin,Tuesday Knight,Rodney Eastman,Brooke Bundy,5.7,"demon, dream, elm street, freddy krueger, nightmare",English
Miracles from Heaven,2016.0,Drama,Patricia Riggen,Jennifer Garner,Brighton Sharbino,Martin Henderson,6.8,"child cancer, christian film, christianity, falling into a hole, inspiring",English
"Dude, Where's My Car?",2000.0,Comedy Mystery,Danny Leiner,Jennifer Garner,Mary Lynn Rajskub,Marla Sokoloff,5.5,"bare chested male, gay kiss, homoeroticism, lesbian kiss, transsexual",English
Young Guns,1988.0,Action Crime Drama Thriller Western,Christopher Cain,Jack Palance,Patrick Wayne,Brian Keith,6.8,"army, cattle, deputy, new mexico, rancher",English
St. Vincent,2014.0,Comedy Drama,Theodore Melfi,Bill Murray,Naomi Watts,Reg E. Cathey,7.3,"bullying, grumpy old man, school presentation, stroke, stroke recovery",English
About Last Night,2014.0,Comedy Romance,Steve Pink,Joe Lo Truglio,Regina Hall,Bryan Callen,6.1,"bedroom, boyfriend girlfriend relationship, hug, interrupted sex, urban setting",English
10 Things I Hate About You,1999.0,Comedy Drama Romance,Gil Junger,Joseph Gordon-Levitt,Heath Ledger,Andrew Keegan,7.2,"dating, protective father, school, shrew, teen movie",English
The New Guy,2002.0,Comedy,Ed Decter,Zooey Deschanel,Eddie Griffin,Gene Simmons,5.9,"cheerleader, geek, high school, prison, reference to janet jackson",English
Loaded Weapon 1,1993.0,Action Comedy Crime,Gene Quintano,Jon Lovitz,Lin Shaye,Bill Nunn,6.1,"cookie, detective, microfilm, parody, sergeant",English
The Shallows,2016.0,Drama Horror Thriller,Jaume Collet-Serra,Óscar Jaenada,Brett Cullen,Sedona Legge,6.8,"beach, island, mexico, prey, trapped",English
The Butterfly Effect,2004.0,Sci-Fi Thriller,Eric Bress,Logan Lerman,Eric Stoltz,Cameron Bright,7.7,"blackout, child pornography, memory, surprise ending, time travel",English
Snow Day,2000.0,Adventure Comedy Family,Chris Koch,Chris Elliott,Mark Webber,Jean Smart,4.9,"meteorologist, snow, snowed in, snowplow, weather",English
This Christmas,2007.0,Comedy Drama Romance,Preston A. Whitmore II,Mekhi Phifer,Chris Brown,Loretta Devine,6.1,"christmas, family home, musician, piano, secret",English
Baby Geniuses,1999.0,Comedy Crime Family Sci-Fi,Bob Clark,Kathleen Turner,Dom DeLuise,Ruby Dee,2.5,"baby, boy, science, scientist, toddler",English
The Big Hit,1998.0,Action Comedy Crime Thriller,Kirk Wong,Bokeem Woodbine,Elliott Gould,Antonio Sabato Jr.,6.1,"hitman, kidnapping, kosher, vhs, video store",English
Harriet the Spy,1996.0,Comedy Drama Family,Bronwen Hughes,Gregory Smith,Eartha Kitt,Charlotte Sullivan,5.9,"binoculars, child spy, notebook, secret, spy",English
Child's Play 2,1990.0,Fantasy Horror,John Lafia,Jenny Agutter,Beth Grant,Greg Germann,5.7,"boy, doll, foster home, killer doll, serial killer",English
No Good Deed,2014.0,Crime Thriller,Sam Miller,Leslie Bibb,Kate del Castillo,Henry Simmons,5.6,"home invasion, police officer shot, police officer shot in the chest, psychopath, three word title",English
The Mist,2007.0,Horror,Frank Darabont,Toby Jones,Alexa Davalos,Jeffrey DeMunn,7.2,"desperation, fog, giant insect, survival, survival horror",English
Ex Machina,2015.0,Drama Mystery Sci-Fi Thriller,Alex Garland,Elina Alminas,Sonoya Mizuno,Corey Johnson,7.7,"artificial intelligence, robot, robot human relationship, turing test, video surveillance",English
Being John Malkovich,1999.0,Comedy Drama Fantasy,Spike Jonze,Willie Garson,Orson Bean,Mary Kay Place,7.8,"body swap, magical realism, portal, puppeteer, surrealism",English
Two Can Play That Game,2001.0,Comedy Romance,Mark Brown,Mo'Nique,Vivica A. Fox,Tamala Jones,6.1,"advice, battle of the sexes, lingerie, romantic rivalry, rule",English
Earth to Echo,2014.0,Adventure Family Sci-Fi,Dave Green,Teo Halm,Ella Wahlestedt,Jason Gray-Stanford,5.8,"alien, bar, construction worker, no opening credits, no title at beginning",English
Crazy/Beautiful,2001.0,Drama Romance,John Stockwell,Kirsten Dunst,Jay Hernandez,Rolando Molina,6.5,"congressman, high school, latino, pacific palisades, school",English
Letters from Iwo Jima,2006.0,Drama History War,Clint Eastwood,Yuki Matsuzaki,Kazunari Ninomiya,Shidô Nakamura,7.9,"blood splatter, general, island, japan, world war two",Japanese
The Astronaut Farmer,2006.0,Adventure Drama Sci-Fi,Michael Polish,J.K. Simmons,Virginia Madsen,Bruce Dern,6.3,"bank, fbi, fuel, rocket, space travel",English
Woo,1998.0,Comedy Romance,Daisy von Scherler Mayer,LL Cool J,Jada Pinkett Smith,Dave Chappelle,3.8,"blind date, law clerk, love, manhattan new york city, world trade center manhattan new york city",English
Room,2015.0,Drama,Lenny Abrahamson,Joan Allen,Jacob Tremblay,Cas Anvar,8.3,"based on novel, escape, imprisonment, kidnapping, mother son relationship",English
Dirty Work,1998.0,Comedy,Bob Saget,Don Rickles,Jack Warden,Traylor Howard,6.4,"cult film, gambling debt, job, off screen murder, revenge",English
Serial Mom,1994.0,Comedy Crime Thriller,John Waters,Kathleen Turner,Sam Waterston,Traci Lords,6.7,"dentist, housewife, howie scream, murder, perfection",English
Dick,1999.0,Comedy,Andrew Fleming,Ryan Reynolds,Will Ferrell,Kirsten Dunst,6.1,"political cover up, political satire, teenage girl, white house, witness",English
Light It Up,1999.0,Drama Thriller,Craig Bolotin,Rosario Dawson,Vanessa Williams,Robert Ri'chard,6.0,"black cop, die hard scenario, hostage negotiator, police, police brutality",English
54,1998.0,Drama Music,Mark Christopher,Salma Hayek,Ellen Albertini Dow,Sela Ward,5.8,"angel dust the drug, disco, new york city, quaalude, reference to princess grace of monaco",English
Bubble Boy,2001.0,Adventure Comedy Romance Sci-Fi,Blair Hayes,Jake Gyllenhaal,Geoffrey Arend,Marley Shelton,5.6,"cigarette smoking, hand on butt, niagara falls, plastic bubble, wedding",English
Birthday Girl,2001.0,Comedy Crime Thriller,Jez Butterworth,Mark Gatiss,Mathieu Kassovitz,Ben Chaplin,6.1,"bank, bank clerk, birthday, mail order bride, russian",English
21 & Over,2013.0,Comedy,Jon Lucas,Justin Chon,Josie Loren,Sarah Wright,5.9,"21st birthday, college student, drunken man, pubic hair, standing up to father",English
"Paris, je t'aime",2006.0,Comedy Drama Romance,Olivier Assayas,Steve Buscemi,Miranda Richardson,Catalina Sandino Moreno,7.3,"baby, divorce, oscar wilde, pigalle, tourist",French
Resurrecting the Champ,2007.0,Drama Sport,Rod Lurie,Harry Lennix,Kathryn Morris,Peter Coyote,6.8,"boxing, colosseum, homeless man, reporter, writer",English
Admission,2013.0,Comedy Drama Romance,Paul Weitz,Tina Fey,Sarita Choudhury,Christopher Evan Welch,5.7,"adoption, female protagonist, princeton university, wedding, working women",English
The Widow of Saint-Pierre,2000.0,Drama Romance,Patrice Leconte,Emir Kusturica,Daniel Auteuil,Yves Jacques,7.3,"archipelago, guillotine, island, prison, redemption",French
Chloe,2009.0,Drama Mystery Romance Thriller,Atom Egoyan,Liam Neeson,Meghan Heffern,Natalie Lisinska,6.3,"bare chested boy, doctor, escort, infidelity, prostitute",English
Faithful,1996.0,Comedy Crime Drama,Paul Mazursky,Chazz Palminteri,Ryan O'Neal,Paul Mazursky,5.9,"bathroom, bathtub, female protagonist, flashback, kitchen",English
Brothers,2009.0,Drama Thriller,Jim Sheridan,Natalie Portman,Jake Gyllenhaal,Ethan Suplee,7.1,"afghanistan, death of soldier, presumed dead, prisoner, war trauma",English
Find Me Guilty,2006.0,Biography Comedy Crime Drama,Sidney Lumet,Peter Dinklage,Vin Diesel,Alex Rocco,7.1,"court, drugs, judge, mafia, mobster",English
The Perks of Being a Wallflower,2012.0,Drama Romance,Stephen Chbosky,Logan Lerman,Ezra Miller,Kate Walsh,8.0,"coming of age, depression, gay, high school, mental illness",English
Excessive Force,1993.0,Action,Jon Hess,Burt Young,Ian Gomez,Thomas Ian Griffith,5.1,"exercise bicycle, face in food, police, police brutality, policeman",English
Infamous,2006.0,Biography Crime Drama,Douglas McGrath,Toby Jones,Isabella Rossellini,Hope Davis,7.1,"blood, book, cold calculation, murder, writer",English
The Claim,2000.0,Drama Romance Western,Michael Winterbottom,Milla Jovovich,Sarah Polley,Shirley Henderson,6.5,"gold, gold mine, miner, railroad, surveyor",English
The Vatican Tapes,2015.0,Horror Thriller,Mark Neveldine,Djimon Hounsou,Alison Lohman,Dougray Scott,4.5,"evil, injury, possession, priest, vatican",English
Attack the Block,2011.0,Action Comedy Sci-Fi Thriller,Joe Cornish,John Boyega,Luke Treadaway,Jodie Whittaker,6.6,"alien, alien invasion, apartment, creature, gang",English
In the Land of Blood and Honey,2011.0,Drama Romance War,Angelina Jolie Pitt,Jelena Jovanova,Nikola Djuricko,Branko Djuric,4.3,"bosnian war, church, emaciation, soldier, violence",Bosnian
The Call,2013.0,Crime Thriller,Brad Anderson,Michael Imperioli,Tara Platt,Roma Maffia,6.7,"911 operator, calling 911, die hard scenario, head held underwater, white villain",English
The Crocodile Hunter: Collision Course,2002.0,Action Adventure Comedy Family,John Stainton,Steve Irwin,Aden Young,Steve Bastoni,5.4,"cia, crocodile, satellite, snake, spider",English
I Love You Phillip Morris,2009.0,Biography Comedy Crime Drama Romance,Glenn Ficarra,Dameon Clarke,Louis Herthum,Annie Golden,6.6,"character name in title, con artist, fraud, gay, prison break",English
Antwone Fisher,2002.0,Biography Drama,Denzel Washington,Denzel Washington,Kevin Connolly,Derek Luke,7.3,"black american, extortion, navy, psychiatrist, sailor",English
The Emperor's Club,2002.0,Drama,Michael Hoffman,Gabriel Millman,Embeth Davidtz,Rob Morrow,6.9,"classroom, fund raising, headmaster, reunion, roman",English
True Romance,1993.0,Action Crime Drama Romance Thriller,Tony Scott,Brad Pitt,Gary Oldman,Michael Rapaport,8.0,"aspiring actor, cocaine, drugs, pimp, suitcase full of money",English
Womb,2010.0,Drama Romance Sci-Fi,Benedek Fliegauf,Eva Green,Matt Smith,Hannah Murray,6.4,"clone, love, male nudity, medical ethics, virginity",English
Glengarry Glen Ross,1992.0,Crime Drama Mystery,James Foley,Kevin Spacey,Al Pacino,Jude Ciccolella,7.8,"office, pressure, real estate, robbery, sales",English
The Killer Inside Me,2010.0,Crime Drama Thriller,Michael Winterbottom,Liam Aiken,Ned Beatty,Jay R. Ferguson,6.1,"deputy, murder, revenge, sheriff, texas",English
Cat People,1982.0,Fantasy Horror Thriller,Paul Schrader,Ed Begley Jr.,Ruby Dee,John Heard,6.1,"cat, cat people, leopard, love, slip the undergarment",English
Sorority Row,2009.0,Horror Mystery,Stewart Hendler,Julian Morris,Margo Harshman,Rumer Willis,5.1,"prank gone wrong, scantily clad female, shotgun, sorority house, stabbed in the neck",English
The Prisoner of Zenda,1937.0,Adventure Drama Romance,John Cromwell,David Niven,Mary Astor,Ronald Colman,7.8,"coronation, fictitious country, king, princess, swashbuckler",English
Lars and the Real Girl,2007.0,Comedy Drama Romance,Craig Gillespie,Ryan Gosling,Kelli Garner,Paul Schneider,7.4,"in love with an inanimate object, internet, introvert, psychologist, sex doll",English
The Boy in the Striped Pajamas,2008.0,Drama War,Mark Herman,Richard Johnson,Sheila Hancock,Cara Horgan,7.8,"boy, fence, jew, nazis, poison gas",English
Dancer in the Dark,2000.0,Crime Drama Musical,Lars von Trier,Catherine Deneuve,Udo Kier,Björk,8.0,"ends with quotation, execution, factory, women's prison, year 1964",English
Oscar and Lucinda,1997.0,Drama Romance,Gillian Armstrong,Tom Wilkinson,Richard Roxburgh,Clive Russell,6.7,"australia, church, glass, inheritance, wager",English
The Funeral,1996.0,Crime Drama,Abel Ferrara,Isabella Rossellini,Vincent Gallo,Gretchen Mol,6.6,"1930s, madness, murder, new york city, violence",English
Solitary Man,2009.0,Comedy Drama Romance,Brian Koppelman,Jenna Fischer,David Costabile,Richard Schiff,6.4,"aging, hdtv, high definition television, love, marriage",English
Machete,2010.0,Action Crime Thriller,Ethan Maniquis,Robert De Niro,Don Johnson,Cheech Marin,6.7,"machete, mexican, mexico, priest, texas",English
Casino Jack,2010.0,Biography Comedy Crime Drama,George Hickenlooper,Kevin Spacey,Eric Schweig,Christian Campbell,6.2,"corruption, lobbyist, murder, washington d.c., washington d.c. lobbyist",English
The Land Before Time,1988.0,Adventure Animation Family,Don Bluth,Judith Barsi,Gabriel Damon,Bill Erwin,7.3,"brontosaurus, classical music, dinosaur, dinosaur feature, earthquake",English
Tae Guk Gi: The Brotherhood of War,2004.0,Action Drama War,Je-kyu Kang,Min-sik Choi,Bin Won,Dong-gun Jang,8.1,"1950s, archeologist, korea, korean war, soldier",Korean
The Perfect Game,2009.0,Comedy Drama Family Sport,William Dear,Clifton Collins Jr.,Cheech Marin,Bruce McGill,7.0,"baseball movie, little league, little league baseball, mexico, three word title",English
The Exorcist,1973.0,Horror,William Friedkin,Ellen Burstyn,Linda Blair,Lee J. Cobb,8.0,"demonic possession, exorcism, exorcist, loss of innocence, priest",English
Jaws,1975.0,Adventure Drama Thriller,Steven Spielberg,Roy Scheider,Robert Shaw,Murray Hamilton,8.0,"beach, blockbuster, fishing, great white shark, shark",English
American Pie,1999.0,Comedy,Paul Weitz,Alyson Hannigan,Shannon Elizabeth,Natasha Lyonne,7.0,"1990s, first love, milf, prom, virginity",English
Ernest & Celestine,2012.0,Animation Comedy Crime Drama Family,Stéphane Aubier,Mackenzie Foy,Megan Mullally,Lambert Wilson,7.9,"bear, dentist, friendship, mouse, prejudice",French
The Golden Child,1986.0,Action Adventure Comedy Fantasy Mystery,Michael Ritchie,Victor Wong,Randall 'Tex' Cobb,Charlotte Lewis,5.9,"boy, child, chosen one, demon, detective",English
Think Like a Man,2012.0,Comedy Romance,Tim Story,Chris Brown,Romany Malco,Regina Hall,6.6,"advice, black romance, hip hop, reading a book, sex scene",English
Barbershop,2002.0,Comedy Drama,Tim Story,Sean Patrick Thomas,Jason George,Cedric the Entertainer,6.3,"barber, barbershop, blaxploitation, loan shark, theft",English
Star Trek II: The Wrath of Khan,1982.0,Action Adventure Sci-Fi,Nicholas Meyer,Leonard Nimoy,Kirstie Alley,Nichelle Nichols,7.7,"jamming communications, planet, space station, taunt, trap",English
Ace Ventura: Pet Detective,1994.0,Comedy,Tom Shadyac,Sean Young,Udo Kier,David Margulies,6.9,"detective, dolphin, mascot, nudity, stupidity",English
WarGames,1983.0,Sci-Fi Thriller,John Badham,Matthew Broderick,Barry Corbin,Ally Sheedy,7.1,"computer, game, high school, norad, teenager",English
Witness,1985.0,Crime Drama Romance Thriller,Peter Weir,Harrison Ford,Viggo Mortensen,Lukas Haas,7.4,"amish, love, murder, police, train",English
Act of Valor,2012.0,Action Adventure Drama Thriller War,Mike McCoy,Alex Veadov,Jason Cottle,Rorke Denver,6.5,"mission, navy seal, terrorist, torture, valor",English
Step Up,2006.0,Crime Drama Music Romance,Anne Fletcher,Channing Tatum,Alyson Stoner,Josh Henderson,6.5,"dance, dancer, school, showcase, student",English
Beavis and Butt-Head Do America,1996.0,Adventure Animation Comedy Crime,Mike Judge,Bruce Willis,Demi Moore,John Doman,6.8,"beavis and butt head, fbi, score, television, television set",English
Jackie Brown,1997.0,Crime Thriller,Quentin Tarantino,Robert De Niro,Sid Haig,Robert Forster,7.5,"arms dealer, atf, bail, money, multiple perspectives",English
Harold & Kumar Escape from Guantanamo Bay,2008.0,Adventure Comedy,Jon Hurwitz,Danneel Ackles,Eric Winter,Beverly D'Angelo,6.6,"bong, escape, ex girlfriend, guantanamo bay, texas",English
Chronicle,2012.0,Drama Sci-Fi Thriller,Josh Trank,Michael Kelly,Alex Russell,Ashley Hinshaw,7.1,"found footage, high school, subjective camera, teen angst, troubled teen",English
Yentl,1983.0,Drama Musical Romance,Barbra Streisand,Miriam Margolyes,Amy Irving,Steven Hill,6.6,"love, study, talmud, wedding, yeshiva",English
Time Bandits,1981.0,Adventure Comedy Fantasy Sci-Fi,Terry Gilliam,Shelley Duvall,Michael Palin,Kenny Baker,7.0,"cult director, dwarf, robin hood, satire, treasure",English
Crossroads,2002.0,Comedy Drama,Tamra Davis,Britney Spears,Katherine Boecher,Dave Allen,3.3,"audition, friendship, graduation, high school graduation, love",English
Project X,2012.0,Comedy Crime,Nima Nourizadeh,Dax Flame,Kirby Bliss Blanton,Oliver Cooper,6.7,"birthday party, high school, high school senior, millennial generation, party",English
Patton,1970.0,Biography Drama War,Franklin J. Schaffner,George C. Scott,Karl Malden,Bill Hickman,8.0,"allies, dead soldier, destiny, general, tank",English
One Hour Photo,2002.0,Drama Thriller,Mark Romanek,Robin Williams,Gary Cole,Connie Nielsen,6.8,"insanity, photo lab, photo shop, photography, voyeur",English
Quarantine,2008.0,Horror Sci-Fi Thriller,John Erick Dowdle,Andrew Fiscella,Jay Hernandez,Dania Ramirez,6.0,"apartment building, found footage, television, trapped, virus",English
The Eye,2008.0,Horror Mystery,David Moreau,Chloë Grace Moretz,Alessandro Nivola,Obba Babatundé,5.4,"cellular memory, eye, eye transplant, seeing dead people, violinist",English
Johnson Family Vacation,2004.0,Comedy,Christopher Erskin,Vanessa Williams,Shannon Elizabeth,Shad Moss,4.3,"cross country, cross country trip, highway travel, on the road, road movie",English
How High,2001.0,Comedy Fantasy,Jesse Dylan,Hector Elizondo,Fred Willard,T.J. Thyne,6.2,"college, drugs, harvard, pot, smoke",English
The Muppet Christmas Carol,1992.0,Comedy Drama Family Fantasy Musical,Brian Henson,Steven Mackintosh,Jerry Nelson,Steve Whitmire,7.7,"christmas, christmas eve, miser, muppet, scrooge",English
Casino Royale,2006.0,Action Adventure Thriller,Martin Campbell,Eva Green,Tobias Menzies,Ivana Milicevic,8.0,"casino, espionage, free running, james bond, terrorist",English
Frida,2002.0,Biography Drama Romance,Julie Taymor,Salma Hayek,Roger Rees,Valeria Golino,7.4,"art, bisexual, marriage, pain, revolutionary",English
Katy Perry: Part of Me,2012.0,Documentary Music,Dan Cutforth,Lexie Contursi,Ashley Ashida Dixon,Anthony Burrell,5.9,"female protagonist, reference to britney spears, singer, song, world tour",English
The Fault in Our Stars,2014.0,Drama Romance,Josh Boone,Shailene Woodley,Sam Trammell,Nat Wolff,7.8,"cancer, falling in love, friendship, novel, teenager",English
Rounders,1998.0,Crime Drama,John Dahl,Matt Damon,Martin Landau,Gretchen Mol,7.4,"breasts, cult film, loan shark, poker, reference to christy turlington",English
Top Five,2014.0,Comedy Romance,Chris Rock,Rosario Dawson,Romany Malco,J.B. Smoove,6.5,"bare breasts, celebrity, in medias res, reference to planet of the apes, sex talk",English
Prophecy,1979.0,Horror Sci-Fi,John Frankenheimer,Talia Shire,Richard Dysart,Robert Foxworth,5.4,"cabin, monster, monster movie, paper mill, pollution",English
Stir of Echoes,1999.0,Horror Mystery Thriller,David Koepp,Illeana Douglas,Kathryn Erbe,Lusia Strus,7.0,"disappearance, hearing voices, hypnosis, post hypnotic suggestion, seeing a ghost",English
Philomena,2013.0,Biography Drama,Stephen Frears,Steve Coogan,Mare Winningham,Peter Hermann,7.6,"catholic, convent, gay love, gay relationship, irish adoption board",English
The Upside of Anger,2005.0,Comedy Drama,Mike Binder,Alicia Witt,Erika Christensen,Joan Allen,6.9,"anger, baseball, drinking, radio, secretary",English
The Boys from Brazil,1978.0,Drama Thriller,Franklin J. Schaffner,Laurence Olivier,Anne Meara,Steve Guttenberg,7.0,"1970s, jew, nazi, nazi hunter, paraguay",English
Aquamarine,2006.0,Comedy Family Fantasy Romance,Elizabeth Allen Rosenbaum,Tammin Sursok,Joanna 'JoJo' Levesque,Dichen Lachman,5.3,"beach, love, mermaid, storm, swimming",English
Paper Towns,2015.0,Drama Mystery Romance,Jake Schreier,Nat Wolff,Cara Delevingne,Meg Crosbie,6.4,"based on novel, female neighbor, friendship, travel, trip",English
My Baby's Daddy,2004.0,Comedy,Cheryl Dunye,Michael Imperioli,Marsha Thomason,Bai Ling,4.5,"animal costume, break up, fatherhood, rapper, talking baby",English
Nebraska,2013.0,Adventure Comedy Drama,Alexander Payne,Devin Ratray,Bruce Dern,Will Forte,7.8,"aging, billings montana, lincoln nebraska, nebraska, pickup truck",English
Tales from the Crypt: Demon Knight,1995.0,Action Fantasy Horror Thriller,Ernest R. Dickerson,CCH Pounder,Jada Pinkett Smith,Gary Farmer,6.7,"blood, blood of christ, demon, key, loud sex",English
Max Keeble's Big Move,2001.0,Comedy Crime Family,Tim Hill,Noel Fisher,Amber Valletta,Larry Miller,5.3,"bully, moving, principal, revenge, school",English
Young Adult,2011.0,Comedy Drama,Jason Reitman,Charlize Theron,Patton Oswalt,Collette Wolfe,6.3,"car damage, computer printer, female band, fingernail polish, narcissism",English
Crank,2006.0,Action Crime Thriller,Mark Neveldine,Jason Statham,Edi Gathegi,Jose Pablo Cantillo,7.0,"assassin, cult film, doctor, heart, poison",English
How to Be a Player,1997.0,Comedy,Lionel C. Martin,Bernie Mac,Gilbert Gottfried,Lark Voorhies,5.3,"breaking the fourth wall, doorman, friend, party, sex",English
Living Out Loud,1998.0,Comedy Drama Romance,Richard LaGravenese,Holly Hunter,Eddie Cibrian,Jenette Goldstein,6.6,"brooklyn bridge, divorce, female protagonist, female star appears nude, lingerie slip",English
Just Wright,2010.0,Comedy Romance Sport,Sanaa Hamri,Common,Laz Alonso,Mehcad Brooks,5.8,"basketball, basketball player, nba, physical therapist, therapist",English
Rachel Getting Married,2008.0,Drama Romance,Jonathan Demme,Anne Hathaway,Rosemarie DeWitt,Bill Irwin,6.7,"12 step program, friend, maid of honor, tears, wedding",English
The Postman Always Rings Twice,1981.0,Crime Drama Romance Thriller,Bob Rafelson,Anjelica Huston,Michael Lerner,John Colicos,6.6,"adultery, drifter, lunch wagon, murder, neo noir",English
Girl with a Pearl Earring,2003.0,Biography Drama Romance,Peter Webber,Scarlett Johansson,Colin Firth,Tom Wilkinson,7.0,"17th century, girl, maid, painter, painting",English
Das Boot,1981.0,Adventure Drama Thriller War,Wolfgang Petersen,Jürgen Prochnow,Martin Semmelrogge,Herbert Grönemeyer,8.4,"duty, submarine, submarine movie, tension, u boat",German
The Alamo,2004.0,Drama History War Western,John Lee Hancock,Dennis Quaid,Marc Blucas,Jordi Mollà,6.0,"army, dictator, general, texan, texas",English
Sorority Boys,2002.0,Comedy,Wallace Wolodarsky,Heather Matarazzo,Barry Watson,Harland Williams,5.4,"college, cruise, drag, female armpit hair, sorority",English
About Time,2013.0,Drama Fantasy Romance,Richard Curtis,Tom Hughes,Tom Hollander,Lindsay Duncan,7.8,"boyfriend girlfriend relationship, lingerie slip, time travel, time travel romance, wedding",English
House of Flying Daggers,2004.0,Action Adventure Drama Romance,Yimou Zhang,Takeshi Kaneshiro,Andy Lau,Zhengyong Zhang,7.6,"flying, flying dagger, government, police, secret",Mandarin
Arbitrage,2012.0,Drama Thriller,Nicholas Jarecki,Nate Parker,Curtiss Cook,Reg E. Cathey,6.6,"accidental death, dead woman, dead woman with eyes open, death of mistress, manager",English
Project Almanac,2015.0,Sci-Fi Thriller,Dean Israelite,Gary Weeks,Jonny Weston,Sofia Black-D'Elia,6.4,"found footage, teenager, time machine, time travel, video footage",English
Cadillac Records,2008.0,Biography Drama Music,Darnell Martin,Cedric the Entertainer,Veronika Dash,Tammy Blanchard,7.0,"1950s, jazz, jazz music, sex, title directed by female",English
Screwed,2000.0,Comedy Crime,Scott Alexander,Sarah Silverman,Dave Chappelle,Sherman Hemsley,5.7,"chauffeur, disorganized crime, dog, ransom, slapstick",English
Fortress,1992.0,Action Crime Sci-Fi Thriller,Stuart Gordon,Christopher Lambert,Kurtwood Smith,Clifton Collins Jr.,5.9,"escape, future, population control, prison, prisoner",English
For Your Consideration,2006.0,Comedy,Christopher Guest,John Michael Higgins,Catherine O'Hara,Ed Begley Jr.,6.3,"actor, internet, make up, publicist, purim",English
Celebrity,1998.0,Comedy Drama,Woody Allen,Melanie Griffith,Aleksa Palladino,Greg Mottola,6.3,"celebrity, journalist, lesbian kiss, strong female character, tv producer",English
Running with Scissors,2006.0,Comedy Drama,Ryan Murphy,Jill Clayburgh,Joseph Cross,Dagmara Dominczyk,6.2,"alcoholic, fame, therapist, writer, writing",English
From Justin to Kelly,2003.0,Comedy Musical Romance,Robert Iscove,Anika Noni Rose,Kelly Clarkson,Brian Dietzen,2.1,"bar, florida, love, spring break, waitress",English
Girl 6,1996.0,Comedy Drama,Spike Lee,Michael Imperioli,Debi Mazar,Gretchen Mol,5.0,"actress, neighbor, phone sex, queens new york city, sex addiction",English
In the Cut,2003.0,Mystery Thriller,Jane Campion,Jennifer Jason Leigh,Nick Damici,Susan Gardner,5.3,"blow job, female rear nudity, female removes her clothes, oral sex, three of spades tattoo",English
Two Lovers,2008.0,Drama Romance,James Gray,Isabella Rossellini,Vinessa Shaw,Samantha Ivers,7.1,"jewish, love, married man, neighbor, photograph",English
Last Orders,2001.0,Drama,Fred Schepisi,Bob Hoskins,Ray Winstone,JJ Feild,7.0,"ashes, butcher, friend, friendship, memory",English
The Host,2006.0,Comedy Drama Horror Sci-Fi,Joon-ho Bong,Doona Bae,Kang-ho Song,Ah-sung Ko,7.0,"daughter, han river, monster, river, seoul",Korean
The Pursuit of D.B. Cooper,1981.0,Adventure Crime Thriller,Roger Spottiswoode,Robert Duvall,Treat Williams,Paul Gleason,5.7,"escape, jumping from an airplane, money, parachute, ransom",English
Ravenous,1999.0,Fantasy Horror Thriller,Antonia Bird,Jeremy Davies,Jeffrey Jones,David Arquette,7.1,"based on true story, cannibalism, captain, mexican american war, u.s. frontier",English
Charlie Bartlett,2007.0,Comedy Drama Romance,Jon Poll,Robert Downey Jr.,Megan Park,Hope Davis,7.0,"drugs, high school, prescription drugs, private school, student",English
The Great Beauty,2013.0,Drama,Paolo Sorrentino,Toni Servillo,Sabrina Ferilli,Serena Grandi,7.7,"genitalia, male frontal nudity, male nudity, old age, party",Italian
The Dangerous Lives of Altar Boys,2002.0,Comedy Drama,Peter Care,Kieran Culkin,Michael Harding,Jake Richardson,7.1,"book, boy, catholic, comic book, friend",English
Stoker,2013.0,Drama Thriller,Chan-wook Park,Mia Wasikowska,Alden Ehrenreich,Harmony Korine,6.8,"death, hitchcockian, psychopath, sociopath, vomiting",English
2046,2004.0,Drama Romance Sci-Fi,Kar-Wai Wong,Li Gong,Tony Chiu Wai Leung,Maggie Cheung,7.5,"number in title, train, woman slaps a man, woman slaps man, written by director",Cantonese
Married Life,2007.0,Crime Drama Romance,Ira Sachs,David Richmond-Peck,Erin Boyes,Timothy Webber,6.3,"bachelor, best friend, divorce, poison, widow",English
Duma,2005.0,Adventure Drama Family,Carroll Ballard,Eamonn Walker,Hope Davis,Campbell Scott,7.3,"africa, bed, boy, cheetah, south africa",English
Ondine,2009.0,Drama Mystery Romance,Neil Jordan,Tony Curran,Stephen Rea,Alicja Bachleda,6.8,"celtic mythology, cottage, fisherman, irish, selkie",English
Brother,2000.0,Crime Drama Thriller,Takeshi Kitano,Omar Epps,Tatyana Ali,James Shigeta,7.2,"gang, gangster, subjective camera, written and directed by cast member, yakuza",English
Welcome to Collinwood,2002.0,Comedy Crime,Anthony Russo,Michael Jeter,Isaiah Washington,Andy Davoli,6.4,"boxing knockout, heist, implied sex, keys, prison",English
Critical Care,1997.0,Comedy Drama,Sidney Lumet,Kyra Sedgwick,Anne Bancroft,Albert Brooks,6.0,"half sister, hospital, latex gloves, medicine, nun",English
The Life Before Her Eyes,2007.0,Drama Mystery Thriller,Vadim Perelman,Eva Amurri Martino,Lynn Cohen,Brett Cullen,6.4,"best friend, nonlinear timeline, school shooting, self sacrifice, shooting",English
Darling Companion,2012.0,Comedy Drama Romance,Lawrence Kasdan,Dianne Wiest,Mark Duplass,Sam Shepard,5.1,"dog, marriage, search, wedding, woods",English
Trade,2007.0,Crime Drama Thriller,Marco Kreuzpaintner,Zack Ward,Kate del Castillo,Alicja Bachleda,7.5,"friend, girl, mexico city, new jersey, sex",English
Fateless,2005.0,Drama Romance War,Lajos Koltai,Marcell Nagy,Péter Fancsikai,Bálint Péntek,7.1,"bus, death, gay slur, hatred, jewish",Hungarian
Breakfast of Champions,1999.0,Comedy,Alan Rudolph,Bruce Willis,Albert Finney,Omar Epps,4.6,"breakfast, manitoba, science fiction writer, suicide, writer",English
"A Woman, a Gun and a Noodle Shop",2009.0,Comedy Drama,Yimou Zhang,Honglei Sun,Ni Yan,Dahong Ni,5.7,"betrayal, husband wife relationship, murder, noodles, salary",Mandarin
Cypher,2002.0,Mystery Romance Sci-Fi Thriller,Vincenzo Natali,David Hewlett,Jeremy Northam,Kari Matchett,6.8,"brainwashing, corporate espionage, spy, suburb, surprise ending",English
City of Life and Death,2009.0,Drama History War,Chuan Lu,Ye Liu,Yuanyuan Gao,Ryu Kohata,7.7,"atrocity, battle, chinese, horseback riding, martial arts",Mandarin
Home,2015.0,Adventure Animation Comedy Family Fantasy Sci-Fi,Tim Johnson,Jim Parsons,Matt Jones,April Winchell,6.7,"alien friendship, alien invasion, australia, flying car, mother daughter relationship",English
Legend of Kung Fu Rabbit,2011.0,Action Adventure Animation Comedy Family,Lijun Sun,Jon Heder,Tom Arnold,Rebecca Black,3.2,"anthropomorphic animal, china, furry, rabbit",Mandarin
Space Battleship Yamato,2010.0,Action Adventure Drama Sci-Fi,Takashi Yamazaki,Takuya Kimura,Meisa Kuroki,Hiroyuki Ikeuchi,6.1,"alien, battleship, message, radiation, yamato",Japanese
5 Days of War,2011.0,Action Drama War,Renny Harlin,Richard Coyle,Kenneth Cranham,Ana Imnadze,5.6,"cameraman, epic battle, journalist, south ossetia, street shootout",English
Triangle,2009.0,Fantasy Mystery Thriller,Christopher Smith,Rachael Carpani,Michael Dorman,Emma Lung,6.9,"deja vu, lost at sea, ship, time loop, trapped in a time loop",English
Heaven Is for Real,2014.0,Biography Drama,Randall Wallace,Jacob Vargas,Connor Corum,Rob Moran,5.8,"based on true story, christ, christian, near death experience, pastor",English
Snatch,2000.0,Comedy Crime,Guy Ritchie,Jason Statham,Brad Pitt,Jason Flemyng,8.3,"boxer, boxing, diamond, fight, gypsy",English
Pet Sematary,1989.0,Fantasy Horror,Mary Lambert,Miko Hughes,Fred Gwynne,Denise Crosby,6.6,"cat, cemetery, maine, secret, woods",English
Madadayo,1993.0,Drama,Akira Kurosawa,Tatsuo Matsumura,Tetsu Watanabe,Akira Terao,7.5,"air raid, beer, birthday, japan, professor",Japanese
The Cry of the Owl,2009.0,Drama Thriller,Jamie Thraves,Paddy Considine,Caroline Dhavernas,Charlotte Sullivan,6.0,"isolated house, promotion, river, small town, stalking",English
Gremlins,1984.0,Comedy Fantasy Horror,Joe Dante,Phoebe Cates,Harry Carey Jr.,Zach Galligan,7.2,"bright light, midnight, pet, small town, water",English
Star Wars: Episode IV - A New Hope,1977.0,Action Adventure Fantasy Sci-Fi,George Lucas,Harrison Ford,Peter Cushing,Kenny Baker,8.7,"death star, empire, galactic war, princess, rebellion",English
Dirty Grandpa,2016.0,Comedy,Dan Mazer,Robert De Niro,Zoey Deutch,Jason Mantzoukas,6.0,"female removes her clothes, fondling, voyeur, voyeurism, white panties",English
Doctor Zhivago,1965.0,Drama Romance War,David Lean,Julie Christie,Klaus Kinski,Geraldine Chaplin,8.0,"bolshevik, poet, poetry, russia, russian revolution",English
Trash,2014.0,Adventure Crime Drama Mystery Thriller,Stephen Daldry,Wagner Moura,Selton Mello,Daniel Zettel,7.2,"bible, key, poverty, slum, wallet",Portuguese
High School Musical 3: Senior Year,2008.0,Comedy Drama Family Music Musical Romance,Kenny Ortega,Lucas Grabeel,Matt Prokop,Corbin Bleu,4.5,"basketball, curtain call, graduation, high school, high school senior",English
The Fighter,2010.0,Biography Drama Sport,David O. Russell,Christian Bale,Jack McGee,Melissa McMeekin,7.9,"boxer, boxing, boxing match, crack cocaine, lowell massachusetts",English
Jackass Number Two,2006.0,Action Comedy Documentary,Jeff Tremaine,Bam Margera,Steve-O,Chris Pontius,7.1,"blindfold, male frontal nudity, male rear nudity, pubic hair, vomiting",English
My Cousin Vinny,1992.0,Comedy Crime,Jonathan Lynn,Fred Gwynne,Bruce McGill,Lane Smith,7.5,"alabama, jail, judicial system, lawyer, trial",English
If I Stay,2014.0,Drama Fantasy Music Romance,R.J. Cutler,Chloë Grace Moretz,Mireille Enos,Stacy Keach,6.8,"car accident, coma, out of body experience, reference to the exploited, teenage girl",English
Major League,1989.0,Comedy Sport,David S. Ward,Corbin Bernsen,Tom Berenger,Rene Russo,7.2,"cleveland indians, league, manager, owner, team",English
St. Trinian's,2007.0,Comedy,Oliver Parker,Lily Cole,Rupert Everett,Tamsin Egerton,5.8,"2000s, female protagonist, reward, school, st trinian's",English
Phone Booth,2002.0,Crime Thriller,Joel Schumacher,Radha Mitchell,John Enos III,Richard T. Jones,7.1,"phone booth, publicist, single set production, sniper, sniper rifle",English
A Walk to Remember,2002.0,Drama Romance,Adam Shankman,Lauren German,Peter Coyote,Paz de la Huerta,7.4,"community service, love, punishment, school, student",English
Dead Man Walking,1995.0,Crime Drama,Tim Robbins,Lois Smith,Celia Weston,Robert Prosky,7.6,"death, execution, nun, solitary confinement, visit",English
Cruel Intentions,1999.0,Drama Romance,Roger Kumble,Sarah Michelle Gellar,Sean Patrick Thomas,Eric Mabius,6.9,"bet, revenge, seduction, virgin, wager",English
Saw VI,2009.0,Horror Mystery,Kevin Greutert,Costas Mandylor,Shawnee Smith,George Newbern,6.0,"deception, flash photography, game of death, jigsaw, pig mask",English
History of the World: Part I,1981.0,Comedy,Mel Brooks,Madeline Kahn,Sid Caesar,Dom DeLuise,6.9,"french revolution, old testament, part of an unfinished series, reference to john wayne, roman emperor",English
The Secret Life of Bees,2008.0,Drama,Gina Prince-Bythewood,Nate Parker,Alicia Keys,Jennifer Hudson,7.3,"beekeeping, insect in title, racism, sister, south carolina",English
Corky Romano,2001.0,Comedy Crime,Rob Pritts,Vincent Pastore,Vinessa Shaw,Peter Berg,4.6,"fbi, mafia, mobster, undercover, veterinarian",English
Raising Cain,1992.0,Crime Drama Thriller,Brian De Palma,Steven Bauer,Gabrielle Carteris,Gregg Henry,6.0,"hitchcockian, long tracking shot, psychologist, psychology, wig",English
F.I.S.T.,1978.0,Drama,Norman Jewison,Sylvester Stallone,Peter Boyle,Rod Steiger,6.4,"1930s, driving through a gate, funeral, senator, trade union",English
Invaders from Mars,1986.0,Horror Sci-Fi,Tobe Hooper,Louise Fletcher,Bud Cort,William Bassett,5.5,"alien, boy, nurse, school, school nurse",English
Brooklyn,2015.0,Drama Romance,John Crowley,Julie Walters,Fiona Glascott,Eva Birthistle,7.5,"1950s, immigrant, irish, irish accent, torn between two worlds",English
Barry Lyndon,1975.0,Adventure Drama History War,Stanley Kubrick,Ryan O'Neal,Steven Berkoff,Hardy Krüger,8.1,"18th century, england, rise and fall, rural setting, wealth",English
Out Cold,2001.0,Comedy Sport,Brendan Malloy,Lee Majors,Jason London,Thomas Lennon,6.3,"alaska, mountain, ski resort, snowboard, snowboarding",English
The Ladies Man,2000.0,Comedy,Reginald Hudlin,Will Ferrell,John Witherspoon,Tim Meadows,5.1,"black pantyhose, female stockinged legs, pantyhose, radio, tattoo",English
Quartet,2012.0,Comedy Drama,Dustin Hoffman,Luke Newberry,Sheridan Smith,Pauline Collins,6.8,"divorced couple, opera, reference to giuseppe verdi, retirement, senility",English
Tomcats,2001.0,Comedy,Gregory Poirier,Shannon Elizabeth,Jake Busey,David Ogden Stiers,5.3,"box office flop, critically bashed, dominatrix, friend, money",English
Frailty,2001.0,Crime Drama Thriller,Bill Paxton,Matthew McConaughey,Powers Boothe,Matt O'Leary,7.3,"demon, fbi, fbi agent, murder, religious fanatic",English
Woman in Gold,2015.0,Biography Drama History,Simon Curtis,Ryan Reynolds,Frances Fisher,Elizabeth McGovern,7.3,"art, jewish, justice, nazi, theft",English
Kinsey,2004.0,Biography Drama,Bill Condon,Liam Neeson,Oliver Platt,Dylan Baker,7.1,"professor, research, sex, sexuality, student",English
Army of Darkness,1992.0,Comedy Fantasy Horror,Sam Raimi,Patricia Tallman,Bridget Fonda,Embeth Davidtz,7.6,"army of the dead, battle, necronomicon, reluctant hero, skeleton soldier",English
Slackers,2002.0,Comedy Romance,Dewey Nicks,Jaime King,Gedde Watanabe,Jim Rash,5.3,"blackmail, fall, love, nerd, scam",English
What's Eating Gilbert Grape,1993.0,Drama Romance,Lasse Hallström,Johnny Depp,Leonardo DiCaprio,Kevin Tighe,7.8,"apostrophe in title, face slap, four word title, grocery store, police",English
The Visual Bible: The Gospel of John,2003.0,Biography Drama History,Philip Saville,Henry Ian Cusick,Alan Van Sprang,Scott Handy,7.7,"1st century, based on the bible, miracle, religion, resurrection",English
Vera Drake,2004.0,Crime Drama,Mike Leigh,Eddie Marsan,Sally Hawkins,Imelda Staunton,7.7,"1950s, miscarriage, neighbor, pregnancy, tailor",English
The Guru,2002.0,Comedy Music Romance,Daisy von Scherler Mayer,Michael McKean,Dash Mihok,Jimi Mistry,5.4,"bollywood, illegal immigrant, live television, restaurant, waiter",English
The Perez Family,1995.0,Comedy Drama Romance,Mira Nair,Anjelica Huston,Chazz Palminteri,Vincent Gallo,6.2,"immigration, love, political prisoner, reference to john wayne, title directed by female",English
Inside Llewyn Davis,2013.0,Drama Music,Ethan Coen,Justin Timberlake,Max Casella,Alex Karpovsky,7.4,"1960s, car hitting an animal, folk singer, friend, singer",English
O,2001.0,Drama Romance Thriller,Tim Blake Nelson,Mekhi Phifer,Andrew Keegan,John Heard,6.2,"basketball, basketball player, boarding school, love, shakespeare's othello",English
Return to the Blue Lagoon,1991.0,Adventure Drama Romance,William A. Graham,Milla Jovovich,Wayne Pygram,Lisa Pelikan,5.1,"baby, desert island, island, sequel, teenage girl",English
The Molly Maguires,1970.0,Drama History,Martin Ritt,Frank Finlay,Anthony Zerbe,Samantha Eggar,6.9,"coal, detective, irish, irish immigrant, pennsylvania",English
Romance & Cigarettes,2005.0,Comedy Musical Romance,John Turturro,Kate Winslet,Steve Buscemi,Eddie Izzard,6.3,"anal sex, death, dream, poem, sex",English
Copying Beethoven,2006.0,Biography Drama Music,Agnieszka Holland,Phyllida Law,David Kennedy,Angus Barnett,6.8,"music copyist, music student, musical composition, student, symphony",English
Poltergeist,1982.0,Fantasy Horror,Tobe Hooper,Heather O'Rourke,Zelda Rubinstein,Craig T. Nelson,7.4,"ghost, haunted, haunting, house, paranormal investigator",English
Brighton Rock,2010.0,Crime Drama Thriller,Rowan Joffe,Sam Riley,Sean Harris,Geoff Bell,5.7,"brighton, catholic, gang, prayer, waitress",English
Saw V,2008.0,Horror Mystery,David Hackl,Julie Benz,Costas Mandylor,Scott Patterson,5.8,"blood splatter, jigsaw, nazi, serial killer, swastika tattoo",English
Machine Gun McCain,1969.0,Crime Drama Thriller,Giuliano Montaldo,John Cassavetes,Gena Rowlands,Britt Ekland,6.2,"casino, gang violence, robbery, suicide, violence",English
LOL,2012.0,Comedy Drama Romance,Lisa Azuelos,Nora Dunn,Lina Esco,Alix Freihage,4.3,"best friend, girl in panties, high school, high school romance, pink panties",English
Jindabyne,2006.0,Crime Drama Mystery Thriller,Ray Lawrence,John Howard,Deborra-Lee Furness,Max Cullen,6.4,"camp, fishing, fishing trip, river, town",English
Kabhi Alvida Naa Kehna,2006.0,Drama,Karan Johar,Shah Rukh Khan,John Abraham,Preity Zinta,6.0,"extramarital affair, fashion magazine editor, marriage, new york, teacher",Hindi
An Ideal Husband,1999.0,Comedy Romance,Oliver Parker,Minnie Driver,Rupert Everett,Jeremy Northam,6.9,"bachelor, blackmail, character says i love you, flirting, social satire",English
The Last Days on Mars,2013.0,Horror Sci-Fi Thriller,Ruairi Robinson,Romola Garai,Olivia Williams,Tom Cullen,5.5,"alien infection, astronaut, mars, mission, zombie",English
Darkness,2002.0,Horror,Jaume Balagueró,Lena Olin,Giancarlo Giannini,Francesc Pagès,5.4,"9 year old, blood, gramophone, house, missing children",English
2001: A Space Odyssey,1968.0,Adventure Mystery Sci-Fi,Stanley Kubrick,Keir Dullea,Gary Lockwood,Glenn Beck,8.3,"ancient astronaut, famous line, message from outer space, monolith, star child",English
E.T. the Extra-Terrestrial,1982.0,Family Sci-Fi,Steven Spielberg,Henry Thomas,Dee Wallace,Peter Coyote,7.9,"bicyclist, boy, doll, star wars reference, voice impersonation",English
In the Land of Women,2007.0,Comedy Drama Romance,Jon Kasdan,Kristen Stewart,Elena Anaya,Dustin Milligan,6.5,"actress, love, michigan, neighbor, writer",English
The Blue Butterfly,2004.0,Adventure Drama,Léa Pool,William Hurt,Marc Donato,Raoul Max Trujillo,6.3,"butterfly, entomologist, morpho butterfly, rain, rain forest",English
There Goes My Baby,1994.0,Comedy Drama,Floyd Mutrux,Ricky Schroder,Kelli Williams,Seymour Cassel,6.4,"high school, love, police, showdown, surfer",English
Housefull,2010.0,Comedy,Sajid Khan,Arjun Rampal,Boman Irani,Riteish Deshmukh,5.3,"bad luck, casino, lie, mix up, stutter",Hindi
For Greater Glory: The True Story of Cristiada,2012.0,Drama History War,Dean Wright,Santiago Cabrera,Eduardo Verástegui,Catalina Sandino Moreno,6.6,"catholic, hanging, mexico, rebellion, soldier",Spanish
La Famille Bélier,2014.0,Comedy Drama Music,Eric Lartigau,Karin Viard,Eric Elmosnino,François Damiens,7.4,"audition, deaf, family relationships, love, singing",French
Good Will Hunting,1997.0,Drama,Gus Van Sant,Robin Williams,Matt Damon,Minnie Driver,8.3,"friend, genius, janitor, loss of wife, professor",English
Misconduct,2016.0,Drama Thriller,Shintaro Shimosawa,Al Pacino,Anthony Hopkins,Glen Powell,5.3,"black panties, lust, sexual attraction, voyeur, voyeurism",English
Saw III,2006.0,Horror Mystery,Darren Lynn Bousman,Costas Mandylor,Shawnee Smith,Leigh Whannell,6.2,"brutality, female full frontal nudity, female nudity, torture, trap",English
Stripes,1981.0,Action Comedy War,Ivan Reitman,Bill Murray,Harold Ramis,Judge Reinhold,6.9,"army, boot camp, breasts, graduation, rescue",English
Bring It On,2000.0,Comedy Sport,Peyton Reed,Kirsten Dunst,Lindsay Sloane,Clare Kramer,5.9,"championship, cheerleading, high school, teen comedy, teenage romance",English
The Purge: Election Year,2016.0,Action Horror Sci-Fi Thriller,James DeMonaco,Frank Grillo,Joseph Julian Soria,Mykelti Williamson,6.1,"cathedral, minister, presidential election, reference to george washington, ritual sacrifice",English
She's All That,1999.0,Comedy Romance,Robert Iscove,Paul Walker,Clea DuVall,Kieran Culkin,5.8,"bet, friend, high school, prom, prom queen",English
Precious,2009.0,Drama,Lee Daniels,Mo'Nique,Gabourey Sidibe,Mariah Carey,7.3,"abuse, african american lesbian, lesbian, lesbian couple, school",English
Saw IV,2007.0,Horror Mystery,Darren Lynn Bousman,Costas Mandylor,Shawnee Smith,Angus Macfadyen,5.9,"detective, fbi, rape, rapist, serial rapist",English
White Noise,2005.0,Drama Horror Mystery Thriller,Geoffrey Sax,Deborah Kara Unger,Keegan Connor Tracy,Mike Dopud,5.5,"architect, grave, obsession, river, voice",English
Madea's Family Reunion,2006.0,Comedy Drama Romance,Tyler Perry,Boris Kodjoe,Cicely Tyson,Blair Underwood,5.0,"cross dressing, family reunion, madea series, reflective, sister sister relationship",English
The Color of Money,1986.0,Drama Sport,Martin Scorsese,Tom Cruise,Bill Cobbs,Mary Elizabeth Mastrantonio,7.0,"hustler, losing, pool, pool player, tournament",English
The Longest Day,1962.0,Action Drama History War,Ken Annakin,Richard Burton,Richard Beymer,Eddie Albert,7.8,"allies, d day, invasion, normandy, world war two",English
The Mighty Ducks,1992.0,Comedy Drama Family Sport,Stephen Herek,Lane Smith,Shaun Weiss,Elden Henson,6.4,"coach, hockey team, lawyer, respect, team",English
The Grudge,2004.0,Horror Mystery Thriller,Takashi Shimizu,Sarah Michelle Gellar,Clea DuVall,Ted Raimi,5.9,"american, curse, japan, nurse, rage",English
Happy Gilmore,1996.0,Comedy Sport,Dennis Dugan,Adam Sandler,Kevin Nealon,Frances Bay,7.0,"golf, golf ball, golfer, grandmother's house, tournament",English
Jeepers Creepers,2001.0,Horror Mystery,Victor Salva,Eileen Brennan,Patricia Belcher,Jonathan Breck,6.1,"demon, gore, record player, tattoo, wings",English
Bill & Ted's Excellent Adventure,1989.0,Adventure Comedy Music Sci-Fi,Stephen Herek,Keanu Reeves,George Carlin,Al Leong,6.9,"failing student, high school, payphone, teenager, telephone booth",English
Oliver!,1968.0,Drama Family Musical,Carol Reed,Oliver Reed,Ron Moody,Jack Wild,7.5,"abuse, child, orphan, orphanage, pickpocket",English
The Best Exotic Marigold Hotel,2011.0,Comedy Drama,John Madden,Tom Wilkinson,Penelope Wilton,Celia Imrie,7.3,"hotel, india, marigold, retiree, retirement",English
Recess: School's Out,2001.0,Animation Comedy Family Mystery Sci-Fi,Chuck Sheetz,Diedrich Bader,Andrew Lawrence,Dabney Coleman,6.5,"friend, principal, summer, summer camp, summer vacation",English
Mad Max Beyond Thunderdome,1985.0,Action Adventure Sci-Fi Thriller,George Miller,Tina Turner,Bruce Spence,Angelo Rossitto,6.2,"arena, desert, fight, mad max, post apocalypse",English
Commando,1985.0,Action Adventure Thriller,Mark L. Lester,Bill Duke,Vernon Wells,Rae Dawn Chong,6.7,"body count, dictator, jumping from an airplane, knife fight, one man army",English
The Boy,2016.0,Horror Mystery Thriller,William Brent Bell,Lauren Cohan,Rupert Evans,Stephanie Lemelin,6.0,"animate doll, doll, england, nanny, surprise ending",English
Devil,2010.0,Horror Mystery Thriller,John Erick Dowdle,Bojana Novakovic,Bokeem Woodbine,Geoffrey Arend,6.3,"devil, elevator, hit and run, throat slitting, trapped in an elevator",English
Friday After Next,2002.0,Comedy Drama,Marcus Raboy,John Witherspoon,Mike Epps,Katt Williams,5.8,"apartment, christmas, christmas present, rent, security guard",English
Insidious: Chapter 3,2015.0,Fantasy Horror Thriller,Leigh Whannell,Lin Shaye,Hayley Kiyoko,Leigh Whannell,6.1,"demon, possession, psychic, supernatural, teenager",English
The Last Dragon,1985.0,Action Comedy Drama Music,Michael Schultz,Mike Starr,Vanity,Keshia Knight Pulliam,6.9,"cult film, kung fu, kung fu classic, martial arts, title spoken by character",English
Snatch,2000.0,Comedy Crime,Guy Ritchie,Jason Statham,Brad Pitt,Jason Flemyng,8.3,"boxer, boxing, diamond, fight, gypsy",English
The Lawnmower Man,1992.0,Horror Sci-Fi,Brett Leonard,Jeff Fahey,Austin O'Brien,Troy Evans,5.4,"intelligence, science runs amok, scientist, supernatural power, virtual reality",English
Nick and Norah's Infinite Playlist,2008.0,Comedy Drama Music Romance,Peter Sollett,Ari Graynor,Alexis Dziena,Aaron Yoo,6.7,"band, gay, gay friend, love, night",English
Dogma,1999.0,Adventure Comedy Drama Fantasy,Kevin Smith,Matt Damon,Janeane Garofalo,George Carlin,7.4,"abortion, abortion clinic, angel, church, clinic",English
The Banger Sisters,2002.0,Comedy Drama,Bob Dolman,Erika Christensen,Eva Amurri Martino,Sal Lopez,5.6,"bartender, groupie, lawyer, road trip, writer",English
Twilight Zone: The Movie,1983.0,Fantasy Horror Sci-Fi,Joe Dante,Albert Brooks,Al Leong,Vic Morrow,6.5,"1940s, 1960s, bar, kick the can, remake",English
Road House,1989.0,Action Thriller,Rowdy Herrington,Ben Gazzara,Kevin Tighe,Kelly Lynch,6.5,"bikini, cult film, fired from the job, martial arts, violence",English
A Low Down Dirty Shame,1994.0,Action Comedy Crime,Keenen Ivory Wayans,Jada Pinkett Smith,Salli Richardson-Whitfield,Charles S. Dutton,5.8,"drugs, ex cop, gun fu, machismo, shootout",English
Swimfan,2002.0,Drama Thriller,John Polson,Erika Christensen,Shiri Appleby,Jason Ritter,5.0,"high school, hospital, new jersey, stanford university, swimming",English
Employee of the Month,2006.0,Comedy Romance,Greg Coolidge,Dane Cook,Danny Woodburn,Jessica Simpson,5.5,"competition, date, employee, laser in eyes, slacker",English
Can't Hardly Wait,1998.0,Comedy Romance,Harry Elfont,Ethan Embry,Lauren Ambrose,Charlie Korsmo,6.5,"graduation, high school, letter, nerd, party",English
The Outsiders,1983.0,Crime Drama,Francis Ford Coppola,Tom Cruise,William Smith,Tom Waits,7.2,"dysfunctional family, gang, greaser, holding someone's head underwater, rivalry",English
The Dead Zone,1983.0,Horror Sci-Fi Thriller,David Cronenberg,Tom Skerritt,Herbert Lom,Anthony Zerbe,7.2,"car accident, coma, evil politician, psychic, vision",English
Sinister 2,2015.0,Horror Mystery Thriller,Ciarán Foy,Laila Haley,James Ransone,Jaden Klein,5.2,"deputy, farmhouse, nightmare, private investigator, rural",English
Sparkle,2012.0,Drama Music,Salim Akil,Omari Hardwick,Curtis Armstrong,Mike Epps,5.7,"1960s, death, girl group, nightclub, sister",English
Valentine,2001.0,Horror Mystery Thriller,Jamie Blanks,Marley Shelton,Jessica Capshaw,Johnny Whitworth,4.7,"dance, nosebleed, revenge, valentine, valentine's day",English
The Fourth Kind,2009.0,Mystery Sci-Fi Thriller,Olatunde Osunsanmi,Milla Jovovich,Will Patton,Hakeem Kae-Kazim,5.9,"abduction, alaska, alien, owl, patient",English
A Prairie Home Companion,2006.0,Comedy Drama Music,Robert Altman,Meryl Streep,Virginia Madsen,Lily Tomlin,6.8,"backstage, country music, cowboy, radio, singing",English
Sugar Hill,1993.0,Drama Thriller,Leon Ichaso,Khandi Alexander,Clarence Williams III,Steve Harris,5.9,"african american, harlem manhattan new york city, manhattan new york city, new york city, urination",English
Invasion U.S.A.,1985.0,Action Thriller,Joseph Zito,Billy Drago,Richard Lynch,Eddie Jones,5.3,"army, nightmare, one man army, rescue, spy",English
Roll Bounce,2005.0,Comedy Drama Music Romance,Malcolm D. Lee,Jurnee Smollett-Bell,Brandon T. Jackson,Shad Moss,6.0,"1970s, boy, competition, roller skates, tubesocks",English
Rushmore,1998.0,Comedy Drama,Wes Anderson,Bill Murray,Connie Nielsen,Olivia Williams,7.7,"coming of age, friendship, private school, student, teacher",English
Skyline,2010.0,Action Sci-Fi Thriller,Colin Strause,David Zayas,Donald Faison,Brittany Daniel,4.4,"apartment, blue light, drawing, group of friends, light",English
The Second Best Exotic Marigold Hotel,2015.0,Comedy Drama,John Madden,Tina Desai,Celia Imrie,Ronald Pickup,6.6,sequel,English
Kit Kittredge: An American Girl,2008.0,Drama Family,Patricia Rozema,Julia Ormond,Jane Krakowski,Willow Smith,6.7,"boarding house, girl, great depression, house, ohio",English
The Perfect Man,2005.0,Comedy Family Romance,Mark Rosman,Ben Feldman,Chris Noth,Vanessa Lengies,5.5,"e mail, moving, perfect man, secret admirer, suitor",English
Mo' Better Blues,1990.0,Drama Music Romance,Spike Lee,Denzel Washington,Nicholas Turturro,Charlie Murphy,6.5,"comeback, friend, jazz, stage, trumpet",English
Kung Pow: Enter the Fist,2002.0,Action Comedy,Steve Oedekerk,Steve Oedekerk,Simon Rhee,Jennifer Tung,6.2,"chosen one, comic violence, intentionally bad, kung fu, stylized violence",English
Tremors,1990.0,Comedy Horror Sci-Fi,Ron Underwood,Reba McEntire,Ariana Richards,Michael Gross,7.1,"desert, giant worm, monster, pipe bomb, small town",English
Wrong Turn,2003.0,Horror Thriller,Rob Schmidt,Kevin Zegers,Lindy Booth,Julian Richings,6.1,"forest, mountain, road, stupid victim, west virginia",English
The Long Riders,1980.0,Western,Walter Hill,Dennis Quaid,David Carradine,Randy Quaid,7.1,"bank, breasts, famous score, last man standing, revenge",English
The Corruptor,1999.0,Action Crime Drama Mystery Thriller,James Foley,Byron Mann,Paul Ben-Victor,Kim Chan,6.0,"chinatown, illegal immigrant, new york, police, triad",English
Mud,2012.0,Drama,Jeff Nichols,Matthew McConaughey,Tye Sheridan,Sam Shepard,7.4,"14 year old, boat, bounty hunter, boy, river",English
Reno 911!: Miami,2007.0,Comedy Crime,Robert Ben Garant,Wendi McLendon-Covey,Thomas Lennon,Carlos Alazraqui,5.9,"beach, police, sex scene, spring break, vomiting",English
One Direction: This Is Us,2013.0,Documentary Music,Morgan Spurlock,Harry Styles,Zayn Malik,Niall Horan,4.1,"3 dimensional, concert footage, englishman abroad, reference to keith richards, reference to the doors",English
"The Goods: Live Hard, Sell Hard",2009.0,Comedy,Neal Brennan,Rob Riggle,Noureen DeWulf,Charles Napier,5.8,"fourth of july, looking at one's self in a mirror, mirror, sex toy, young version of character",English
Hey Arnold! The Movie,2002.0,Adventure Animation Comedy Family,Tuck Tucker,Jennifer Jason Leigh,Vincent Schiavelli,Paul Sorvino,5.9,"castle thunder, document, neighborhood, punctuation in title, villain arrested",English
My Week with Marilyn,2011.0,Biography Drama,Simon Curtis,Eddie Redmayne,Toby Jones,Julia Ormond,7.0,"actress, assistant director, blonde bombshell, movie star, wardrobe",English
The Matador,2005.0,Comedy Crime Drama Thriller,Richard Shepard,Adam Scott,Philip Baker Hall,Hope Davis,6.8,"bar, hitman, luck, mexico, mexico city",English
Love Jones,1997.0,Drama Romance,Theodore Witcher,Leonard Roberts,Nia Long,Larenz Tate,7.4,"african american, cult film, ex boyfriend, middle class, sex",English
The Gift,2015.0,Mystery Thriller,Joel Edgerton,Busy Philipps,Allison Tolman,Wendell Pierce,7.1,"compulsive liar, fired from a job, gift, rape, substance abuse",English
End of the Spear,2005.0,Adventure Drama,Jim Hanon,Chase Ellison,Chad Allen,Jack Guzman,7.0,"death, missionary, spear, speared to death, tribe",English
Get Over It,2001.0,Comedy Romance,Tommy O'Haver,Mila Kunis,Kirsten Dunst,Carmen Electra,5.8,"basketball, dancer, high school, love triangle, shakespeare's a midsummer night's dream",English
Office Space,1999.0,Comedy,Mike Judge,Gary Cole,Stephen Root,Diedrich Bader,7.8,"boss, computer, downsizing, neighbor, office",English
Drop Dead Gorgeous,1999.0,Comedy Romance Thriller,Michael Patrick Jann,Kirsten Dunst,Kirstie Alley,Ellen Barkin,6.5,"beauty pageant, blonde, cheerleader uniform, small town, upskirt",English
Big Eyes,2014.0,Biography Crime Drama Romance,Tim Burton,Christoph Waltz,Danny Huston,Jon Polito,7.0,"1950s, abusive husband, artist, painting, secret",English
Very Bad Things,1998.0,Comedy Crime Thriller,Peter Berg,Jon Favreau,Daniel Stern,Jeanne Tripplehorn,6.3,"bachelor party, breasts, friend, prostitute, wedding",English
Sleepover,2004.0,Comedy Romance,Joe Nussbaum,Steve Carell,Alexa PenaVega,Hunter Parrish,5.3,"best friend, party, rival, scavenger hunt, sleepover",English
Body Double,1984.0,Mystery Thriller,Brian De Palma,Melanie Griffith,Dennis Franz,Gregg Henry,6.8,"actor, neighbor, police, thief, tunnel",English
MacGruber,2010.0,Action Comedy Romance,Jorma Taccone,Jasper Cole,Will Forte,Powers Boothe,5.5,"colonel, lieutenant, nuclear warhead, team, washington d.c.",English
Dirty Pretty Things,2002.0,Crime Drama Thriller,Stephen Frears,Sophie Okonedo,Benedict Wong,Sergi López,7.4,"hotel, immigrant, nigerian, surgery, underwear",English
Movie 43,2013.0,Comedy,Elizabeth Banks,Hugh Jackman,Kate Winslet,Seth MacFarlane,4.3,"awkwardness, embarrassment, gross out, irreverence, shame",English
The Tourist,2010.0,Action Romance Thriller,Florian Henckel von Donnersmarck,Johnny Depp,Angelina Jolie Pitt,Rufus Sewell,6.0,"police surveillance, surveillance van, tailing a suspect, tourist, venice italy",English
Over Her Dead Body,2008.0,Comedy Fantasy Romance,Jeff Lowell,Stephen Root,William Morgan Sheppard,Wendi McLendon-Covey,5.2,"accident, diary, ghost, psychic, veterinarian",English
Seeking a Friend for the End of the World,2012.0,Adventure Comedy Drama Romance Sci-Fi,Lorene Scafaria,Steve Carell,Mark Moses,Rob Huebel,6.7,"candle, end of the world, letter, record, road trip",English
Cedar Rapids,2011.0,Comedy,Miguel Arteta,Kurtwood Smith,Stephen Root,Alia Shawkat,6.3,"award, cedar rapids iowa, convention, hotel, insurance",English
American History X,1998.0,Crime Drama,Tony Kaye,Ethan Suplee,Beverly D'Angelo,Stacy Keach,8.6,"curb stomping, neo nazi, prison, son dislikes mother's boyfriend, white supremacist",English
The Collection,2012.0,Action Horror Thriller,Marcus Dunstan,Daniel Sharman,Johanna Braddy,Lee Tergesen,6.1,"booby trap, brainwashing, mercenary, serial killer, trap",English
Teacher's Pet,2004.0,Animation Comedy Family Fantasy Musical,Timothy Björklund,Nathan Lane,Kelsey Grammer,Jerry Stiller,5.8,"dog, florida, mad scientist, school, teacher",English
The Red Violin,1998.0,Drama Music Mystery Romance,François Girard,Johannes Silberschneider,Clotilde Mollet,Carlo Cecchi,7.7,"auction, montreal, secret, violin, violinist",French
The Straight Story,1999.0,Biography Drama,David Lynch,Sissy Spacek,Richard Farnsworth,Everett McGill,8.0,"cane, iowa, lawn mower, tractor, wisconsin",English
Deuces Wild,2002.0,Action Crime Drama,Scott Kalvert,Norman Reedus,James Franco,Frankie Muniz,5.6,"1950s, drug overdose, gang, gang war, new york city",English
Bad Words,2013.0,Comedy Drama,Jason Bateman,Beth Grant,Philip Baker Hall,Patricia Belcher,6.7,"directed by star, indian american, spelling, spelling bee, two word title",English
"Run, Fatboy, Run",2007.0,Comedy Romance Sport,David Schwimmer,Dylan Moran,Iddo Goldberg,India de Beaufort,6.6,"blister, gym, marathon, training, wedding",English
Heartbeeps,1981.0,Comedy Sci-Fi,Allan Arkush,Bernadette Peters,Randy Quaid,Christopher Guest,4.2,"escape, fish out of water, love, robot, servant",English
Black or White,2014.0,Drama,Mike Binder,Jennifer Ehle,Gillian Jacobs,Jillian Estell,6.6,color in title,English
On the Line,2001.0,Comedy Family Romance,Eric Bross,Jerry Stiller,Tamala Jones,Dave Foley,4.1,"based on short film, chicago illinois, el train, love, train",English
Rescue Dawn,2006.0,Adventure Biography Drama War,Werner Herzog,Christian Bale,Toby Huss,François Chau,7.3,"bombing, guard, jungle, laos, prisoner",English
Danny Collins,2015.0,Comedy Drama Music,Dan Fogelman,Al Pacino,Jennifer Garner,Melissa Benoist,7.1,"entertainer, inspiration, lost opportunity, pregnant mother, rock star",English
"Jeff, Who Lives at Home",2011.0,Comedy Drama,Jay Duplass,Judy Greer,Evan Ross,Rae Dawn Chong,6.5,"basement, errand, secret admirer, slacker, wrong number",English
I Am Love,2009.0,Drama Romance,Luca Guadagnino,Flavio Parenti,Waris Ahluwalia,Alba Rohrwacher,7.0,"chef, friend, italy, restaurant, russian",Italian
Atlas Shrugged II: The Strike,2012.0,Drama Mystery Sci-Fi,John Putch,Robert Picardo,Diedrich Bader,Esai Morales,5.5,"box office flop, critically bashed, government, industrialist, railroad",English
Romeo Is Bleeding,1993.0,Action Crime Drama Thriller,Peter Medak,Gary Oldman,Michael Wincott,Lena Olin,6.6,"detective, police, protection, russian, sergeant",English
The Limey,1999.0,Crime Drama Mystery Thriller,Steven Soderbergh,Peter Fonda,Lesley Ann Warren,William Lucking,7.1,"daughter, englishman, ex con, revenge, young woman",English
Crash,2004.0,Crime Drama Thriller,Paul Haggis,Don Cheadle,Loretta Devine,Jennifer Esposito,7.9,"race relations, racism, racist, social problem, stereotype",English
The House of Mirth,2000.0,Drama Romance,Terence Davies,Eric Stoltz,Anthony LaPaglia,Elizabeth McGovern,7.1,"high society, love, money, reputation, wealth",English
Malone,1987.0,Action Drama Thriller,Harley Cokeliss,Cliff Robertson,Tracey Walter,Dennis Burkley,5.6,"assassin, box office flop, cia, farmer, power",English
Peaceful Warrior,2006.0,Drama Romance Sport,Victor Salva,Scott Mechlowicz,Tim DeKay,Agnes Bruckner,7.3,"college, college athlete, comeback, gymnast, olympics",English
Bucky Larson: Born to Be a Star,2011.0,Comedy,Tom Brady,Don Johnson,Kevin Nealon,Nicholas Turturro,3.3,"diner, eating a banana, masturbation, porn star, shooting a pornographic movie",English
Bamboozled,2000.0,Comedy Drama Music,Spike Lee,Gillian White,Michael Rapaport,Jada Pinkett Smith,6.5,"actor, minstrel show, protest, success, writer",English
The Forest,2016.0,Horror Mystery Thriller,Jason Zada,Eoin Macken,Stephanie Vogt,Gen Seto,4.8,"forest, japan, suicide, suicide forest, supernatural",English
Sphinx,1981.0,Adventure Mystery Thriller,Franklin J. Schaffner,Frank Langella,William Hootkins,John Gielgud,5.2,"bat, curse, egyptologist, mummy, murder",English
While We're Young,2014.0,Comedy Drama,Noah Baumbach,Naomi Watts,Maria Dizzia,Dree Hemingway,6.3,"documentary filmmaker, documentary filmmaking, father in law, generation z, hipster",English
A Better Life,2011.0,Drama Romance,Chris Weitz,Demián Bichir,Eddie 'Piolin' Sotelo,Robert Peters,7.2,"gang, gardener, money, police, truck",English
Spider,2002.0,Drama Mystery Thriller,David Cronenberg,Miranda Richardson,John Neville,Lynn Redgrave,6.8,"halfway house, key, reality, schizophrenia, spider",English
Gun Shy,2000.0,Comedy Crime Romance,Eric Blakeney,Liam Neeson,Oliver Platt,Mitch Pileggi,5.7,"colombian, enema, group therapy, murder, nurse",English
Nicholas Nickleby,2002.0,Drama Romance,Douglas McGrath,Charlie Hunnam,Anne Hathaway,Jim Broadbent,7.2,"boy, boys' school, death, friend, orphan",English
The Iceman,2012.0,Biography Crime Drama,Ariel Vromen,Chris Evans,James Franco,Robert Davi,6.9,"based on true story, contract killer, crime family, murder of a girl, serial murderer",English
Krrish,2006.0,Action Adventure Romance Sci-Fi,Rakesh Roshan,Naseeruddin Shah,Rekha,Sharat Saxena,6.3,"breaking the fourth wall, breaking the fourth wall by talking to the audience, computer, mask, singapore",Hindi
Cecil B. DeMented,2000.0,Comedy Crime Thriller,John Waters,Alicia Witt,Melanie Griffith,Kevin Nealon,6.2,"actress, drive in, female protagonist, movie star, woman shot in the forehead",English
Killer Joe,2011.0,Crime Drama Romance Thriller,William Friedkin,Matthew McConaughey,Scott A. Martin,Carol Sutton,6.7,"female nudity, female pubic hair, lingerie, neo noir, pubic hair",English
The Joneses,2009.0,Comedy Drama,Derrick Borte,Demi Moore,Gary Cole,Robert Pralgo,6.5,"envy, fake family, gadget, materialism, unhappy marriage",English
Owning Mahowny,2003.0,Crime Drama Thriller,Richard Kwietniowski,Philip Seymour Hoffman,Minnie Driver,Maury Chaykin,7.2,"bank, bank fraud, bank manager, gambling, toronto",English
The Brothers Solomon,2007.0,Comedy,Bob Odenkirk,Jenna Fischer,Lee Majors,Will Forte,5.3,"antarctica, coma, neighbor, phd, pregnancy",English
My Blueberry Nights,2007.0,Drama Romance,Kar-Wai Wong,Natalie Portman,Norah Jones,Adriane Lenox,6.7,"blueberry pie, diner, nevada, new york city, pie",English
Illuminata,1998.0,Drama,John Turturro,Beverly D'Angelo,Ben Gazzara,George DiCenzo,6.2,"critic, new york, new york city, playwright, theater critic",English
Swept Away,2002.0,Comedy Romance,Guy Ritchie,Bruce Greenwood,Jeanne Tripplehorn,David Thornton,3.6,"island, sailor, storm, stranded, vacation",English
"War, Inc.",2008.0,Action Comedy Thriller,Joshua Seftel,Bashar Rahal,Sergej Trifunovic,Ned Bellamy,5.7,"assassin, corporation, pop star, reporter, satire",English
Shaolin Soccer,2001.0,Action Comedy Sport,Stephen Chow,Wei Zhao,Karen Mok,Kwok-Kwan Chan,7.3,"cult film, kung fu, martial arts, shaolin, soccer",Cantonese
The Brown Bunny,2003.0,Drama,Vincent Gallo,Vincent Gallo,Cheryl Tiegs,Anna Vareschi,5.0,"boyfriend girlfriend relationship, erection, female frontal nudity, gang rape, prostitute",English
The Swindle,1997.0,Comedy Crime Thriller,Claude Chabrol,Isabelle Huppert,François Cluzet,Michel Serrault,6.6,"con, con artist, money, scam, sils maria",French
Rosewater,2014.0,Biography Drama,Jon Stewart,Numan Acar,Claire Foy,Haluk Bilginer,6.6,"based on true story, hijab, journalism, prison, reference to mahmoud ahmedinejad",English
The Chambermaid on the Titanic,1997.0,Drama Romance,Bigas Luna,Olivier Martinez,Aitana Sánchez-Gijón,Romane Bohringer,6.8,"foundry, foundry worker, french, friend, titanic",French
Coriolanus,2011.0,Drama Thriller War,Ralph Fiennes,Gerard Butler,Ashraf Barhom,Lubna Azabal,6.2,"modern day adaptation, reference to william shakespeare, shakespeare in modern dress, shakespeare play, shakespeare's coriolanus",English
Imaginary Heroes,2004.0,Comedy Drama,Dan Harris,Kip Pardue,Ryan Donowho,Larry Fessenden,7.3,"cat, christmas song, lawn mowing, leave of absence, medication",English
High Heels and Low Lifes,2001.0,Action Comedy Drama,Mel Smith,Minnie Driver,Danny Dyer,Mary McCormack,6.2,"attempted murder, blackmail, diver's watch, nurse, satire",English
World's Greatest Dad,2009.0,Comedy Drama,Bobcat Goldthwait,Robin Williams,Daryl Sabara,Henry Simmons,6.9,"black comedy, fictional talk show, high school teacher, phony suicide note, teacher",English
Severance,2006.0,Comedy Horror Thriller,Christopher Smith,Danny Dyer,Toby Stephens,Laura Harris,6.6,"blood splatter, eastern europe, female nudity, pine forest, team building",English
Edmond,2005.0,Drama Thriller,Stuart Gordon,Joe Mantegna,Dulé Hill,Jeffrey Combs,6.3,"bipolar disorder, sodomy, stabbing, street life, violence",English
Welcome to the Rileys,2010.0,Drama,Jake Scott,Kristen Stewart,Ally Sheedy,Kerry Cahill,7.0,"businessman, prostitute, street, stripper, travel",English
Police Academy: Mission to Moscow,1994.0,Comedy Crime,Alan Metter,Christopher Lee,Michael Winslow,G.W. Bailey,3.3,"captain, commandant, mafia, russian mafia, security system",English
Blood Done Sign My Name,2010.0,Drama,Jeb Stuart,Ricky Schroder,Nate Parker,Lee Norris,6.7,"based on autobiography, based on novel, based on true story, murder, racism",English
Elsa & Fred,2014.0,Comedy Drama Romance,Michael Radford,Chris Noth,Jared Gilman,James Brolin,6.5,"apartment, death of protagonist, follow that car, la dolce vita, love",English
An Alan Smithee Film: Burn Hollywood Burn,1997.0,Comedy,Arthur Hiller,Eric Idle,Harvey Weinstein,Ryan O'Neal,3.5,"box office flop, critically bashed, director, hollywood, mockumentary",English
The Open Road,2009.0,Comedy Drama,Michael Meredith,Jeff Bridges,Justin Timberlake,Ted Danson,5.5,"american south, baseball, farmland, motel, road trip",English
The Good Guy,2009.0,Comedy Romance,Julio DePietro,Adrian Martinez,Scott Porter,Aaron Yoo,5.9,"book club, cheating boyfriend, job promotion, manhattan new york city, new york city",English
Motherhood,2009.0,Comedy Drama,Katherine Dieckmann,Stephanie Szostak,Minnie Driver,Anthony Edwards,4.7,"birthday, birthday party, delivery man, mother, neighbor",English
Strangerland,2015.0,Drama Mystery Thriller,Kim Farrant,Nicholas Hamilton,Reef Ireland,Sean Keenan,5.2,"australian, desert, mother daughter relationship, mother son relationship, promiscuity",English
The Janky Promoters,2009.0,Comedy Crime Music,Marcus Raboy,Mike Epps,Tamala Jones,Glenn Plummer,5.2,"bigger dreams, concert promoter, hotel maid, pep talk, rap concert",English
Blonde Ambition,2007.0,Comedy Romance,Scott Marshall,Drew Fuller,Drew Waters,Larry Miller,3.9,"boss, business, career, confidence, female protagonist",English
The Oxford Murders,2008.0,Crime Mystery Thriller,Álex de la Iglesia,Jim Carter,Leonor Watling,Danny Sapani,6.1,"landlady, lecture, murder, oxford university, symbol",English
The Reef,2010.0,Horror Thriller,Andrew Traucki,Damian Walshe-Howling,Gyton Grantley,Adrienne Pickering,5.8,"boat, great white shark, killing an animal, shark, underwater",English
Eulogy,2004.0,Comedy Drama,Michael Clancy,Zooey Deschanel,Rip Torn,Kelly Preston,6.7,"dysfunctional family, family relationships, family reunion, funeral, twin",English
White Noise 2: The Light,2007.0,Drama Fantasy Horror Thriller,Patrick Lussier,Teryl Rothery,Craig Fairbrass,Adrian Holmes,5.7,"angry spirit, aura, electronic voice phenomena, electronics, near death experience",English
Fifty Dead Men Walking,2008.0,Drama Thriller,Kari Skogland,Jim Sturgess,Kevin Zegers,Michael McElhatton,6.9,"1980s, ira, near death experience, title directed by female, what happened to epilogue",English
Adam Resurrected,2008.0,Drama War,Paul Schrader,Veronica Ferres,Ayelet Zurer,Derek Jacobi,6.3,"circus, dog, entertainer, holocaust, patient",English
Of Horses and Men,2013.0,Comedy Drama Romance,Benedikt Erlingsson,Ingvar Eggert Sigurðsson,Charlotte Bøving,Sigríður María Egilsdóttir,6.9,"barbed wire, barbed wire fence, horse, nature, snowstorm",Icelandic
It's a Wonderful Afterlife,2010.0,Comedy Drama Horror Romance,Gurinder Chadha,Sendhil Ramamurthy,Mark Addy,Shabana Azmi,5.4,"afterlife, indian, murder, overweight woman, police",English
The Devil's Tomb,2009.0,Action Horror Sci-Fi,Jason Connery,Ray Winstone,Henry Rollins,Jason London,3.8,"desert, mercenary, priest, scientist, war veteran",English
Partition,2007.0,Drama Romance,Vic Sarin,Jimi Mistry,Jesse Moss,John Light,7.0,"india, love, muslim, pakistan, sikh",English
"The Good, the Bad, the Weird",2008.0,Action Adventure Comedy Western,Jee-woon Kim,Kang-ho Song,Woo-sung Jung,Dal-su Oh,7.3,"bounty hunter, manchuria, map, train, treasure",Korean
Nurse 3D,2013.0,Horror Thriller,Douglas Aarniokoski,Boris Kodjoe,Katrina Bowden,Kathleen Turner,4.6,"carnage, female nudity, purple panties, sexual attraction, shaved labia",English
Gunless,2010.0,Action Comedy Drama Western,William Phillips,Tyler Mane,Callum Rennie,Dustin Milligan,6.5,"blacksmith, bounty hunter, duel, gunslinger, wild west",English
Adventureland,2009.0,Comedy Drama Romance,Greg Mottola,Kristen Stewart,Martin Starr,Wendie Malick,6.8,"amusement park, strong female character, summer job, teen movie, teenager",English
The Lost City,2005.0,Drama Romance,Andy Garcia,Danny Pino,Victor Rivers,Enrique Murciano,6.7,"1950s, cuba, cuban flag, fidel castro, havana cuba",English
Next Friday,2000.0,Comedy,Steve Carr,John Witherspoon,Mike Epps,Rolando Molina,6.1,"african american, flashback, marijuana joint, porn magazine, suburb",English
American Heist,2014.0,Action Crime Drama Thriller,Sarik Andreasyan,Hayden Christensen,Jordana Brewster,Akon,5.2,"bank, critically bashed, heist, mechanic, prison",English
You Only Live Twice,1967.0,Action Adventure Thriller,Lewis Gilbert,Donald Pleasence,Burt Kwouk,Desmond Llewelyn,6.9,"faked death, japan, japanese, poison, secret headquarters",English
Plastic,2014.0,Action Comedy Crime Drama,Julian Gilbey,Mem Ferda,Alfie Allen,Malese Jow,6.0,"credit card fraud, lesbian kiss, miami",English
Amour,2012.0,Drama Romance,Michael Haneke,Isabelle Huppert,Emmanuelle Riva,Jean-Louis Trintignant,7.9,"aging, daughter, old couple, old love, stroke",French
Poltergeist III,1988.0,Horror Thriller,Gary Sherman,Tom Skerritt,Heather O'Rourke,Zelda Rubinstein,4.5,"aunt niece relationship, brother sister relationship, building, father daughter relationship, mirror",English
Re-Kill,2015.0,Action Horror,Valeri Milev,Daniella Alonso,Roger Cross,Jesse Garcia,5.1,"after dark, after dark horrorfest, fictional tv news show, outbreak",English
"It's a Mad, Mad, Mad, Mad World",1963.0,Action Adventure Comedy Crime,Stanley Kramer,Jonathan Winters,Sid Caesar,Spencer Tracy,7.6,"california, desert, dying words, money, race",English
Volver,2006.0,Comedy Crime Drama Mystery,Pedro Almodóvar,Carmen Maura,Lola Dueñas,Antonio de la Torre,7.6,"abusive father, child abuse, death, rape, secret",Spanish
Heavy Metal,1981.0,Adventure Animation Fantasy Horror Sci-Fi,Gerald Potterton,John Vernon,Joe Flaherty,Don Francks,6.7,"anthology, girl, heavy metal, secretary, segments",English
Gentlemen Broncos,2009.0,Adventure Comedy Sci-Fi,Jared Hess,Jizelle Jade,Michael Angarano,Héctor Jiménez,6.1,"amateur film, sexual harassment, sexual innuendo, small town, struggling parent",English
Richard III,1995.0,Drama War,Richard Loncraine,Robert Downey Jr.,Jim Broadbent,Kristin Scott Thomas,7.5,"1930s, abuse of power, england, king, murder",English
Into the Grizzly Maze,2015.0,Action Horror Thriller,David Hackl,Scott Glenn,Michaela McManus,Luisa D'Oliveira,5.3,"bear, breasts, female nudity, grizzly, wilderness",English
Kites,2010.0,Action Drama Romance Thriller,Anurag Basu,Bárbara Mori,Steven Michael Quezada,Kabir Bedi,6.0,"casino, desert, love, suicide, tragic event",English
Melancholia,2011.0,Drama Sci-Fi,Lars von Trier,Alexander Skarsgård,Kirsten Dunst,Charlotte Rampling,7.1,"art director, breasts, depression, outdoor sex, riding a horse",English
Red Dog,2011.0,Biography Comedy Drama Family Romance,Kriv Stenders,Noah Taylor,Keisha Castle-Hughes,Luke Ford,7.5,"australian, based on true events, dog, love, search",English
Jab Tak Hai Jaan,2012.0,Drama Romance,Yash Chopra,Shah Rukh Khan,Katrina Kaif,Vic Waghorn,6.9,"accident, army, bomb, indian army, love",Hindi
Alien,1979.0,Horror Sci-Fi,Ridley Scott,Tom Skerritt,Yaphet Kotto,Bolaji Badejo,8.5,"alien, creature, future, outer space, spaceship",English
The Texas Chain Saw Massacre,1974.0,Horror Thriller,Tobe Hooper,Gunnar Hansen,Edwin Neal,Marilyn Burns,7.5,"cannibal, chainsaw, hitchhiker, independent film, leatherface",English
The Runaways,2010.0,Biography Drama Music,Floria Sigismondi,Kristen Stewart,Scout Taylor-Compton,Johnny Lewis,6.6,"band, box office flop, critically bashed, historically inaccurate, revisionist history",English
Fiddler on the Roof,1971.0,Drama Family Musical Romance,Norman Jewison,Topol,Paul Michael Glaser,Rosalind Harris,8.0,"immigration, jewish, pogrom, tradition, tradition versus modernity",English
Thunderball,1965.0,Action Adventure Thriller,Terence Young,Desmond Llewelyn,Earl Cameron,Lois Maxwell,7.0,"domino, fiery redhead, nassau, official james bond series, underwater battle",English
Detention,2011.0,Comedy Horror Sci-Fi,Joseph Kahn,Josh Hutcherson,Shanley Caswell,Parker Bagley,5.8,"blood splatter, detention, high school, overalls, reference to c. thomas howell",English
Loose Cannons,2010.0,Comedy Drama Romance,Ferzan Ozpetek,Riccardo Scamarcio,Alessandro Preziosi,Lunetta Savino,7.3,"gay, gay friend, grandmother grandson relationship, heart attack, mother son relationship",Italian
Set It Off,1996.0,Action Crime Drama Romance Thriller,F. Gary Gray,Vivica A. Fox,Jada Pinkett Smith,Blair Underwood,6.8,"bank, black comedy, main characters killed off, money, robbery",English
The Best Man,1999.0,Comedy Drama,Malcolm D. Lee,Harold Perrineau,Sanaa Lathan,Jarrod Bunch,6.7,"african american, bachelor party, brooklyn bridge, family relationships, stripper",English
Child's Play,1988.0,Fantasy Horror,Tom Holland,Catherine Hicks,Alex Vincent,Dinah Manoff,6.5,"birthday, doll, murder, serial killer, voodoo",English
Sicko,2007.0,Documentary Drama,Michael Moore,Michael Moore,Tucker Albrizzi,Bill Clinton,8.0,"canada, cuba, france, guantanamo, hmo",English
The Purge: Anarchy,2014.0,Action Horror Sci-Fi Thriller,James DeMonaco,Noel Gugliemi,Zach Gilford,Roberta Valderrama,6.5,"held at gunpoint, machete, masked man, sequel, violence",English
Down to You,2000.0,Comedy Drama Romance,Kris Isacsson,Rosario Dawson,Lauren German,Shawn Hatosy,4.9,"artist, cake, college, new york city, student",English
Harold & Kumar Go to White Castle,2004.0,Adventure Comedy,Danny Leiner,Ethan Embry,Fred Willard,Paula Garcés,7.1,"marijuana, police, road trip, stoner, white castle",English
The Contender,2000.0,Drama Thriller,Rod Lurie,Jeff Bridges,Gary Oldman,William Petersen,7.0,"bridge, governor, political thriller, president, vice president",English
Boiler Room,2000.0,Crime Drama Thriller,Ben Younger,Vin Diesel,Nia Long,Herbert Russell,7.0,"career, casino, judge, stock, stock broker",English
Trading Places,1983.0,Comedy,John Landis,Don Ameche,Denholm Elliott,Ralph Bellamy,7.5,"interracial relationship, poverty, prostitute, scam, stock market",English
Black Christmas,2006.0,Horror,Glen Morgan,Oliver Hudson,Crystal Lowe,Andrea Martin,4.5,"attic, christmas, house, incest, sorority",English
Breakin' All the Rules,2004.0,Comedy Romance,Daniel Taplitz,Jennifer Esposito,Tate Taylor,Patrick Cranshaw,5.5,"female to male foot in crotch, lingerie slip, love, mistaken identity, writer",English
Henry V,1989.0,Action Biography Drama History Romance War,Kenneth Branagh,Brian Blessed,Derek Jacobi,Danny Webb,7.7,"battle, battle of agincourt, king, shakespeare play, sword and shield",English
The Savages,2007.0,Comedy Drama,Tamara Jenkins,Philip Seymour Hoffman,David Zayas,Gbenga Akinnagbe,7.2,"arizona, dementia, married man, sun city arizona, writing",English
Chasing Papi,2003.0,Comedy Romance,Linda Mendoza,Carlos Ponce,Freddy Rodríguez,Maria Conchita Alonso,4.8,"beauty pageant, bilingual, dating, latino, three women",English
The Way of the Gun,2000.0,Action Crime Drama Thriller,Christopher McQuarrie,Kristin Lehman,Nicky Katt,Dylan Kussman,6.7,"criminal, drifter, gangster, money, surrogate mother",English
Igby Goes Down,2002.0,Comedy Drama,Burr Steers,Kieran Culkin,Rory Culkin,Bill Irwin,7.0,"boy, mistress, money, schizophrenic, school",English
PCU,1994.0,Comedy,Hart Bochner,Jon Favreau,Matt Ross,Chris Young,6.5,"college, high school senior, meat, protest, university",English
The Ultimate Gift,2006.0,Drama Family Romance,Michael O. Sajbel,Bill Cobbs,Drew Fuller,Mircea Monroe,7.4,"billionaire, grandfather, playboy, trust fund baby, wealth",English
The Ice Pirates,1984.0,Action Adventure Comedy Romance Sci-Fi,Stewart Raffill,Anjelica Huston,John Carradine,Robert Urich,5.7,"bar fight, cult film, ice, psychotronic, sword fight",English
Gracie,2007.0,Biography Drama Sport,Davis Guggenheim,Emma Bell,John Doman,Carly Schroeder,6.2,"boy, girl, soccer, south orange new jersey, teenager",English
Trust the Man,2005.0,Comedy Drama Romance,Bart Freundlich,Billy Crudup,Garry Shandling,Dagmara Dominczyk,5.7,"actress, lesbianism, manhattan new york city, urination, watching pornography",English
Hamlet 2,2008.0,Comedy Music,Andrew Fleming,Steve Coogan,Amy Poehler,David Arquette,6.4,"gang banger, sequel, shakespeare's hamlet, student, time machine",English
Velvet Goldmine,1998.0,Drama Music,Todd Haynes,Christian Bale,Eddie Izzard,Janet McTeer,7.0,"1970s, glitter, political cover up, reference to katharine hepburn, reference to spencer tracy",English
The Wailing,2016.0,Fantasy Horror Mystery Thriller,Hong-jin Na,Jung-min Hwang,Jun Kunimura,Woo-hee Chun,7.7,"policeman, stranger, supernatural, village, vomiting",Korean
Glee: The 3D Concert Movie,2011.0,Documentary Music,Kevin Tancharoen,Lea Michele,Heather Morris,Kevin McHale,5.4,"concert, live in concert recording, live performance",English
The Legend of Suriyothai,2001.0,Action Adventure Drama History War,Chatrichalerm Yukol,Sarunyu Wongkrachang,Chatchai Plengpanich,Mai Charoenpura,6.6,"16th century, burmese, invasion, queen, thailand",Thai
Two Evil Eyes,1990.0,Horror,Dario Argento,John Amos,Adrienne Barbeau,Sally Kirkland,6.1,"black cat, cat, evil, photographer, undead",English
All or Nothing,2002.0,Drama,Mike Leigh,Lesley Manville,Ruth Sheen,Gary McDonald,7.6,"love, neighbor, single parent, supermarket, working class",English
Princess Kaiulani,2009.0,Drama,Marc Forby,Q'orianka Kilcher,Will Patton,Shaun Evans,6.2,"hawaii, hawaiian, historically inaccurate, princess, tearing up a letter",English
Opal Dream,2006.0,Drama Family,Peter Cattaneo,Jacqueline McKenzie,Vince Colosimo,Peter Callan,6.6,"friend, girl, imaginary friend, outback, town",English
Heist,2015.0,Action Crime Thriller,Scott Mann,Robert De Niro,Joshua Mikel,D.B. Sweeney,6.1,"bus, die hard scenario",English
Flame and Citron,2008.0,Drama History Thriller War,Ole Christian Madsen,Lars Mikkelsen,Thure Lindhardt,Christian Berkel,7.3,"danish, double agent, nazi, nazi occupation, resistance",Danish
Undiscovered,2005.0,Comedy Music Romance,Meiert Avis,Fisher Stevens,Kip Pardue,Perrey Reeves,4.2,"bare chested male, box office flop, diner, german shepherd, one word title",English
Red Riding: In the Year of Our Lord 1974,2009.0,Crime Drama Mystery Thriller,Julian Jarrold,Andrew Garfield,Warren Clarke,John Henshaw,7.1,"ejected from a moving vehicle, gun held to head, handcuffs, shot multiple times, strangulation",English
The Girl on the Train,2009.0,Drama,André Téchiné,Catherine Deneuve,Ronit Elkabetz,Émilie Dequenne,6.0,"bar mitzvah, lawyer, train, wealth, wrestler",French
Veronika Decides to Die,2009.0,Drama Romance,Emily Young,Sarah Michelle Gellar,Erika Christensen,Jonathan Tucker,6.5,"boyfriend girlfriend relationship, female protagonist, letter of resignation, mental hospital, sex",English
Crocodile Dundee,1986.0,Adventure Comedy,Peter Faiman,Paul Hogan,Linda Kozlowski,David Gulpilil,6.5,"australian outback, crocodile, female reporter, journalist, new york city",English
"Ultramarines: A Warhammer 40,000 Movie",2010.0,Action Animation Fantasy Horror Mystery Sci-Fi Thriller,Martyn Pick,Sean Pertwee,Steven Waddington,Donald Sumpter,5.7,"grimdark, mutilated corpse, space marine, ultramarines, warhammer 40k",English
The I Inside,2004.0,Mystery Sci-Fi Thriller,Roland Suso Richter,Stephen Graham,Sarah Polley,Stephen Rea,6.1,"2000s, hospital, man in a wheelchair, year 2000, year 2002",English
Beneath Hill 60,2010.0,Drama History War,Jeremy Sims,Harrison Gilbertson,Gyton Grantley,Steve Le Marquand,7.1,"blue clay, diversion, ends with biographical notes, ends with historical notes, tunnel",English
Polisse,2011.0,Crime Drama,Maïwenn,Riccardo Scamarcio,Maïwenn,Karin Viard,7.3,"abusive parent, child molester, child protection, photographer, police",French
Awake,2007.0,Crime Mystery Thriller,Joby Harold,Hayden Christensen,Fisher Stevens,Denis O'Hare,6.5,"anesthetic, anesthetic awareness, heart, heart surgery, surgery",English
Skin Trade,2014.0,Action Crime Thriller,Ekachai Uekrongtham,Michael Jai White,Mike Dopud,Celina Jade,5.7,"bangkok thailand, detective, human trafficking, revenge, sex slavery",English
The Lost Boys,1987.0,Comedy Fantasy Horror,Joel Schumacher,Dianne Wiest,Jami Gertz,Jason Patric,7.2,"1980s, california, death, small town, vampire",English
Crazy Heart,2009.0,Drama Music Romance,Scott Cooper,Jeff Bridges,Beth Grant,Debrianna Mansini,7.3,"country music, country western singer, journalist, musician, singer",English
The Rose,1979.0,Drama Music Romance,Mark Rydell,David Keith,Frederic Forrest,Alan Bates,6.9,"awol, demand, driver, drugs, roses",English
Baggage Claim,2013.0,Comedy,David E. Talbert,Djimon Hounsou,Christina Milian,Boris Kodjoe,5.0,woman wearing only a man's shirt,English
Barbarella,1968.0,Adventure Comedy Fantasy Sci-Fi,Roger Vadim,Jane Fonda,David Hemmings,Milo O'Shea,5.9,"41st century, angel, future, laser gun, space opera",English
Shipwrecked,1990.0,Adventure Family,Nils Gaup,Bjørn Sundquist,Louisa Milwood-Haigh,Stian Smestad,6.7,"boy, island, pirate, ship, treasure",English
Election,1999.0,Comedy Drama,Alexander Payne,Matthew Broderick,Chris Klein,Molly Hagan,7.3,"female protagonist, high school, self destructiveness, student council president, student government",English
The Namesake,2006.0,Drama,Mira Nair,Jacinda Barrett,Brooke Smith,Tabu,7.6,"bengali, india, reference to gogol, train, train crash",English
The DUFF,2015.0,Comedy,Ari Sandel,Bella Thorne,Romany Malco,Skyler Samuels,6.5,"cartoon on tv, generation y, high school, overalls, strong female character",English
Glitter,2001.0,Drama Music Romance,Vondie Curtis-Hall,Mariah Carey,Max Beesley,Valarie Pettiford,2.1,"cult film, disc jockey, female protagonist, music business, one word title",English
The Haunting in Connecticut 2: Ghosts of Georgia,2013.0,Drama Horror Mystery Thriller,Tom Elkins,Abigail Spencer,Cicely Tyson,Brad James,5.3,"daughter, georgia, mother, slave, trailer",English
Silmido,2003.0,Action Drama,Woo-Suk Kang,Yu-mi Jeong,Sung-kee Ahn,Kyung-gu Sol,7.2,"based on book, based on true story, rape, title spoken by character",Korean
Bright Star,2009.0,Biography Drama Romance,Jane Campion,Abbie Cornish,Paul Schneider,Samuel Roukin,7.0,"19th century, friend, john keats, passion, poet",English
My Name Is Khan,2010.0,Adventure Drama Thriller,Karan Johar,Shah Rukh Khan,Jimmy Shergill,Christopher B. Duncan,8.0,"airport, asperger's syndrome, autism, muslim, racial profiling",Hindi
Footloose,1984.0,Drama Music Romance,Herbert Ross,Dianne Wiest,Chris Penn,Lori Singer,6.5,"church, cowboy boots, dancing, high school dance, teenager",English
Limbo,1999.0,Adventure Drama Thriller,John Sayles,Mary Elizabeth Mastrantonio,Casey Siemaszko,Vanessa Martinez,7.1,"alaska, island, motorboat, singer, wilderness",English
Namastey London,2007.0,Comedy Drama Romance,Vipul Amrutlal Shah,Katrina Kaif,Clive Standen,Riteish Deshmukh,7.3,"india, london england, marriage, stereotype, sugarcane",Hindi
The Wind That Shakes the Barley,2006.0,Drama War,Ken Loach,Padraic Delaney,Orla Fitzgerald,Martin Lucey,7.5,"civil war, colonialism, hatred, independence, rural ireland",English
Yeh Jawaani Hai Deewani,2013.0,Comedy Drama Musical Romance,Ayan Mukerji,Ranbir Kapoor,Madhuri Dixit,Aditya Roy Kapoor,6.9,"jealousy, jumping into sea, love, swimming pool, wet clothes",Hindi
The Karate Kid,1984.0,Action Drama Family Sport,John G. Avildsen,Martin Kove,William Zabka,William Bassett,7.2,"apartment, bully, fight, karate, master",English
Quo Vadis,1951.0,Biography Drama History Romance,Mervyn LeRoy,Peter Ustinov,Deborah Kerr,Robert Taylor,7.2,"christian, emperor, general, hostage, nero",English
Repo! The Genetic Opera,2008.0,Horror Musical Sci-Fi,Darren Lynn Bousman,Alexa PenaVega,Paris Hilton,Paul Sorvino,6.7,"future, murder, opera, repossession, surgery",English
Valley of the Wolves: Iraq,2006.0,Action Adventure,Serdar Akar,Necati Sasmaz,Bergüzar Korel,Ghassan Massoud,6.0,"abu ghraib, bomb, christian, explosion, iraq",Arabic
Pulp Fiction,1994.0,Crime Drama,Quentin Tarantino,Bruce Willis,Eric Stoltz,Phil LaMarr,8.9,"black comedy, cunnilingus, neo noir, nonlinear timeline, postmodern",English
The Muppet Movie,1979.0,Adventure Comedy Family Musical,James Frawley,Madeline Kahn,Jim Henson,Dom DeLuise,7.7,"friend, frog leg, on the road, restaurant, the muppets",English
Nightcrawler,2014.0,Crime Drama Thriller,Dan Gilroy,Jake Gyllenhaal,Michael Papajohn,James Huang,7.9,"employer employee relationship, ethics, journalism, sociopath, tv news",English
Club Dread,2004.0,Comedy Horror Thriller,Jay Chandrasekhar,Brittany Daniel,Lindsay Price,Jay Chandrasekhar,5.6,"beach, island, party, resort, serial killer",English
The Sound of Music,1965.0,Biography Drama Family Musical Romance,Robert Wise,Eleanor Parker,Angela Cartwright,Nicholas Hammond,8.0,"austria, children, governess, love, orchestral music score",English
Splash,1984.0,Comedy Fantasy Romance,Ron Howard,Tom Hanks,Howard Morris,Patrick Cronin,6.2,"cmnf, cmnf scene, mermaid, new york city, public nudity",English
Little Miss Sunshine,2006.0,Comedy Drama,Jonathan Dayton,Steve Carell,Steven Christopher Parker,Jill Talley,7.9,"gay, graduate student, sister sister relationship, sprite, uncle nephew relationship",English
Stand by Me,1986.0,Adventure Drama,Rob Reiner,Marshall Bell,Frances Lee McCain,Casey Siemaszko,8.1,"friendship, summertime, treehouse, walking on train tracks, woods",English
28 Days Later...,2002.0,Drama Horror Sci-Fi Thriller,Danny Boyle,Noah Huntley,Megan Burns,David Schneider,7.6,"laboratory, london england, military, virus, zombie apocalypse",English
You Got Served,2004.0,Drama Music,Chris Stokes,Jennifer Freeman,Marques Houston,Steve Harvey,3.5,"competition, dance contest, friend, money, street dancing",English
Escape from Alcatraz,1979.0,Biography Crime Drama,Don Siegel,Clint Eastwood,Patrick McGoohan,Fred Ward,7.6,"alcatraz, escape, inmate, island, prison",English
Brown Sugar,2002.0,Comedy Drama Music Romance,Rick Famuyiwa,Boris Kodjoe,Sanaa Lathan,Wendell Pierce,6.5,"basketball, hip hop, rap music, record company, writer",English
A Thin Line Between Love and Hate,1996.0,Comedy Crime Drama Romance Thriller,Martin Lawrence,Faizon Love,Lynn Whitfield,Della Reese,5.6,"african american, dating, independent film, irreverence, revenge",English
50/50,2011.0,Comedy Drama Romance,Jonathan Levine,Joseph Gordon-Levitt,Anna Kendrick,Bryce Dallas Howard,7.7,"best friend, cancer, survival rate, therapist, vomiting",English
Shutter,2008.0,Horror Mystery Thriller,Masayuki Ochiai,James Kyson,David Denman,Daisy Betts,5.2,"car accident, japan, newlywed, photograph, photographer",English
Creepshow,1982.0,Comedy Fantasy Horror,George A. Romero,Ted Danson,Hal Holbrook,Adrienne Barbeau,6.9,"anthology, child abuse, critically acclaimed, death, grindhouse",English
That Awkward Moment,2014.0,Comedy Romance,Tom Gormican,Mackenzie Davis,Lola Glaudini,Josh Pais,6.1,"dating, divorce, father daughter relationship, mother daughter relationship, party",English
Modern Problems,1981.0,Comedy Fantasy Sci-Fi,Ken Shapiro,Brian Doyle-Murray,Dabney Coleman,Mary Kay Place,5.0,"air traffic controller, nuclear waste, orgasm, telekinesis, voodoo",English
Much Ado About Nothing,1993.0,Comedy Drama Romance,Kenneth Branagh,Keanu Reeves,Denzel Washington,Brian Blessed,7.4,"16th century, bachelor, dishonor, masquerade party, wedding",English
On Her Majesty's Secret Service,1969.0,Action Adventure Thriller,Peter R. Hunt,Telly Savalas,George Lazenby,Desmond Llewelyn,6.8,"bond girl, british, mission, portugal, switzerland",English
New Nightmare,1994.0,Fantasy Horror Mystery Thriller,Wes Craven,Miko Hughes,Heather Langenkamp,Tracy Middendorf,6.4,"earthquake, elm street, freddy krueger, nightmare, sleep",English
Drive Me Crazy,1999.0,Comedy Drama Romance,John Schultz,Stephen Collins,Mark Webber,Keri Lynn Pratt,5.7,"centennial, girl, next door neighbor, prom, school",English
Akeelah and the Bee,2006.0,Drama,Doug Atchison,Curtis Armstrong,Sean Michael Afable,Tzi Ma,7.5,"national spelling bee, principal, school principal, spelling, spelling bee",English
Half Baked,1998.0,Comedy Crime,Tamra Davis,Dave Chappelle,Harland Williams,Clarence Williams III,6.7,"bail, diabetic, friend, jail, pharmaceutical lab",English
New in Town,2009.0,Comedy Romance,Jonas Elmer,J.K. Simmons,Frances Conroy,Harry Connick Jr.,5.6,"love, manufacturing, minnesota, plant, small town",English
Syriana,2005.0,Drama Thriller,Stephen Gaghan,Matt Damon,Amr Waked,Kayvan Novak,7.0,"cia, hezbollah, lebanon, oil, prince",English
American Psycho,2000.0,Crime Drama,Mary Harron,Christian Bale,Justin Theroux,Samantha Mathis,7.6,"1980s, business card, male rear nudity, materialism, narcissism",English
The Good Girl,2002.0,Drama Romance,Miguel Arteta,Jake Gyllenhaal,Zooey Deschanel,Tim Blake Nelson,6.5,"dysfunctional marriage, marijuana, small town, store, trying to conceive",English
Bon Cop Bad Cop,2006.0,Action Comedy Crime Thriller,Erik Canuel,Colm Feore,Richard Howland,Sarain Boylan,7.0,"border, hockey, killer, police, tattoo",English
The Boondock Saints II: All Saints Day,2009.0,Action Crime Thriller,Troy Duffy,Norman Reedus,Julie Benz,Clifton Collins Jr.,6.3,"final showdown, ireland, justice, priest, sheep",English
The City of Your Final Destination,2009.0,Drama Romance,James Ivory,Alexandra Maria Lara,Omar Metwally,Diego Velazquez,6.4,"child, student, university, widow, writer",English
Enough Said,2013.0,Comedy Drama Romance,Nicole Holofcener,Christopher Nicholas Smith,Ben Falcone,Michaela Watkins,7.1,"dating, divorcee, ex husband, ex wife, party",English
Easy A,2010.0,Comedy Romance,Will Gluck,Emma Stone,Dan Byrd,Fred Armisen,7.1,"gay, gay interest, high school, school, student",English
The Inkwell,1994.0,Comedy Drama Romance,Matty Rich,Jada Pinkett Smith,Joe Morton,Larenz Tate,6.5,"fire, marriage, martha's vineyard, teenager, vacation",English
Shadow of the Vampire,2000.0,Drama Horror,E. Elias Merhige,Eddie Izzard,Udo Kier,Catherine McCormack,6.9,"actor, breasts, film actress, nosferatu, vampire",English
Prom,2011.0,Comedy Drama,Joe Nussbaum,Cameron Monaghan,Thomas McDonell,Aimee Teegarden,5.4,"decoration, father daughter relationship, high school, prom, teenager",English
The Pallbearer,1996.0,Comedy Romance,Matt Reeves,Mark Margolis,Michael Rapaport,Carol Kane,4.9,"bachelor party, directorial debut, funeral, pallbearer, wedding",English
Held Up,1999.0,Comedy,Steve Rash,Barry Corbin,Nia Long,Jake Busey,5.1,"hold up, hostage, stockholm syndrome, swat team, vegetarian",English
Woman on Top,2000.0,Comedy Fantasy Romance,Fina Torres,Harold Perrineau,John de Lancie,Mark Feuerstein,5.3,"cross dresser, food, friend, motion sickness, restaurant",English
Howards End,1992.0,Drama Romance,James Ivory,Anthony Hopkins,Vanessa Redgrave,Samuel West,7.5,"england, friendship, prejudice, upper class, working class",English
Anomalisa,2015.0,Animation Comedy Drama Romance,Duke Johnson,Jennifer Jason Leigh,Tom Noonan,David Thewlis,7.3,"full frontal male nudity, hotel room, multiple characters voiced by same person, one night stand, sex in hotel room",English
Another Year,2010.0,Comedy Drama,Mike Leigh,Jim Broadbent,Imelda Staunton,Phil Davis,7.3,"autumn, four seasons, friend, looking at one's self in a mirror, unhappiness",English
8 Women,2002.0,Comedy Crime Musical Romance,François Ozon,Catherine Deneuve,Isabelle Huppert,Emmanuelle Béart,7.1,"cook, industrialist, secret, snowstorm, suspect",French
Showdown in Little Tokyo,1991.0,Action Comedy Crime Thriller,Mark L. Lester,Cary-Hiroyuki Tagawa,Tia Carrere,Vernee Watson,6.0,"bare chested male, detective, electric torture, japanese american, yakuza",English
Clay Pigeons,1998.0,Comedy Crime,David Dobkin,Janeane Garofalo,Vince Vieluf,Kevin Rahm,6.6,"breasts, serial killer, small town, vomiting, widow",English
It's Kind of a Funny Story,2010.0,Comedy Drama Romance,Anna Boden,Zoë Kravitz,Jeremy Davies,Jim Gaffigan,7.2,"based on novel, depression, psychiatric ward, suicide attempt, therapy",English
Made in Dagenham,2010.0,Biography Comedy Drama History,Nigel Cole,Bob Hoskins,Robbie Kay,Sally Hawkins,7.2,"equal pay, machinist, minister, protest, sex",English
When Did You Last See Your Father?,2007.0,Biography Drama,Anand Tucker,Colin Firth,Jim Broadbent,Gina McKee,6.9,"cancer, children, death, terminal cancer, time",English
Prefontaine,1997.0,Biography Drama Romance Sport,Steve James,Kurtwood Smith,Laurel Holloman,Amy Locane,6.8,"long distance runner, olympics, oregon, runner, watching television",English
The Wicked Lady,1983.0,Adventure Drama,Michael Winner,Faye Dunaway,Marina Sirtis,John Gielgud,4.0,"female nudity, highwayman, nell gwynne, nudity, whipping",English
The Secret of Kells,2009.0,Adventure Animation Family Fantasy,Tomm Moore,Sean Lennon,Mick Lally,Evan McGuire,7.7,"barbarian, fairy, forest, monastery, unfinished book",English
Begin Again,2013.0,Drama Music,John Carney,James Corden,Karen Pittman,Mary Catherine Garrison,7.4,"manhattan new york city, new york city, record label, singer, song",English
Down in the Valley,2005.0,Drama Romance Thriller,David Jacobson,Hunter Parrish,Bruce Dern,Rory Culkin,6.5,"beach, cowboy, cowboy hat, neo western, valley",English
Brooklyn Rules,2007.0,Crime Drama,Michael Corrente,Jerry Ferrara,Tony Devon,Alexa Havins,6.4,"1980s, friend, friendship, loyalty, mafia",English
Restless,2012.0,Drama Romance,Edward Hall,Rufus Sewell,Hayley Atwell,Charlotte Rampling,7.2,"espionage, motel, mother son relationship, murder disguised as suicide, shot in the head",English
The Singing Detective,2003.0,Comedy Crime Musical Mystery,Keith Gordon,Robert Downey Jr.,Robin Wright,Alfre Woodard,5.6,"detective, detective novel, fantasy sequence, hallucination, writer",English
The Land Girls,1998.0,Drama Romance War,David Leland,Anna Friel,Catherine McCormack,Steven Mackintosh,6.3,"dorset, farm, friend, love, women's land army",English
Fido,2006.0,Comedy Drama Horror Sci-Fi,Andrew Currie,Alexia Fast,Henry Czerny,Kesun Loder,6.8,"decapitation, neighbor, neighborhood, next door neighbor, zombie",English
The Wendell Baker Story,2005.0,Comedy Drama Romance,Andrew Wilson,Will Ferrell,Eddie Griffin,Jacob Vargas,5.5,"directorial debut, fantasy sequence, nurse, old age home, prison",English
Wild Target,2010.0,Action Comedy Crime,Jonathan Lynn,Rupert Grint,Rupert Everett,Geoff Bell,6.9,"apprentice, assassin, hitman, kleptomaniac, thief",English
Pathology,2008.0,Crime Horror Thriller,Marc Schölermann,John de Lancie,Larry Drake,Johnny Whitworth,6.0,"corpse, dark humor, medical school, murder, pathology",English
10th & Wolf,2006.0,Crime Drama Thriller,Robert Moresco,Brian Dennehy,Brad Renfro,Dash Mihok,6.4,"desert storm, fbi, fbi agent, fragmentation grenade, woman kills attacker",English
Dear Wendy,2004.0,Comedy Crime Drama Romance,Thomas Vinterberg,Michael Angarano,Chris Owen,William Hootkins,6.6,"gang, gun, loner, love, outcast",English
Akira,1988.0,Action Animation Sci-Fi,Katsuhiro Ôtomo,Mitsuo Iwata,Takeshi Kusao,Tesshô Genda,8.1,"based on manga, biker gang, gifted child, post thermonuclear war, science runs amok",Japanese
The Death and Life of Bobby Z,2007.0,Action Crime Thriller,John Herzfeld,Paul Walker,Olivia Wilde,Jason Flemyng,5.9,"drug lord, on the run, prison, vegan, vegetarian",English
The Rocket: The Legend of Rocket Richard,2005.0,Biography Drama Sport,Charles Binamé,Stephen McHattie,Roy Dupuis,Julie LeBreton,7.7,"fan, french canadian, hockey, hockey player, machinist",French
Swelter,2014.0,Action Crime Drama Thriller,Keith Parmer,Rachel Ann Mullins,Josh Henderson,Grant Bowler,4.6,"police officer killed, police officer shot in the chest, police officer shot in the forehead, police officer shot in the head, police shootout",English
Imagine Me & You,2005.0,Comedy Drama Romance,Ol Parker,Celia Imrie,Ben Miles,Darren Boyd,6.9,"florist, friend, friendship, lesbian, love",English
Swimming Pool,2003.0,Crime Drama Mystery Thriller,François Ozon,Charlotte Rampling,Ludivine Sagnier,Jean-Claude Lecas,6.8,"luberon, mystery writer, night, publisher, swimming",English
Green Street 3: Never Back Down,2013.0,Action Drama,James Nunn,Spencer Wilding,Mark Wingett,Kacey Clarke,5.4,"bare breasts, firm, hooliganism, training, west ham supporter",English
The Blood of Heroes,1989.0,Action Sci-Fi Sport,David Webb Peoples,Delroy Lindo,Joan Chen,Anna Katarina,6.5,"battle, blood splatter, combat, game, showdown",English
Code of Honor,2016.0,Action,Michael Winnick,Scott Takeda,Helena Mattsson,Craig Sheffer,4.2,"gun, mayor, nightclub, police, vigilantism",English
Driving Miss Daisy,1989.0,Comedy Drama Family,Bruce Beresford,Morgan Freeman,Jessica Tandy,Patti LuPone,7.4,"1950s, african american, jewish, old age, widow",English
Soul Food,1997.0,Comedy Drama,George Tillman Jr.,Vanessa Williams,Mekhi Phifer,Vivica A. Fox,6.9,"1990s, family relationships, food in title, sister, unity",English
Rumble in the Bronx,1995.0,Action Comedy,Stanley Tong,Françoise Yip,Anita Mui,Garvin Cross,6.7,"fight, gang, greed, street gang, wedding",Cantonese
Far from Men,2014.0,Drama War Western,David Oelhoffen,Viggo Mortensen,Reda Kateb,Ángela Molina,7.3,"algerian war, based on short story, hostage, teacher, title at the end",French
Thank You for Smoking,2005.0,Comedy Drama,Jason Reitman,J.K. Simmons,Cameron Bright,Todd Louiso,7.6,"cigarette smoking, lobbyist, political satire, reporter, tobacco industry",English
Hostel: Part II,2007.0,Horror,Eli Roth,Jay Hernandez,Lauren German,Stanislav Ianevski,5.4,"american, hostel, slovakia, torture, train",English
An Education,2009.0,Drama,Lone Scherfig,Dominic Cooper,Olivia Williams,Ellie Kendrick,7.3,"1960s, age difference, france, loss of virginity, oxford",English
Shopgirl,2005.0,Drama Romance,Anand Tucker,Frances Conroy,Bridgette Wilson-Sampras,Clyde Kusatsu,6.4,"artist, depression, gloves, photography, slacker",English
The Hotel New Hampshire,1984.0,Comedy Drama Romance,Tony Richardson,Joely Richardson,Beau Bridges,Nastassja Kinski,6.0,"football, hotel, teenage girl, terrorist, wien",English
Narc,2002.0,Crime Drama Mystery Thriller,Joe Carnahan,Jason Patric,Chi McBride,Alan Van Sprang,7.2,"blood splatter, cover up, murder, police shootout, undercover",English
Men with Brooms,2002.0,Comedy Drama Romance Sport,Paul Gross,Molly Parker,Paul Gross,Kari Matchett,6.0,"championship, coach, curling, marriage, rural setting",English
Witless Protection,2008.0,Comedy Crime,Charles Robert Carner,Ivana Milicevic,Jenny McCarthy,Richard Bull,3.1,"fbi, polo, possum, sheriff, shotgun",English
The Work and the Glory,2004.0,Drama Romance,Russell Holt,Eric Johnson,Brenda Strong,Tiffany Dupont,6.9,"1830s, baptism, intolerance, mormon church, sibling rivalry",English
Extract,2009.0,Comedy Crime Romance,Mike Judge,J.K. Simmons,Mila Kunis,Clifton Collins Jr.,6.2,"freak accident, gigolo, hit in the crotch, nosy neighbor, on the job injury",English
Masked and Anonymous,2003.0,Comedy Drama Music,Larry Charles,Jeff Bridges,Cheech Marin,Bruce Dern,5.5,"concert, jail, journalist, revolution, singer",English
Alias Betty,2001.0,Comedy Crime Drama Romance Thriller,Claude Miller,Sandrine Kiberlain,Edouard Baer,Roschdy Zem,6.9,"child, criminal, death, depression, novelist",French
Code 46,2003.0,Drama Romance Sci-Fi Thriller,Michael Winterbottom,Samantha Morton,Om Puri,Natalie Mendoza,6.3,"genetics, i.d., love, sphinx, totalitarian",English
Crash,2004.0,Crime Drama Thriller,Paul Haggis,Don Cheadle,Loretta Devine,Jennifer Esposito,7.9,"race relations, racism, racist, social problem, stereotype",English
Albert Nobbs,2011.0,Drama,Rodrigo García,Mia Wasikowska,Michael McElhatton,Mark Williams,6.7,"19th century, hotel, painter, waiter, woman pretending to be a man",English
Black November,2012.0,Action Crime Drama Thriller,Jeta Amata,Akon,Nathin Butler,Razaaq Adoti,5.6,"color in title, number in title, two word title",English
Ta Ra Rum Pum,2007.0,Comedy Family Romance,Siddharth Anand,Saif Ali Khan,Mary Goggin,Vic Aviles,5.4,"comeback, family relationships, marriage, new york, racer",Hindi
Persepolis,2007.0,Animation Biography Drama War,Vincent Paronnaud,Catherine Deneuve,Gena Rowlands,Danielle Darrieux,8.0,"dream, girl, iran, islamic revolution, revolution",French
The Hole,2009.0,Adventure Fantasy Thriller,Joe Dante,Bruce Dern,Teri Polo,Haley Bennett,5.7,"basement, family relationships, hole, no opening credits, slow motion scene",English
The Wave,2008.0,Drama Thriller,Dennis Gansel,Max Riemelt,Elyas M'Barek,Jennifer Ulrich,7.6,"autocracy, based on real events, dictatorship, germany, teacher",German
The Neon Demon,2016.0,Horror Thriller,Nicolas Winding Refn,Keanu Reeves,Bella Heathcote,Charles Baker,7.0,"beauty, cannibalism, fashion, lesbian, model",English
Harry Brown,2009.0,Action Crime Drama Thriller,Daniel Barber,Joseph Gilgun,Jack O'Connell,Sean Harris,7.2,"bayonet, death, police, self defense, widower",English
Spider-Man 3,2007.0,Action Adventure Romance,Sam Raimi,J.K. Simmons,James Franco,Kirsten Dunst,6.2,"sandman, spider man, symbiote, venom, villain",English
The Omega Code,1999.0,Action Adventure Fantasy Sci-Fi Thriller,Robert Marcarelli,George Coe,William Hootkins,Ayla Kell,3.5,"code, evil, false accusation, megalomaniac, torah",English
Juno,2007.0,Comedy Drama Romance,Jason Reitman,J.K. Simmons,Jennifer Garner,Rainn Wilson,7.5,"adoption, baby, friend, pregnancy, school",English
Pound of Flesh,2015.0,Action Thriller,Ernie Barbarash,Darren Shahlavi,Aki Aleong,Brahim Achabbakhe,5.1,"fighting, hand to hand combat, jujitsu, kickboxing, organ",English
Diamonds Are Forever,1971.0,Action Adventure Thriller,Guy Hamilton,Desmond Llewelyn,Lois Maxwell,Jill St. John,6.7,"cat, diamond, ford mustang, james bond 007, yanked off bikini top",English
The Godfather,1972.0,Crime Drama,Francis Ford Coppola,Al Pacino,Marlon Brando,Robert Duvall,9.2,"crime family, mafia, organized crime, patriarch, rise to power",English
Flashdance,1983.0,Drama Music Romance,Adrian Lyne,Michael Nouri,Cynthia Rhodes,Lee Ving,6.1,"ballet school, dance, dancer, overalls, steel worker",English
500 Days of Summer,2009.0,Comedy Drama Romance,Marc Webb,Joseph Gordon-Levitt,Chloë Grace Moretz,Zooey Deschanel,7.7,"friend, greeting card, office, summer, true love",English
The Piano,1993.0,Drama Music Romance,Jane Campion,Holly Hunter,Ian Mune,Geneviève Lemon,7.6,"adultery, daughter, male rear nudity, new zealand, piano",English
Magic Mike,2012.0,Comedy Drama,Steven Soderbergh,Channing Tatum,Alex Pettyfer,Matthew McConaughey,6.1,"bank, male nudity, male objectification, male stripper, stripper",English
Darkness Falls,2003.0,Horror Mystery Thriller,Jonathan Liebesman,Sullivan Stapleton,Emma Caulfield,Angus Sampson,4.9,"boy, darkness, light, tooth, tooth fairy",English
Live and Let Die,1973.0,Action Adventure Thriller,Guy Hamilton,Yaphet Kotto,Geoffrey Holder,Clifton James,6.8,"british, cards, heroin, murder, tarot card",English
My Dog Skip,2000.0,Drama Family Sport,Jay Russell,Clint Howard,Frankie Muniz,Cody Linley,7.0,"1940s, dog, mississippi, puppy, veteran",English
"Definitely, Maybe",2008.0,Comedy Drama Romance,Adam Brooks,Ryan Reynolds,Sakina Jaffrey,Paulina Gerzon,7.2,"college, daughter, girl, sex, wisconsin",English
Jumping the Broom,2011.0,Comedy Drama,Salim Akil,Gary Dourdan,Loretta Devine,Laz Alonso,5.7,"martha's vineyard, mother, older woman younger man relationship, wedding, weekend",English
The Great Gatsby,2013.0,Drama Romance,Baz Luhrmann,Leonardo DiCaprio,Elizabeth Debicki,Steve Bisley,7.3,"ingratitude, mansion, party, title appears in writing, tragedy",English
"Good Night, and Good Luck.",2005.0,Biography Drama History,George Clooney,Robert Downey Jr.,Tate Donovan,Alex Borstein,7.5,"cbs, expose, fear, paranoia, reporter",English
Capote,2005.0,Biography Crime Drama,Bennett Miller,Philip Seymour Hoffman,Michael J. Burg,Kwesi Ameyaw,7.4,"book, holcomb kansas, kansas, killer, truman capote",English
Desperado,1995.0,Action Crime Thriller,Robert Rodriguez,Quentin Tarantino,Steve Buscemi,Salma Hayek,7.2,"crushed by a car, female frontal nudity, female nudity, female rear nudity, one against many",English
The Claim,2000.0,Drama Romance Western,Michael Winterbottom,Milla Jovovich,Sarah Polley,Shirley Henderson,6.5,"gold, gold mine, miner, railroad, surveyor",English
Logan's Run,1976.0,Action Adventure Sci-Fi,Michael Anderson,Farrah Fawcett,Jenny Agutter,Peter Ustinov,6.8,"cat, computer, cult film, runner, sanctuary",English
The Man with the Golden Gun,1974.0,Action Adventure Thriller,Guy Hamilton,Christopher Lee,Hervé Villechaize,Desmond Llewelyn,6.8,"assassin, bikini, girl in a bikini, mission, secret agent",English
Action Jackson,1988.0,Action Comedy Crime Thriller,Craig R. Baxley,Bill Duke,Vanity,Carl Weathers,5.2,"murder, power, psychotronic, tough cop, union",English
The Descent,2005.0,Adventure Horror Thriller,Neil Marshall,MyAnna Buring,Shauna Macdonald,Craig Conway,7.2,"cave, expedition, friendship between women, group of friends, survival horror",English
Michael Jordan to the Max,2000.0,Documentary Sport,Don Kempf,Bill Murray,Michael Jordan,Bob Costas,7.5,"basketball, basketball player, character name in title, chicago bulls, imax",English
Devil's Due,2014.0,Horror Mystery,Matt Bettinelli-Olpin,Zach Gilford,Allison Miller,Vanessa Ray,4.0,"eiffel tower at night, honeymoon, implied insemination, party, taxi driver",English
Flirting with Disaster,1996.0,Comedy,David O. Russell,Lily Tomlin,Mary Tyler Moore,David Patrick Kelly,6.8,"adoption, armpit fetish, mistaken identity, new mexico, overalls",English
The Devil's Rejects,2005.0,Crime Horror,Rob Zombie,Sid Haig,Ken Foree,Lew Temple,6.9,"escape, police, road trip, sheriff, texas",English
Dope,2015.0,Comedy Crime Drama,Rick Famuyiwa,Kimberly Elise,Rick Fox,Kiersey Clemons,7.3,"african american, geek, hip hop, party, tomboy",English
In Too Deep,1999.0,Crime Drama Thriller,Michael Rymer,LL Cool J,Omar Epps,Nia Long,6.1,"cunnilingus, oral sex, police, sex scene, undercover",English
Skyfall,2012.0,Action Adventure Thriller,Sam Mendes,Albert Finney,Helen McCrory,Rory Kinnear,7.8,"brawl, childhood home, computer cracker, intelligence agency, terrorist cell",English
House of 1000 Corpses,2003.0,Horror,Rob Zombie,Sid Haig,Matthew McGrory,Erin Daniels,6.0,"actor playing multiple roles, axe, dark comedy, masked man, sadism",English
Alien Zone,1978.0,Horror,Sharron Miller,Bernard Fox,Elizabeth MacRae,Charles Aidman,4.1,"affair, child murderer, mortician, strangulation, supernatural power",English
A Serious Man,2009.0,Comedy Drama,Ethan Coen,Michael Stuhlbarg,Fred Melamed,Peter Breitmayer,7.0,"bar mitzvah, jewish, marital breakup, nose job, rabbi",English
Get Low,2009.0,Drama Mystery,Aaron Schneider,Bill Murray,Robert Duvall,Bill Cobbs,7.1,"funeral, funeral home, hermit, party, secret",English
Warlock,1989.0,Action Fantasy Horror Thriller,Steve Miner,Julian Sands,Richard E. Grant,Lori Singer,6.2,"17th century, book, death, warlock, witch hunter",English
Beyond the Lights,2014.0,Drama Music,Gina Prince-Bythewood,Minnie Driver,Nate Parker,Darryl Stephens,6.9,"domestic abuse, public humiliation, sex symbol, singer, suicide attempt",English
A Single Man,2009.0,Drama Romance,Tom Ford,Colin Firth,Teddy Sears,Keri Lynn Pratt,7.6,"car accident, male full back nudity, practicing a suicide, public nudity, suicide contemplation",English
The Last Temptation of Christ,1988.0,Drama,Martin Scorsese,Irvin Kershner,Barbara Hershey,Roberts Blossom,7.6,"carpenter, exorcism, faith, reference to jesus christ, temptation",English
Outside Providence,1999.0,Comedy Drama Romance,Michael Corrente,Jonathan Brandis,George Wendt,Shawn Hatosy,6.4,"class, cornwall connecticut, dog, friend, pawtucket rhode island",English
Bride & Prejudice,2004.0,Comedy Drama Musical Romance,Gurinder Chadha,Indira Varma,Martin Henderson,Anupam Kher,6.2,"bollywood, india, jane austen, london england, travel",English
Rabbit-Proof Fence,2002.0,Adventure Biography Drama History,Phillip Noyce,Roy Billing,David Gulpilil,Deborah Mailman,7.5,"aborigine, based on true story, colonialism, fence, half caste",Aboriginal
Who's Your Caddy?,2007.0,Comedy Sport,Don Michael Paul,Jeffrey Jones,Faizon Love,Lil' Wayne,2.0,"2000s, golf caddy, golf course, golfer, question mark in title",English
Split Second,1992.0,Action Crime Horror Sci-Fi Thriller,Tony Maylam,Michael J. Pollard,Alun Armstrong,Alastair Duncan,6.2,"appearing from water, breasts, creature, partner, water",English
The Other Side of Heaven,2001.0,Adventure Biography Drama,Mitch Davis,Anne Hathaway,Nathaniel Lees,Miriama Smith,6.5,"1950s, idaho, love, missionary, mormon",English
Veer-Zaara,2004.0,Drama Musical Romance,Yash Chopra,Shah Rukh Khan,Preity Zinta,Anupam Kher,7.9,"fair, pakistan, prison, rescue, stranded",Hindi
Redbelt,2008.0,Drama Sport,David Mamet,Alice Braga,Randy Couture,Jose Pablo Cantillo,6.8,"bar, debt, fight, instructor, jujitsu",English
Cyrus,2010.0,Comedy Drama Romance,Jay Duplass,Matt Walsh,Tim Guinee,Katie Aselton,6.3,"21 year old, forename as title, musician, party, rearview mirror",English
A Dog of Flanders,1999.0,Drama Family,Kevin Brodie,Bruce McGill,Cheryl Ladd,Jack Warden,6.3,"artist, box office flop, dog, drawing, flanders",English
Auto Focus,2002.0,Biography Crime Drama,Paul Schrader,Ed Begley Jr.,Michael McKean,Kurt Fuller,6.6,"friendship, photography, radio, sex addict, video",English
Factory Girl,2006.0,Biography Drama,George Hickenlooper,Hayden Christensen,Jimmy Fallon,Beth Grant,6.4,"andy warhol, female nudity, public nudity, singer, socialite",English
We Need to Talk About Kevin,2011.0,Drama Thriller,Lynne Ramsay,Ezra Miller,Siobhan Fallon Hogan,Ashley Gerasimovich,7.5,"archery, defiance, mental illness, psychopath, toilet training",English
The Christmas Candle,2013.0,Drama Family,John Stephenson,Samantha Barks,Hans Matheson,Lesley Manville,5.8,"angel, candle, christmas, miracle, village",English
The Mighty Macs,2009.0,Drama Sport,Tim Chambers,Ellen Burstyn,Marley Shelton,Jennifer Butler,6.5,"basketball, catholic, coach, college, nun",English
Losin' It,1983.0,Comedy Drama Family,Curtis Hanson,Tom Cruise,Shelley Long,Rick Rossovich,4.8,"apostrophe in title, bare breasts, friendship between men, teen sex comedy, two word title",English
Mother and Child,2009.0,Drama Romance,Rodrigo García,Naomi Watts,Jimmy Smits,Carla Gallo,7.2,"adoption, baby, girl, lawyer, sex",English
March or Die,1977.0,Adventure Drama Romance War,Dick Richards,Catherine Deneuve,Terence Hill,Jack O'Halloran,6.3,"arab, bare chested male, foreign legion, french foreign legion, morocco",English
Les visiteurs,1993.0,Comedy Fantasy Sci-Fi,Jean-Marie Poiré,Christian Clavier,Isabelle Nanty,Valérie Lemercier,7.0,"distant past, future time travel, nobleman, squire, trapped in the past",French
Somewhere,2010.0,Comedy Drama,Sofia Coppola,Nathalie Fay,Chris Pontius,Erin Wasson,6.3,"actor, boredom, luxury hotel, party, trip",English
I Hope They Serve Beer in Hell,2009.0,Comedy,Bob Gosse,Geoff Stults,Susie Abromeit,Derek Wayne Johnson,5.3,"bachelor party, bare butt, loud sex, sex standing up, topless female nudity",English
Chairman of the Board,1998.0,Comedy,Alex Zamm,Taylor Negron,Raquel Welch,Larry Miller,2.3,"box office flop, company, invention, roommate, surfer",English
Hesher,2010.0,Drama,Spencer Susser,Joseph Gordon-Levitt,Natalie Portman,Rainn Wilson,7.1,"bully, car, car accident, fire, vomiting",English
Dom Hemingway,2013.0,Comedy Crime Drama,Richard Shepard,Richard E. Grant,Mark Wingett,Richard Graham,6.2,"male frontal nudity, male nudity, male rear nudity, nudity, sex scene",English
The Heart of Me,2002.0,Drama Romance,Thaddeus O'Sullivan,Olivia Williams,Luke Newberry,Eleanor Bron,6.7,"1930s, car accident, hospital, marital rape, painter",English
Freeheld,2015.0,Biography Drama Romance,Peter Sollett,Steve Carell,Josh Charles,Luke Grimes,6.5,"cancer, gay bar, lesbian kiss, partner, public hearing",English
The Extra Man,2010.0,Comedy,Shari Springer Berman,Lynn Cohen,Marian Seldes,Dan Hedaya,5.9,"co worker, escort, magazine, teacher, writer",English
Hard to Be a God,2013.0,Drama Sci-Fi,Aleksey German,Leonid Yarmolnik,Yuriy Tsurilo,Valentin Golubenko,6.7,"fictional war, hanging, male full frontal nudity, medieval times, nudity",Russian
Ca$h,2010.0,Comedy Crime Thriller,Stephen Milburn Anderson,Chris Hemsworth,Mike Starr,Paul Sanchez,6.0,"cash, financial problem, heist, land rover, mortgage",English
Wah-Wah,2005.0,Drama,Richard E. Grant,Emily Watson,Julie Walters,Miranda Richardson,6.9,"alcoholic, alcoholic father, stepmother, swaziland, unfaithful wife",English
The Boondock Saints,1999.0,Action Crime Thriller,Troy Duffy,Norman Reedus,David Della Rocco,Bob Marley,7.9,"fbi, fbi agent, friend, irish, mafia",English
Twixt,2011.0,Comedy Fantasy Horror Mystery,Francis Ford Coppola,Alden Ehrenreich,Bruce Dern,Joanne Whalley,4.8,"ghost, hotel, murder, stake, what happened to epilogue",English
Snow Queen,2012.0,Adventure Animation Family,Vladlen Barbe,Erin Fitzgerald,Wendee Lee,Ivan Okhlobystin,5.3,3d,Russian
Pale Rider,1985.0,Western,Clint Eastwood,Clint Eastwood,Chris Penn,Sydney Penny,7.3,"gold, miner, preacher, prospector, sheriff",English
Stargate: The Ark of Truth,2008.0,Action Adventure Drama Fantasy Sci-Fi,Robert C. Cooper,Ben Browder,Christopher Judge,Julian Sands,7.4,"2000s, evil god, space opera, stargate, wormhole",English
Dazed and Confused,1993.0,Comedy,Richard Linklater,Milla Jovovich,Adam Goldberg,Cole Hauser,7.7,"football, hazing, high school, last day of school, pledge",English
High School Musical 2,2007.0,Comedy Drama Family Music Musical Romance,Kenny Ortega,Lucas Grabeel,Corbin Bleu,Olesya Rulin,4.8,"2000s, basketball, country club, lifeguard, talent show",English
Criminal Activities,2015.0,Crime Drama Thriller,Jackie Earle Haley,Rex Baker,Edi Gathegi,Travis Aaron Wade,5.8,"african american gangster, falling to death, in over one's head, murder, surveillance",English
Aimee & Jaguar,1999.0,Biography Drama Romance War,Max Färberböck,Heike Makatsch,Johanna Wokalek,Maria Schrader,7.3,"lesbian mother, lesbian parent, lesbian relationship, lesbian romance, lesbianism",German
The Chumscrubber,2005.0,Comedy Drama,Arie Posin,Rory Culkin,John Heard,Tim DeKay,7.0,"chumscrubber, death, friend, pills, school",English
Shade,2003.0,Crime Thriller,Damian Nieman,Glenn Plummer,Jason Cerbone,Mark De Alessandro,6.4,"bar, strip club, stripper, texas hold 'em, thong",English
House at the End of the Street,2012.0,Drama Horror Thriller,Mark Tonderai,Jennifer Lawrence,Nolan Gerard Funk,Gil Bellows,5.6,"brother sister relationship, death of sister, female protagonist, mother daughter relationship, murder",English
Incendies,2010.0,Drama Mystery War,Denis Villeneuve,Lubna Azabal,Mélissa Désormeaux-Poulin,Ahmad Massad,8.2,"brother sister relationship, family relationships, middle east, mother son relationship, twin brother and sister",French
"Remember Me, My Love",2003.0,Comedy Drama Romance,Gabriele Muccino,Laura Morante,Silvio Muccino,Giulia Michelini,6.5,"box office hit, dancer, sex scene, television, underage sex",Italian
Perrier's Bounty,2009.0,Action Comedy Crime Drama Romance Thriller,Ian Fitzgibbon,Jim Broadbent,Brendan Coyle,Michael McElhatton,6.4,"burglary, estranged father, money, neighbor, thug",English
Elite Squad,2007.0,Action Crime Drama Thriller,José Padilha,Wagner Moura,Fernanda Machado,André Ramiro,8.1,"brazil, military police, police, rio de janeiro brazil, slum",Portuguese
Annabelle,2014.0,Horror Mystery,John R. Leonetti,Alfre Woodard,Annabelle Wallis,Gabriel Bateman,5.4,"horror movie prequel, murder, paranormal activity, self sacrifice, suicide",English
Bran Nue Dae,2009.0,Comedy Drama Musical,Rachel Perkins,Deborah Mailman,Magda Szubanski,Jessica Mauboy,6.3,"australia, journey, love, priest, traveling",English
Boyz n the Hood,1991.0,Crime Drama,John Singleton,John Cothran,Lloyd Avery II,Na'Blonka Durden,7.8,"drugs, escape, football, friend, violence",English
La Bamba,1987.0,Biography Drama Music,Luis Valdez,Esai Morales,Rosanna DeSoto,Danielle von Zerneck,6.8,"crash, hispanic, interracial relationship, interracial romance, racism",English
The Four Seasons,1981.0,Comedy Drama,Alan Alda,Rita Moreno,Len Cariou,Sandy Dennis,7.2,"directed by star, friendship, reference to isaac newton, skinny dipping, written and directed by cast member",English
Dressed to Kill,1980.0,Mystery Romance Thriller,Brian De Palma,Angie Dickinson,David Margulies,Nancy Allen,7.1,"apartment, elevator, murder, psychiatrist, sunglasses",English
The Adventures of Huck Finn,1993.0,Adventure Comedy Drama Family,Stephen Sommers,Curtis Armstrong,Frances Conroy,Anne Heche,6.2,"boy, lesson, mississippi river, river, slave",English
Go,1999.0,Comedy Crime,Doug Liman,Sarah Polley,Jay Mohr,Scott Wolf,7.3,"drug deal, drugs, sex, sex on stairs, strip club",English
Friends with Money,2006.0,Comedy Drama Romance,Nicole Holofcener,Greg Germann,Marin Hinkle,Jake Cherry,5.9,"friend, friendship, marital problem, money problems, nervous breakdown",English
The Andromeda Strain,1971.0,Sci-Fi Thriller,Robert Wise,David Wayne,Paula Kelly,Eric Christmas,7.2,"alien, baby, new mexico, satellite, scientist",English
Bats,1999.0,Horror Sci-Fi Thriller,Louis Morneau,Leon,Bob Gunton,Ned Bellamy,3.6,"animal attack, bat, creature feature, experiment, mad scientist",English
Nowhere in Africa,2001.0,Biography Drama,Caroline Link,Merab Ninidze,Juliane Köhler,Matthias Habich,7.7,"breasts, farm, jew, kenya, tween girl",English
Shame,2011.0,Drama,Steve McQueen,Michael Fassbender,Nicole Beharie,James Badge Dale,7.3,"female frontal nudity, female nudity, male nudity, sex addict, sex addiction",English
Layer Cake,2004.0,Crime Drama Thriller,Matthew Vaughn,Tom Hardy,Sally Hawkins,Jamie Foreman,7.4,"cake, cocaine, drugs, pills, serbian",English
The Work and the Glory II: American Zion,2005.0,Drama Western,Sterling Van Wagenen,Emily Podleski,Eric Johnson,Brenda Strong,6.6,"estrangement, missouri, mormon, mormon church, mormon temple",English
The East,2013.0,Drama Thriller,Zal Batmanglij,Alexander Skarsgård,Julia Ormond,Jason Ritter,6.9,"anarchist, corporation, greedy institution, vomiting, watching television",English
A Home at the End of the World,2004.0,Drama Romance,Michael Mayer,Robin Wright,Matt Frewer,Sissy Spacek,6.8,"hand job, hugging, long hair, new york city, two men one woman",English
Aberdeen,2000.0,Drama,Hans Petter Moland,Charlotte Rampling,Sara-Marie Maltha,Stellan Skarsgård,7.3,"death, ferry, lawyer, norway, vomiting",English
The Messenger,2009.0,Drama Romance War,Oren Moverman,Steve Buscemi,Yaya DaCosta,Eamonn Walker,7.2,"captain, casualty notification, casualty notification team, sergeant, staff sergeant",English
Tracker,2010.0,Action Adventure Drama Western,Ian Sharp,Ray Winstone,Jed Brophy,Temuera Morrison,6.5,one word title,English
Control,2007.0,Biography Drama Music,Anton Corbijn,Sam Riley,Samantha Morton,Alexandra Maria Lara,7.7,"band, employment agency, singer, stage fright, suicide",English
The Terminator,1984.0,Action Sci-Fi,James Cameron,Michael Biehn,Brian Thompson,Paul Winfield,8.1,"cyborg, future war, robot, shootout in a police station, urban setting",English
Good Bye Lenin!,2003.0,Drama Romance,Wolfgang Becker,Florian Lukas,Chulpan Khamatova,Burghart Klaußner,7.7,"coma, east germany, german democratic republic, germany, heart attack",German
The Damned United,2009.0,Biography Drama Sport,Tom Hooper,Stephen Graham,Mark Bazeley,Maurice Roëves,7.6,"cup, derby county, flashback, football, leeds united",English
The Return of the Living Dead,1985.0,Comedy Horror Sci-Fi,Dan O'Bannon,Linnea Quigley,Clu Gulager,Beverly Randolph,7.3,"crematorium, female frontal nudity, naked dead woman, paramedic, poison gas",English
Mallrats,1995.0,Comedy Romance,Kevin Smith,Ethan Suplee,Jason Mewes,Joey Lauren Adams,7.2,"comic, ex girlfriend, jay and silent bob, mall, teenager",English
Grease,1978.0,Musical Romance,Randal Kleiser,Olivia Newton-John,Stockard Channing,Sid Caesar,7.2,"automobile racing, boyfriend girlfriend relationship, high school, wrestling, year 1959",English
Platoon,1986.0,Drama War,Oliver Stone,Johnny Depp,Tom Berenger,Kevin Dillon,8.1,"1960s, famous score, hero, vietnam, vietnam war",English
Fahrenheit 9/11,2004.0,Documentary Drama War,Michael Moore,Osama bin Laden,Stevie Wonder,Ricky Martin,7.5,"anti war, interview, iraq, paranoia, war on terrorism",English
Butch Cassidy and the Sundance Kid,1969.0,Biography Crime Drama Western,George Roy Hill,Katharine Ross,Ted Cassidy,Kenneth Mars,8.1,"bolivia, gang, outlaw, posse, train",English
Mary Poppins,1964.0,Comedy Family Fantasy Musical,Robert Stevenson,Ed Wynn,Glynis Johns,Elsa Lanchester,7.8,"banker, female protagonist, live action and animation, magic, nanny",English
Ordinary People,1980.0,Drama,Robert Redford,Adam Baldwin,Elizabeth McGovern,Judd Hirsch,7.8,"choir, death, friend, suicide, therapy",English
Around the World in 80 Days,2004.0,Action Adventure Comedy,Frank Coraci,Jim Broadbent,Steve Coogan,Cécile De France,5.8,"19th century, around the world, inventor, martial arts, train",English
West Side Story,1961.0,Crime Drama Musical Romance Thriller,Jerome Robbins,Rita Moreno,George Chakiris,Richard Beymer,7.6,"dance, gang, new york city, puerto rican, tragedy",English
Caddyshack,1980.0,Comedy Sport,Harold Ramis,Bill Murray,Rodney Dangerfield,Brian Doyle-Murray,7.4,"caddy, country club, golf course, gopher, nudity",English
The Brothers,2001.0,Comedy Drama,Gary Hardwick,Julie Benz,Tatyana Ali,Jenifer Lewis,6.3,"african american, commitment, friend, friendship, playboy",English
The Wood,1999.0,Comedy Drama Romance,Rick Famuyiwa,Omar Epps,Tamala Jones,Richard T. Jones,6.9,"flashback, friendship, public nudity, shower, wedding",English
The Usual Suspects,1995.0,Crime Drama Mystery Thriller,Bryan Singer,Kevin Spacey,Chazz Palminteri,Kevin Pollak,8.6,"criminal, dirty cop, flashback, limping, suspect",English
A Nightmare on Elm Street 5: The Dream Child,1989.0,Fantasy Horror Romance Thriller,Stephen Hopkins,Lisa Wilcox,Kelly Jo Minter,Matthew Borlenghi,5.1,"child, comic book, dream, murderer, nightmare",English
Van Wilder: Party Liaison,2002.0,Comedy Romance,Walt Becker,Ryan Reynolds,Curtis Armstrong,Erik Estrada,6.4,"college, love, party, reporter, tuition",English
The Wrestler,2008.0,Drama Sport,Darren Aronofsky,Mark Margolis,John D'Leo,Ajay Naidu,7.9,"heart attack, stripper, supermarket, wrestler, wrestling",English
Duel in the Sun,1946.0,Drama Romance Western,King Vidor,Joseph Cotten,Lillian Gish,Jennifer Jones,6.9,"box office hit, half breed, infidelity, shooting, texas",English
Best in Show,2000.0,Comedy,Christopher Guest,John Michael Higgins,Catherine O'Hara,Michael McKean,7.5,"dog show, gay, gay character, gay couple, gay interest",English
Escape from New York,1981.0,Action Sci-Fi,John Carpenter,Donald Pleasence,Adrienne Barbeau,Tom Atkins,7.2,"1990s, police, prison, rescue, year 1997",English
School Daze,1988.0,Comedy Drama Musical,Spike Lee,Tisha Campbell-Martin,Ossie Davis,Bill Nunn,5.8,"beauty salon, black college, college, fraternity, sorority",English
Daddy Day Camp,2007.0,Comedy Family,Fred Savage,Lochlyn Munro,Brian Doyle-Murray,Tamala Jones,2.9,"competition, estranged father, skunk, summer camp, wall",English
Mr. Nice Guy,1997.0,Action Comedy Crime,Sammo Kam-Bo Hung,Sammo Kam-Bo Hung,Richard Norton,Rachel Blakely,6.2,"chef, cook, drugs, gang, reporter",English
A Mighty Wind,2003.0,Comedy Music,Christopher Guest,Michael McKean,Christopher Guest,Laura Harris,7.3,"concert, mockumentary, musician, new york city, singer",English
Mystic Pizza,1988.0,Comedy Drama Romance,Donald Petrie,Julia Roberts,Lili Taylor,Conchata Ferrell,6.2,"commitment, marriage, pizza, title appears in writing, woman wearing only a man's shirt",English
Sliding Doors,1998.0,Comedy Drama Fantasy Romance,Peter Howitt,Jeanne Tripplehorn,Kevin McNally,John Lynch,6.8,"alternative reality, multiple outcomes, parallel time, serendipity, twist of fate",English
Tales from the Hood,1995.0,Comedy Horror Thriller,Rusty Cundieff,Corbin Bernsen,Clarence Williams III,David Alan Grier,6.1,"child abuse, death, drugs, ku klux klan, police brutality",English
The Last King of Scotland,2006.0,Biography Drama History Thriller,Kevin Macdonald,David Oyelowo,Simon McBurney,Abby Mukiibi Nkaaga,7.7,"1970s, assassination, doctor, scottish, ugandan",English
Halloween 5,1989.0,Horror Thriller,Dominique Othenin-Girard,Donald Pleasence,Tamara Glynn,Troy Evans,5.2,"cat, halloween, kitten, michael myers, psychotronic",English
Bernie,2011.0,Comedy Crime Drama,Richard Linklater,Matthew McConaughey,Brandon Smith,Rick Dial,6.8,"funeral, stockbroker, texas, vacation, widow",English
Pollock,2000.0,Biography Drama,Ed Harris,John Heard,Bud Cort,Amy Madigan,7.0,"1940s, artist, drinking, life magazine, painter",English
200 Cigarettes,1999.0,Comedy Drama Romance,Risa Bramon Garcia,Janeane Garofalo,Dave Chappelle,Gaby Hoffmann,5.9,"bartender, friend, new year's eve, party, punk",English
The Words,2012.0,Drama Mystery Romance Thriller,Brian Klugman,J.K. Simmons,Bradley Cooper,Olivia Wilde,7.1,"american in paris, book, love, novel, writer",English
Casa de mi Padre,2012.0,Comedy Western,Matt Piedmont,Will Ferrell,Adrian Martinez,Luis E. Carazo,5.5,"absurd humor, drug lord, mexico, ranch, spaghetti western",Spanish
City Island,2009.0,Comedy Drama,Raymond De Felitta,Ezra Miller,Curtiss Cook,Dominik García-Lorido,7.4,"anger, family reunion, father son reunion, hugging, movie making",English
The Guard,2011.0,Comedy Crime Thriller,John Michael McDonagh,Don Cheadle,Fionnula Flanagan,Wale Ojo,7.3,"boat on fire, drug smuggling, fbi, fbi agent, small town",English
College,2008.0,Comedy,Deb Hagan,Drake Bell,Alona Tal,Haley Bennett,4.6,"college, face slap, high school, loss of virginity, pierced nipple",English
The Virgin Suicides,1999.0,Drama Romance,Sofia Coppola,Kirsten Dunst,Kathleen Turner,Scott Glenn,7.2,"catholic, five sisters, isolation, school, suicide",English
Little Voice,1998.0,Comedy Drama Music Romance,Mark Herman,Jim Broadbent,Annette Badland,Brenda Blethyn,7.0,"mother, recluse, shy, singer, talent",English
Miss March,2009.0,Comedy Romance,Zach Cregger,Hugh M. Hefner,Windell Middlebrooks,Raquel Alessi,5.1,"fellatio, hugh hefner, oral sex, playboy centerfold, topless female nudity",English
Wish I Was Here,2014.0,Comedy Drama,Zach Braff,Jim Parsons,Josh Gad,Michael Weston,6.7,"actor, dream sequence, genius recluse, jew, religion",English
Simply Irresistible,1999.0,Comedy Drama Fantasy Romance,Mark Tarlov,Sarah Michelle Gellar,Dylan Baker,Lawrence Gilliard Jr.,5.3,"chef, female chef, love, magic, restaurant",English
Hedwig and the Angry Inch,2001.0,Comedy Drama Music Musical,John Cameron Mitchell,John Cameron Mitchell,Miriam Shor,Andrea Martin,7.8,"band, rock band, sex change, song, transsexual",English
Only the Strong,1993.0,Action Drama,Sheldon Lettich,Antoni Corone,Ryan Bollman,Todd Susman,6.7,"capoeira, fight, fighting, martial arts, violence",English
Goddess of Love,2015.0,Drama Horror Mystery Thriller,Jon Knautz,Rachel Alig,Monda Scott,Alexis Kendra,5.4,"female nudity, hallucination, sex scene, strip club, stripper",English
Shattered Glass,2003.0,Drama History,Billy Ray,Hayden Christensen,Rosario Dawson,Cas Anvar,7.2,"fabricated facts, journalist, stephen glass, the new republic, writer",English
Novocaine,2001.0,Comedy Crime Drama Thriller,David Atkins,Chelcie Ross,Lynne Thigpen,Polly Noonan,5.8,"dentist, drugs, murder, sex, sunflower",English
The Business of Strangers,2001.0,Drama Thriller,Patrick Stettner,Stockard Channing,Tony Devon,Frederick Weller,6.4,"airport, businesswoman, hotel, revenge, vegetarian",English
The Wild Bunch,1969.0,Action Adventure Western,Sam Peckinpah,William Holden,Warren Oates,L.Q. Jones,8.0,"friendship, honor, righteous rage, soldier, texas",English
The Wackness,2008.0,Comedy Drama Romance,Jonathan Levine,Mary-Kate Olsen,Aaron Yoo,Method Man,7.0,"ice cream, marijuana, new york city, summer, therapy",English
The Great Train Robbery,1979.0,Adventure Crime Drama Thriller,Michael Crichton,Lesley-Anne Down,Michael Elphick,Pamela Salem,7.0,"bank, gold, key, safe, train",English
Morvern Callar,2002.0,Drama,Lynne Ramsay,Samantha Morton,Bryan Dick,Paul Popplewell,6.7,"breasts, cleavage, female rear nudity, girl in panties, public nudity",English
Beastmaster 2: Through the Portal of Time,1991.0,Action Adventure Fantasy Sci-Fi,Sylvio Tabet,Michael Berryman,Kari Wuhrer,Marc Singer,3.8,"beast, beastmaster, psychotronic, sword and sorcery, warrior",English
The 5th Quarter,2010.0,Biography Drama Sport,Rick Bieber,Aidan Quinn,Kendrick Cross,Sammy Nagi Njuguna,5.7,"athletic training, football practice, funeral, gymnasium, man crying",English
The Flower of Evil,2003.0,Drama,Claude Chabrol,Benoît Magimel,Nathalie Baye,Mélanie Doutey,6.6,"bordeaux, election, mayor, pamphlet, political thriller",French
The Greatest,2009.0,Drama Romance,Shana Feste,Jennifer Ehle,Zoë Kravitz,Cara Seymour,6.7,"car crash, loss, self help group, teenage mother, title directed by female",English
Snow Flower and the Secret Fan,2011.0,Drama History,Wayne Wang,Bingbing Li,Russell Wong,Ji-hyun Jun,6.1,"car hitting pedestrian, china, fan, nineteenth century, reversal of fortune",English
Come Early Morning,2006.0,Drama Romance,Joey Lauren Adams,Tim Blake Nelson,Diane Ladd,Ritchie Montgomery,6.2,"church, drink, knocking on a door, love, three word title",English
Lucky Break,2001.0,Comedy Crime Romance,Peter Cattaneo,James Nesbitt,Olivia Williams,Peter McNamara,6.2,"escape, prison, prison escape, sadism, solitary confinement",English
Julia,1977.0,Drama,Fred Zinnemann,Meryl Streep,Jane Fonda,Vanessa Redgrave,7.4,"1930s, female protagonist, nazi, romantic friendship, writer",English
"Surfer, Dude",2008.0,Comedy,S.R. Bindler,Matthew McConaughey,Scott Glenn,Sarah Wright,4.7,"barefoot, endorsement, surfboard, virtual reality, waves",English
Lake of Fire,2006.0,Documentary,Tony Kaye,Noam Chomsky,Pat Buchanan,Bill Baird,8.3,"abortion, southern accent, title based on the bible, trial, usa",English
11:14,2003.0,Comedy Crime Drama,Greg Marcks,Henry Thomas,Barbara Hershey,Shawn Hatosy,7.2,"convenience store, multiple perspectives, murder, paramedic, van",English
Men of War,1994.0,Action Drama Thriller,Perry Lang,Catherine Bell,Kevin Tighe,Tim Guinee,5.8,"cockney accent, fight, island, machismo, mercenary",English
Don McKay,2009.0,Drama Mystery Thriller,Jake Goldberger,Pruitt Taylor Vince,M. Emmet Walsh,Robert Wahlberg,5.9,"dead body, dead body in a freezer, dead body wrapped in carpet, person in a car trunk, school janitor",English
Deadfall,2012.0,Crime Drama Thriller,Stefan Ruzowitzky,Charlie Hunnam,Olivia Wilde,Sissy Spacek,6.3,"police officer, police officer killed, police officer shot, sex scene",English
A Shine of Rainbows,2009.0,Drama Family,Vic Sarin,Connie Nielsen,Aidan Quinn,John Bell,7.2,"island, love, new home, orphan, rainbow",English
The Hit List,2011.0,Action Thriller,William Kaufman,Drew Waters,Sean Cook,Cole Hauser,5.4,"die hard scenario, engineer, held at gunpoint, race against time, shot to death",English
Videodrome,1983.0,Horror Mystery Sci-Fi Thriller,David Cronenberg,Debbie Harry,Leslie Carlson,Reiner Schwarz,7.3,"cyberpunk, hallucination, illegality, snuff film, surrealism",English
L'auberge espagnole,2002.0,Comedy Drama,Cédric Klapisch,Romain Duris,Cécile De France,Iddo Goldberg,7.3,"apartment, erasmus, language, student, trip",French
Song One,2014.0,Drama Music,Kate Barker-Froyland,Anne Hathaway,Shawn Parsons,Li Jun Li,5.8,"musician, number in title, recording, sibling",English
Murder by Numbers,2002.0,Crime Mystery Thriller,Barbet Schroeder,Ryan Gosling,Chris Penn,Agnes Bruckner,6.1,"disposing of a dead body, high school student, murder, sociopath, teenage boy",English
Winter in Wartime,2008.0,Drama History War,Martin Koolhoven,Yorick van Wageningen,Tygo Gernandt,Martijn Lakemeier,7.1,"horse, nazi, occupation, resistance movement, uncle nephew relationship",Dutch
Freaky Deaky,2012.0,Comedy Crime Thriller,Charles Matthau,Billy Burke,Michael Jai White,Bill Duke,6.5,"black panties, bomb squad, car bomb, dynamite, girl in panties",English
The Train,1964.0,Thriller War,John Frankenheimer,Jeanne Moreau,Paul Scofield,Michel Simon,7.9,"art, french, german, painting, train",English
Trade of Innocents,2012.0,Drama Thriller,Christopher M. Bessette,Mira Sorvino,John Billingsley,Trieu Tran,5.4,"angkor wat, human trafficking, sex slavery, sex tourism",English
The Protector,2005.0,Action Crime Drama Thriller,Prachya Pinkaew,Jon Foo,Nathan Jones,Johnny Nguyen,7.1,"die hard scenario, elephant, long take, police, sydney australia",Thai
Stiff Upper Lips,1998.0,Comedy,Gary Sinyor,Sean Pertwee,Frank Finlay,Samuel West,6.4,"class conflict, edwardian era, england, sexual awakening, spoof",English
Bend It Like Beckham,2002.0,Comedy Drama Romance Sport,Gurinder Chadha,Archie Panjabi,Parminder Nagra,Anupam Kher,6.7,"hinduism, marriage engagement, soccer, team, tradition",English
Sunshine State,2002.0,Drama Romance,John Sayles,Miguel Ferrer,Edie Falco,Timothy Hutton,6.9,"african american, business, coastline, florida, real estate",English
Crossover,2006.0,Action Sport,Preston A. Whitmore II,Wesley Jonathan,Wayne Brady,Eva Marcille,2.1,"african american, basketball, basketball movie, critically bashed, tv commercial",English
Khiladi 786,2012.0,Action Comedy,Ashish R. Mohan,Asin,Mithun Chakraborty,Johnny Lever,4.3,"car crash, impersonating a police officer, long lost brother, marriage bureau, suitor",Hindi
[Rec] 2,2009.0,Horror,Jaume Balagueró,Jonathan D. Mellor,Pablo Rosso,Andrea Ros,6.6,"apartment, apartment building, blood sample, crucifix, zombie",Spanish
Standing Ovation,2010.0,Musical,Stewart Raffill,Kayla Jackson,Alexis Biesiada,Kayla Raparelli,3.4,"dance, dream, frog, philadelphia pennsylvania, snake",English
The Sting,1973.0,Comedy Crime Drama,George Roy Hill,Eileen Brennan,Robert Shaw,Ray Walston,8.3,"con, con man, courier, long con, murder",English
Chariots of Fire,1981.0,Biography Drama Sport,Hugh Hudson,Alice Krige,Ben Cross,John Gielgud,7.2,"athlete, jew, missionary, olympic games, race",English
Diary of a Mad Black Woman,2005.0,Comedy Drama Romance,Darren Grant,Cicely Tyson,Kimberly Elise,Tamara Taylor,5.6,"comic relief, diary, kiss, madea series, state flag",English
Shine,1996.0,Biography Drama Music Romance,Scott Hicks,Noah Taylor,Armin Mueller-Stahl,Nicholas Bell,7.7,"abuse, australia, concert, pianist, piano",English
Don Jon,2013.0,Comedy Drama Romance,Joseph Gordon-Levitt,Joseph Gordon-Levitt,Scarlett Johansson,Tony Danza,6.6,"camera focus on female butt, cunnilingus, new jersey, oral sex, reference to facebook",English
High Plains Drifter,1973.0,Mystery Western,Clint Eastwood,Clint Eastwood,Richard Bull,John Hillerman,7.6,"gravestone, gunfighter, outlaw, revenge, small town",English
Ghost World,2001.0,Comedy Drama,Terry Zwigoff,Scarlett Johansson,Steve Buscemi,T.J. Thyne,7.4,"art class, diner, friend, graduation, high school",English
Iris,2001.0,Biography Drama Romance,Richard Eyre,Kate Winslet,Jim Broadbent,Kris Marshall,7.1,"alzheimer's disease, book, love, novelist, writer",English
Galaxina,1980.0,Comedy Sci-Fi,William Sachs,Stephen Macht,Avery Schreiber,Angelo Rossitto,3.4,"alien, android, fem bot, female android, stars",English
The Chorus,2004.0,Drama Music,Christophe Barratier,Jean-Baptiste Maunier,François Berléand,Gérard Jugnot,7.9,"boarding school, boy, choir, school, teacher",French
Mambo Italiano,2003.0,Comedy Drama,Émile Gaudreault,Paul Sorvino,Luke Kirby,Claudia Ferri,6.7,"gay, immigrant, italian, police, police officer",English
Wonderland,2003.0,Crime Drama Mystery Thriller,James Cox,Alexis Dziena,Louis Lombardi,Franky G,6.6,"murder, police, police investigation, porn star, robbery",English
Do the Right Thing,1989.0,Drama,Spike Lee,Ruby Dee,John Savage,Danny Aiello,7.9,"black militant, frustration, pizza, pizza parlor, pizzeria",English
Harvard Man,2001.0,Comedy Crime Drama Romance Thriller,James Toback,Sarah Michelle Gellar,Eric Stoltz,Joey Lauren Adams,4.9,"basketball, cheerleader, college, harvard, philosophy",English
Le Havre,2011.0,Comedy Drama,Aki Kaurismäki,Jean-Pierre Léaud,Kati Outinen,Jean-Pierre Darroussin,7.2,"bar, container, illegal immigrant, neighbor, shoe shiner",French
Irreversible,2002.0,Crime Drama Mystery Thriller,Gaspar Noé,Philippe Nahon,Albert Dupontel,Jo Prestia,7.4,"long take, male frontal nudity, revenge, reverse chronology, vengeance",French
R100,2013.0,Comedy Drama,Hitoshi Matsumoto,Lindsay Kay Hayward,Hitoshi Matsumoto,Shinobu Terajima,6.1,"coma, one word title, spitting, sushi, swimming pool",Japanese
Rang De Basanti,2006.0,Comedy Drama History Romance,Rakeysh Omprakash Mehra,Anupam Kher,Steven Mackintosh,Madhavan,8.4,"freedom, friend, india, student, urination",Hindi
Animals,2014.0,Drama,Collin Schiffli,Kim Shaw,John Heard,David Dastmalchian,6.2,"drug addict, drug addiction, drug use, drugs, junkie",English
Salvation Boulevard,2011.0,Action Comedy Drama Thriller,George Ratliff,Jim Gaffigan,Cree Kelly,Mike Eshaq,5.3,"cross, doused with gasoline, pastor, security guard, shower",English
The Ten,2007.0,Comedy Romance,David Wain,Jon Hamm,Ken Marino,Ron Silver,5.0,"death, mexico, sabbath, surgeon, ten stories",English
A Room for Romeo Brass,1999.0,Comedy Drama,Shane Meadows,Bob Hoskins,Paddy Considine,Shane Meadows,7.7,"betrayal, family relationships, friendship, psychosis, stranger",English
Headhunters,2011.0,Crime Drama Thriller,Morten Tyldum,Aksel Hennie,Synnøve Macody Lund,Julie R. Ølgaard,7.6,"art thief, male frontal nudity, male nudity, male star appears nude, painting",Norwegian
Grabbers,2012.0,Comedy Horror Sci-Fi Thriller,Jon Wright,Russell Tovey,Richard Coyle,Bronagh Gallagher,6.3,"bathtub, eaten alive, ferry boat, lobster trap, sprinkler system",English
Saint Ralph,2004.0,Comedy Drama Sport,Michael McGowan,Campbell Scott,Adam Butcher,Gordon Pinsent,7.6,"boston marathon, coma, marathon, miracles, running",English
Miss Julie,2014.0,Drama Romance,Liv Ullmann,Samantha Morton,Jessica Chastain,Colin Farrell,5.6,"kissing someone's boot, midsummer, telling someone to shut up, two word title, valet",English
Somewhere in Time,1980.0,Drama Fantasy Romance,Jeannot Szwarc,Teresa Wright,Bill Erwin,George Voskovec,7.3,"hotel, love, love across time, time travel, time travel romance",English
Dum Maaro Dum,2011.0,Action Crime Drama Thriller,Rohan Sippy,Abhishek Bachchan,Bipasha Basu,Prateik,6.2,"airport, drugs, loss of loved one, police, title based on song",Hindi
Insidious: Chapter 2,2013.0,Fantasy Horror Thriller,James Wan,Lin Shaye,Barbara Hershey,Leigh Whannell,6.6,"barricading a door, injection in leg, police detective, supernatural, taser",English
Saw II,2005.0,Horror Mystery,Darren Lynn Bousman,Emmanuelle Vaugier,Tony Nappo,Shawnee Smith,6.6,"death, detective, nerve gas, serial killer, trap",English
10 Cloverfield Lane,2016.0,Drama Horror Mystery Sci-Fi Thriller,Dan Trachtenberg,Bradley Cooper,John Gallagher Jr.,Sumalee Montano,7.3,"alien, bunker, car crash, kidnapping, minimal cast",English
Jackass: The Movie,2002.0,Comedy Documentary,Jeff Tremaine,Bam Margera,Steve-O,Chris Pontius,6.6,"alligator, golf, japan, panda, stunt",English
Lights Out,2016.0,Horror,David F. Sandberg,Billy Burke,Amiah Miller,Gabriel Bateman,6.9,"based on short film, reference to avenged sevenfold, reference to slayer, switching lights on and off, two word title",English
Paranormal Activity 3,2011.0,Horror,Henry Joost,Johanna Braddy,Sprague Grayden,Christopher Nicholas Smith,5.8,"animate object, imaginary friend, reference to macgyver, whispering, woman wearing only a man's shirt",English
Ouija,2014.0,Fantasy Horror,Stiles White,Lin Shaye,Shelley Hennig,Daren Kagasoff,4.4,"death of girlfriend, funeral, ghost, ouija, spirit",English
A Nightmare on Elm Street 3: Dream Warriors,1987.0,Action Fantasy Horror Thriller,Chuck Russell,John Saxon,Heather Langenkamp,Jennifer Rubin,6.6,"dream, freddy krueger, killer, nightmare, springwood ohio",English
The Gift,2015.0,Mystery Thriller,Joel Edgerton,Busy Philipps,Allison Tolman,Wendell Pierce,7.1,"compulsive liar, fired from a job, gift, rape, substance abuse",English
Instructions Not Included,2013.0,Comedy Drama,Eugenio Derbez,Eugenio Derbez,Jessica Lindsey,Hugo Stiglitz,7.6,father daughter relationship,Spanish
Paranormal Activity 4,2012.0,Horror,Henry Joost,Matt Shively,Brendon Eggertsen,Alisha Boe,4.6,"boy in a bathtub, demon, laptop computer, pulled underwater, walking in the dark",English
The Robe,1953.0,Drama History,Henry Koster,Richard Burton,Jean Simmons,Victor Mature,6.8,"box office hit, crucifixion, nightmare, palestine, robe",English
The Return of the Pink Panther,1975.0,Comedy Crime Mystery,Blake Edwards,Burt Kwouk,Herbert Lom,Catherine Schell,7.1,"clouseau, diamond, panther, pink, pink panther",English
Freddy's Dead: The Final Nightmare,1991.0,Comedy Fantasy Horror Thriller,Rachel Talalay,Johnny Depp,Tom Arnold,Yaphet Kotto,4.9,"dark comedy, dream, freddy krueger, nightmare, serial murder",English
Monster,2003.0,Biography Crime Drama Thriller,Patty Jenkins,Charlize Theron,Bruce Dern,Pruitt Taylor Vince,7.3,"beach, female criminal, hooker, lesbian, prostitute",English
"20,000 Leagues Under the Sea",1954.0,Adventure Drama Family Fantasy Sci-Fi,Richard Fleischer,James Mason,Robert J. Wilke,Paul Lukas,7.2,"captain, expedition, sea, submarine, whale",English
Paranormal Activity: The Marked Ones,2014.0,Fantasy Horror Thriller,Christopher Landon,Richard Cabral,Gloria Sandoval,Molly Ephraim,5.0,"apartment, blood, demonic possession, neighbor, pentagram",English
The Elephant Man,1980.0,Biography Drama,David Lynch,Anthony Hopkins,Anne Bancroft,Dexter Fletcher,8.2,"curiosity, exploitation, freak, hospital, physical deformity",English
Dallas Buyers Club,2013.0,Biography Drama,Jean-Marc Vallée,Matthew McConaughey,Jennifer Garner,Denis O'Hare,8.0,"drugs, fda, gay community, hiv, homophobia",English
The Lazarus Effect,2015.0,Horror Sci-Fi Thriller,David Gelb,Olivia Wilde,Mark Duplass,Donald Glover,5.2,"electrocuted, experiment, hell, serum, university",English
Memento,2000.0,Mystery Thriller,Christopher Nolan,Callum Rennie,Thomas Lennon,Jorja Fox,8.5,"flashback, memory, murder, short term memory, telephone",English
Oculus,2013.0,Horror Mystery,Mike Flanagan,James Lafferty,Rory Cochrane,Garrett Ryan,6.5,"home office, mirror, released from a mental hospital, trauma, video camera",English
Clerks II,2006.0,Comedy,Kevin Smith,Ethan Suplee,Jason Mewes,Brian O'Halloran,7.4,"fast food, fast food restaurant, new jersey, quick stop, restaurant",English
Billy Elliot,2000.0,Drama Music,Stephen Daldry,Julie Walters,Gary Lewis,Jamie Draven,7.7,"audition, ballet, boxing, miner, miners strike",English
The Way Way Back,2013.0,Comedy Drama,Nat Faxon,Steve Carell,Liam James,Jim Rash,7.4,"awkward boy, shy kid, summer, vacation, water park",English
House Party 2,1991.0,Comedy Drama Music Romance,George Jackson,William Schallert,Tisha Campbell-Martin,Helen Martin,5.1,"college, misogyny, money, new friend, party",English
The Man from Snowy River,1982.0,Adventure Drama Family Romance Western,George Miller,Tony Bonner,Jack Thompson,Tom Burlinson,7.3,"australia, brumby, ranch, stallion, twin",English
Doug's 1st Movie,1999.0,Animation Comedy Family,Maurice Joyce,Frank Welker,Constance Shulman,Alice Playten,5.0,"dance, friend, monster, reference to batman, valentine",English
The Apostle,1997.0,Drama,Robert Duvall,John Beasley,Todd Allen,June Carter Cash,7.2,"church, louisiana, minister, preacher, texas",English
Mommie Dearest,1981.0,Biography Drama,Frank Perry,Faye Dunaway,Xander Berkeley,Diana Scarwid,6.7,"abusive mother, adopted daughter, borderline personality disorder, perfection, sadistic cruelty",English
Our Idiot Brother,2011.0,Comedy Drama,Jesse Peretz,Zooey Deschanel,Adam Scott,Steve Coogan,6.4,"art model, farmer, jail, nude model, three sisters",English
Race,2016.0,Biography Drama Sport,Stephen Hopkins,William Hurt,Tony Curran,David Kross,7.1,"1930s, athlete, nazi germany, olympics, track and field",English
The Players Club,1998.0,Comedy Drama,Ice Cube,Bernie Mac,Monica Calhoun,Chrystale Wilson,5.6,"catfight, dominatrix, rape, spanking, stripper",English
O,2001.0,Drama Romance Thriller,Tim Blake Nelson,Mekhi Phifer,Andrew Keegan,John Heard,6.2,"basketball, basketball player, boarding school, love, shakespeare's othello",English
"As Above, So Below",2014.0,Horror Mystery Thriller,John Erick Dowdle,Ben Feldman,Edwin Hodge,Perdita Weeks,6.1,"archeologist, catacomb, found footage, paris france, philosopher's stone",English
Addicted,2014.0,Drama Thriller,Bille Woodruff,Boris Kodjoe,Cameron Mills,Sharon Leal,5.2,"adultery, attraction, lust, obsession, temptation",Spanish
Eve's Bayou,1997.0,Drama,Kasi Lemmons,Jurnee Smollett-Bell,Lynn Whitfield,Diahann Carroll,7.3,"doctor, louisiana, secret, title directed by female, witchcraft",English
Still Alice,2014.0,Drama,Richard Glatzer,Kristen Stewart,Hunter Parrish,Seth Gilliam,7.5,"alzheimer's disease, bechdel test passed, linguistics professor, new york city, reference to angels in america the play",English
The Egyptian,1954.0,Drama History,Michael Curtiz,Gene Tierney,Peter Ustinov,Jean Simmons,6.6,"afterlife, egypt, pharaoh, princess, pyramid",English
Nighthawks,1981.0,Action Crime Thriller,Bruce Malmuth,Sylvester Stallone,Lindsay Wagner,Persis Khambatta,6.4,"bomb, new york city, partner, shooting, terrorist",English
Friday the 13th Part VIII: Jason Takes Manhattan,1989.0,Adventure Horror,Rob Hedden,Kane Hodder,Peter Mark Richman,Scott Reeves,4.5,"cult film, friday the thirteenth, hockey mask, jason voorhees, murder spree",English
My Big Fat Greek Wedding,2002.0,Comedy Family Romance,Joel Zwick,Nia Vardalos,Louis Mandylor,Lainie Kazan,6.6,"baptism, greek, greek restaurant, prejudice, travel agency",English
Spring Breakers,2012.0,Crime Drama,Harmony Korine,James Franco,Heather Morris,Rachel Korine,5.3,"kissing a dead body, repeated dialogue, sex in pool, spring break, twins",English
Halloween: The Curse of Michael Myers,1995.0,Horror Thriller,Joe Chappelle,Donald Pleasence,Kim Darby,Mitchell Ryan,4.9,"halloween, michael myers, nudity, returning character with different actor, slasher flick",English
Y Tu Mamá También,2001.0,Adventure Comedy Drama Romance,Alfonso Cuarón,Maribel Verdú,Daniel Giménez Cacho,María Aura,7.7,"beach, cleaning a swimming pool, male male kiss, mexico, on the road",Spanish
Shaun of the Dead,2004.0,Comedy Horror,Edgar Wright,Peter Serafinowicz,Dylan Moran,Rafe Spall,8.0,"british horror, pub, record collection, zombie, zombie apocalypse",English
The Haunting of Molly Hartley,2008.0,Drama Horror Thriller,Mickey Liddell,Jessica Lowndes,Randy Wayne,Haley Bennett,3.8,"18th birthday, birthday, community center, resurrection, teenager",English
Lone Star,1996.0,Drama Mystery,John Sayles,Matthew McConaughey,Clifton James,Miriam Colon,7.6,"father son relationship, interracial relationship, neo western, sheriff, texas",English
Halloween 4: The Return of Michael Myers,1988.0,Horror Thriller,Dwight H. Little,Donald Pleasence,Kathleen Kinmont,Ellie Cornell,5.9,"halloween, michael myers, murder, niece, october",English
April Fool's Day,1986.0,Horror Mystery,Fred Walton,Thomas F. Wilson,Deborah Foreman,Clayton Rohner,6.2,"april fool's day, island, mansion, psycho, secret",English
Diner,1982.0,Comedy Drama,Barry Levinson,Steve Guttenberg,Daniel Stern,Ellen Barkin,7.2,"baltimore colts, diner, marriage, salesman, wedding",English
Lone Wolf McQuade,1983.0,Action Crime Drama Thriller Western,Steve Carver,David Carradine,William Sanderson,Robert Beltran,6.3,"drugs, martial arts, texas, texas ranger, weapon",English
Apollo 18,2011.0,Horror Mystery Sci-Fi Thriller,Gonzalo López-Gallego,Warren Christie,Ryan Robbins,Andrew Airlie,5.2,"cosmonaut, footprint, found footage, moon, secret mission",English
Sunshine Cleaning,2008.0,Comedy Drama,Christine Jeffs,Clifton Collins Jr.,Mary Lynn Rajskub,Paul Dooley,6.9,"business, crime scene cleanup, private school, school, sister sister relationship",English
No Escape,2015.0,Action Thriller,John Erick Dowdle,Sterling Jerins,Claire Geare,Sahajak Boonthanakit,6.8,"asia, fictional country, hotel, rebellion, revolution",English
The Beastmaster,1982.0,Action Adventure Fantasy,Don Coscarelli,Vanna Bonta,John Amos,Rip Torn,6.2,"breasts, critically acclaimed, female frontal nudity, psychotronic film, sword and sorcery",English
Solomon and Sheba,1959.0,Drama History Romance War,King Vidor,Gina Lollobrigida,George Sanders,Finlay Currie,6.2,"king, pharaoh, queen, queen of sheba, tribe",English
Fifty Shades of Black,2016.0,Comedy,Michael Tiddes,Fred Willard,Mike Epps,Russell Peters,3.5,"color in title, parody, reference to cuba gooding jr, reference to netflix, written by star",English
Not Easily Broken,2009.0,Drama Romance,Bill Duke,Eddie Cibrian,Jenifer Lewis,Wood Harris,6.1,"african american protagonist, based on novel, title spoken by character",English
A Farewell to Arms,1932.0,Drama Romance War,Frank Borzage,Gary Cooper,Helen Hayes,Adolphe Menjou,6.6,"1910s, ambulance driver, italy, lake, nurse",English
Digimon: The Movie,2000.0,Action Adventure Animation Family Sci-Fi,Mamoru Hosoda,Lara Jill Miller,Colleen O'Shaughnessey,Mona Marshall,5.9,"based on video game, box office hit, computer, digimon, internet",English
Saved!,2004.0,Comedy Drama,Brian Dannelly,Macaulay Culkin,Patrick Fugit,Eva Amurri Martino,6.9,"christian, jewish, pastor, school, virginity",English
The Barbarian Invasions,2003.0,Comedy Crime Drama Mystery Romance,Denys Arcand,Marie-Josée Croze,Stéphane Rousseau,Marina Hands,7.7,"cancer, dying, friend, money, socialist",French
Robin and Marian,1976.0,Adventure Drama Romance,Richard Lester,Robert Shaw,Denholm Elliott,Nicol Williamson,6.6,"crusades, friar, robin hood, sheriff, sheriff of nottingham",English
The Forsaken,2001.0,Horror Thriller,J.S. Cardone,Brendan Fehr,Kerr Smith,Izabella Miko,5.3,"flashing breasts, hitchhiker, vampire, vampire hunter, virus",English
Force 10 from Navarone,1978.0,Action Drama War,Guy Hamilton,Harrison Ford,Carl Weathers,Franco Nero,6.3,"colonel, mission, partisan, spy, traitor",English
UHF,1989.0,Comedy Drama,Jay Levey,Fran Drescher,Gedde Watanabe,Michael Richards,7.0,"gambling, imagination, television, television station, tv show",English
Grandma's Boy,2006.0,Comedy,Nicholaus Goossen,Linda Cardellini,Joel David Moore,Shirley Jones,7.0,"co worker, game tester, loss of virginity, roommate, snack",English
Slums of Beverly Hills,1998.0,Comedy Drama,Tamara Jenkins,Natasha Lyonne,Kevin Corrigan,Jessica Walter,6.6,"flatulence, menstrual blood, nomad, nursing school, title directed by female",English
Once Upon a Time in the West,1968.0,Western,Sergio Leone,Claudia Cardinale,Woody Strode,Jack Elam,8.6,"gang, gun, harmonica, killing, woman in bathtub",English
Made,2001.0,Comedy Crime Drama Thriller,Jon Favreau,Jon Favreau,Faizon Love,Jonathan Silverman,6.4,"friendship, loudmouth, money laundering, new york city, stripper",English
Moon,2009.0,Drama Mystery Sci-Fi,Duncan Jones,Kevin Spacey,Matt Berry,Benedict Wong,7.9,"computer, contract, earth, moon, solitude",English
Keeping Up with the Steins,2006.0,Comedy,Scott Marshall,Miranda Cosgrove,Jami Gertz,Carter Jenkins,5.4,"bar mitzvah, carried in a chair, hebrew, party, rite of passage",English
Sea Rex 3D: Journey to a Prehistoric World,2010.0,Documentary,Ronan Chapalain,Norbert Ferrer,Guillaume Denaiffe,Chloe Hollings,6.9,"3d, imax, plesiosaur, sea, water",English
The Sweet Hereafter,1997.0,Drama,Atom Egoyan,Bruce Greenwood,Sarah Polley,Simon Baker,7.7,"anger, bus, child, lawyer, school",English
Of Gods and Men,2010.0,Drama,Xavier Beauvois,Lambert Wilson,Michael Lonsdale,Olivier Rabourdin,7.2,"catholic church, community, monastery, monk, terrorist",French
Bottle Shock,2008.0,Comedy Drama,Randall Miller,Alan Rickman,Freddy Rodríguez,Greg Collins,6.8,"airport, california, flat tire, overalls, wine",English
Jekyll and Hyde... Together Again,1982.0,Comedy Music Sci-Fi,Jerry Belson,Cassandra Peterson,Tim Thomerson,Bess Armstrong,6.2,"breasts growing, coors light, drugs, hospital, spinning in grave",English
Heavenly Creatures,1994.0,Biography Crime Drama Romance Thriller,Peter Jackson,Kate Winslet,Jed Brophy,Liz Mullane,7.4,"fantasy life, friend, friendship, love, teenage crush",English
90 Minutes in Heaven,2015.0,Drama,Michael Polish,Hayden Christensen,Bobby Batson,Cynthia Barrett,4.6,"heaven, hospital, praying, pronounced dead, recovery",English
Everything Must Go,2010.0,Comedy Drama,Dan Rush,Will Ferrell,Scott Takeda,Stephen Root,6.4,"alcoholic, beer, bicycle, new neighbor, yard sale",English
Zero Effect,1998.0,Comedy Crime Drama Mystery Thriller,Jake Kasdan,Kim Dickens,Ryan O'Neal,Angela Featherstone,7.0,"blackmail, client, private detective, private investigator, tycoon",English
The Machinist,2004.0,Drama Thriller,Brad Anderson,Christian Bale,Jennifer Jason Leigh,Reg E. Cathey,7.7,"alienation, conscience, insomnia, paranoia, urban gothic",English
Light Sleeper,1992.0,Crime Drama,Paul Schrader,Dana Delany,Jane Adams,David Clennon,6.8,"bare breasts, drugs, existentialism, new york city, redemption",English
Kill the Messenger,2014.0,Biography Crime Drama Mystery Thriller,Michael Cuesta,Jeremy Renner,Paz Vega,Robert Pralgo,7.0,"based on true story, cia, cocaine, journalist, smear campaign",English
Rabbit Hole,2010.0,Drama,John Cameron Mitchell,Dianne Wiest,Jon Tenney,Tammy Blanchard,7.0,"car, comic book, comic book artist, iphone, memory",English
Party Monster,2003.0,Biography Crime Drama Thriller,Fenton Bailey,Macaulay Culkin,Mia Kirshner,Marilyn Manson,6.3,"drug dealer, drugs, gay, homosexual, party",English
Green Room,2015.0,Crime Horror Music Thriller,Jeremy Saulnier,Alia Shawkat,Mark Webber,Joe Cole,7.1,"murder, neo nazi, punk band, skinhead, suspense",English
The Oh in Ohio,2006.0,Comedy Drama Romance,Billy Kent,Liza Minnelli,Tim Russ,Winter Ave Zoli,5.6,"marriage, orgasm, school, sex, swimming",English
Atlas Shrugged: Who Is John Galt?,2014.0,Drama Mystery Sci-Fi,James Manera,Joaquim de Almeida,Greg Germann,Kristoffer Polaha,4.4,"box office flop, critically bashed, economy, individual versus society, rescue",English
Bottle Rocket,1996.0,Comedy Crime Drama,Wes Anderson,Andrew Wilson,Darryl Cox,Lumi Cavazos,7.1,"caper, escapade, motel, robbery, texas",English
Albino Alligator,1996.0,Crime Drama Thriller,Kevin Spacey,Viggo Mortensen,Joe Mantegna,Faye Dunaway,6.1,"bar, box office flop, hostage, new orleans louisiana, police",English
"Gandhi, My Father",2007.0,Biography Drama History,Feroz Abbas Khan,Akshaye Khanna,Bhoomika Chawla,Darshan Jariwala,7.4,"africa, hindu, india, muslim, south africa",Hindi
Standard Operating Procedure,2008.0,Crime Documentary War,Errol Morris,Jeffrey Frost,Megan Ambuhl Graner,Ken Davis,7.5,"abu ghraib, abuse, prison, slow motion, torture",English
Out of the Blue,1980.0,Drama,Dennis Hopper,Raymond Burr,Don Gordon,Jim Byrnes,7.2,"explosion, hitchhiking, punk, trauma, truck driver",English
Tucker and Dale vs Evil,2010.0,Comedy Horror,Eli Craig,Katrina Bowden,Tyler Labine,Chelan Simmons,7.6,"cabin, chainsaw, college kid, hillbilly, vacation",English
"Lovely, Still",2008.0,Drama Romance,Nicholas Fackler,Adam Scott,Ellen Burstyn,Martin Landau,7.3,"christmas, fable, old man",English
Tycoon,1947.0,Adventure Drama Romance,Richard Wallace,Judith Anderson,Paul Fix,Laraine Day,6.2,"engineer, ethics, mountain, railroad, south america",English
Desert Blue,1998.0,Drama,Morgan J. Freeman,Ethan Suplee,John Heard,Sara Gilbert,6.2,"cola, desert, ice cream cone, teenage girl, vomiting",English
Decoys,2004.0,Comedy Horror Sci-Fi,Matthew Hastings,Meghan Ory,Marc Trottier,Corey Sevier,4.6,"breasts, campus, college, tentacle, virginity",English
The Visit,2015.0,Horror Thriller,M. Night Shyamalan,Ocean James,Patch Darragh,Olivia DeJonge,6.2,"farm, handheld camera, impostor, rap, rock paper scissors",English
Redacted,2007.0,Crime Thriller War,Brian De Palma,Mike Figueroa,Daniel Stewart Sherman,Kel O'Neill,6.2,"blood splatter, iraq, murder, rape, soldier",English
Fascination,2004.0,Mystery Romance Thriller,Klaus Menzel,Adam Garcia,Jacqueline Bisset,Alice Evans,3.3,"death, love, marriage, secret, suspicion",English
Area 51,2015.0,Horror Sci-Fi Thriller,Oren Peli,Glenn Campbell,Sandra Staggs,Jelena Nik,4.2,"alien, alien abduction, conspiracy, secret base, ufo",English
Sleep Tight,2011.0,Drama Horror Thriller,Jaume Balagueró,Luis Tosar,Tony Corvillo,Marta Etura,7.2,"apartment, concierge, girl, hitchcockian, stalking",Spanish
The Cottage,2008.0,Comedy Crime Horror Thriller,Paul Andrew Williams,Dave Legeno,Doug Bradley,Georgia Groome,6.2,"countryside, deformed, farmer, gangster, kidnapping",English
Dead Like Me: Life After Death,2009.0,Comedy Drama Fantasy,Stephen Herek,Henry Ian Cusick,Callum Blue,Shenae Grimes-Beech,6.1,"african american policeman, police, policeman, policewoman, vomiting",English
Farce of the Penguins,2006.0,Animation Comedy,Bob Saget,Alyson Hannigan,John Stamos,Jim Belushi,4.2,"flatulence, march, penguin, south pole, spoof",English
Rudderless,2014.0,Comedy Drama Music,William H. Macy,Billy Crudup,Felicity Huffman,David Adam Flannery,7.5,"demo tape, directed by cast member, grieving father, guitar, guitar player",English
Henry & Me,2014.0,Animation Family,Barrett Esposito,Chazz Palminteri,Cyndi Lauper,Danny Aiello,6.7,"bare butt, baseball, children, new york yankees, surrealism",English
We Have Your Husband,2011.0,Crime Drama Thriller,Eric Bross,Teri Polo,Esai Morales,Nicholas Gonzalez,5.5,"abduction, based on true story, mexico",English
Dying of the Light,2014.0,Drama Thriller,Paul Schrader,Nicolas Cage,Irène Jacob,Tomiwa Edun,4.4,"cia, individualism, mental illness, religion, revenge",English
Born of War,2014.0,Action Drama Thriller War,Vicky Jewson,James Frain,Sofia Black-D'Elia,Lisa Kay,4.4,"fight, mina, murder, revenge, terrorist",English
Capricorn One,1977.0,Action Sci-Fi Thriller,Peter Hyams,David Huddleston,Sam Waterston,Hal Holbrook,6.8,"astronaut, hoax, journalist, mission, nasa",English
Yoga Hosers,2016.0,Comedy Fantasy Horror Thriller,Kevin Smith,Johnny Depp,Haley Joel Osment,Natasha Lyonne,4.8,"part of trilogy, second part",English
Navy Seals vs. Zombies,2015.0,Action Horror,Stanton Barrett,Mikal Vega,Michael Dudikoff,Ed Quinn,3.4,"building, infection, navy seal, shot through the head, zombie",English
I Served the King of England,2006.0,Comedy Drama Romance War,Jirí Menzel,Julia Jentsch,Ivan Barnev,Milan Lasica,7.4,"hotel, legs, lingerie, waiter, wealth",Czech
Soul Kitchen,2009.0,Comedy Drama,Fatih Akin,Udo Kier,Moritz Bleibtreu,Birol Ünel,7.3,"2000s, burglar, chef, cook, restaurant",German
Sling Blade,1996.0,Drama,Billy Bob Thornton,Robert Duvall,Dwight Yoakam,J.T. Walsh,8.0,"friend, mental institution, murder, repair shop, small town",English
The Awakening,2011.0,Horror Thriller,Nick Murphy,Isaac Hempstead Wright,Imelda Staunton,Joseph Mawle,6.5,"boarding school, boy, british horror, ghost, school",English
Hostel,2005.0,Horror,Eli Roth,Jay Hernandez,Takashi Miike,Rick Hoffman,5.9,"bratislava, hostel, sadistic horror, torture, travel",English
Tristram Shandy: A Cock and Bull Story,2005.0,Comedy Drama,Michael Winterbottom,Steve Coogan,Shirley Henderson,Dylan Moran,6.8,"actor playing himself, battle, boots, penis, womb",English
Take Shelter,2011.0,Drama Thriller,Jeff Nichols,Katy Mixon,Shea Whigham,Robert Longstreet,7.4,"ambiguous ending, firefly, mysterious event, schizophrenia, storm",English
Lady in White,1988.0,Fantasy Horror Mystery Thriller,Frank LaLoggia,Alex Rocco,Lukas Haas,Katherine Helmond,6.7,"1960s, boy, ghost, murder, small town",English
Driving Lessons,2006.0,Comedy Drama,Jeremy Brock,Rupert Grint,Julie Walters,Tamsin Egerton,6.8,"actress, coming of age, retired actress, teenage boy, vomiting",English
Let's Kill Ward's Wife,2014.0,Comedy Crime,Scott Foley,Donald Faison,Greg Grunberg,Dagmara Dominczyk,5.4,"apology, death, group of friends, sex, toilet",English
The Texas Chainsaw Massacre 2,1986.0,Comedy Horror,Tobe Hooper,Bill Johnson,Lou Perryman,Jim Siedow,5.5,"chainsaw, chainsaw murder, human monster, music score composed by director, obscene finger gesture",English
Pat Garrett & Billy the Kid,1973.0,Biography Drama Romance Western,Sam Peckinpah,James Coburn,Bob Dylan,Jason Robards,7.4,"bare breasts, flogging, human branding, man slaps a woman, manhunt",English
Only God Forgives,2013.0,Crime Drama,Nicolas Winding Refn,Ryan Gosling,Kristin Scott Thomas,Yayaying Rhatha Phongam,5.7,"brutal cop, drug dealer, punishment, thai boxing, vengeance",English
Camping sauvage,2005.0,Drama,Christophe Ali,Denis Lavant,Isild Le Besco,Emmanuelle Bercot,5.4,"cabin, girl fight, jealousy, sailing boat, tent",French
Without Men,2011.0,Comedy,Gabriela Tagliavini,Maria Conchita Alonso,Kate del Castillo,Camryn Manheim,3.2,"bare chested male, journalist, passion, pregnancy, woman in underwear",English
Dear Frankie,2004.0,Drama Romance,Shona Auerbach,Gerard Butler,Sharon Small,Jack McElhone,7.8,"boy, dock, letter, seaside, stranger",English
All Hat,2007.0,Western,Leonard Farlinger,Keith Carradine,Gary Farmer,Stephen McHattie,5.3,"contemporary west, cowboy, horse, jockey, neo western",English
The Names of Love,2010.0,Comedy Drama Romance,Michel Leclerc,Sara Forestier,Jacques Gamblin,Zinedine Soualem,7.2,"activist, promiscuous daughter, promiscuous woman, sex in a bed, voyeurism",French
Savage Grace,2007.0,Drama,Tom Kalin,Eddie Redmayne,Elena Anaya,Stephen Dillane,5.9,"incest, male nudity, older man younger woman relationship, orgasm, son murders mother",English
Out of the Blue,2006.0,Crime Drama,Robert Sarkies,William Kircher,Matthew Sunderland,Paul Glover,7.3,true crime,English
Police Academy,1984.0,Comedy,Hugh Wilson,Steve Guttenberg,Bubba Smith,Michael Winslow,6.7,"misfit, police, police academy, police cadet, police officer",English
The Blue Lagoon,1980.0,Adventure Drama Romance,Randal Kleiser,Brooke Shields,Christopher Atkins,Leo McKern,5.7,"coming of age, island, poison, teenage boy, teenage girl",English
Four Weddings and a Funeral,1994.0,Comedy Drama Romance,Mike Newell,Kristin Scott Thomas,James Fleet,Simon Callow,7.1,"1990s, chick flick, funeral, gay relationship, wedding",English
Fast Times at Ridgemont High,1982.0,Comedy Drama,Amy Heckerling,Jennifer Jason Leigh,Judge Reinhold,Vincent Schiavelli,7.2,"break up, california, high school, surfer, teacher",English
Moby Dick,1956.0,Adventure Drama,John Huston,Royal Dano,Richard Basehart,James Robertson Justice,7.4,"obsession, revenge, ship, whale, whaling",English
25th Hour,2002.0,Drama,Spike Lee,Philip Seymour Hoffman,Rosario Dawson,Aaron Stanford,7.7,"bar, dream, drug dealing, nightclub, widower",English
Bound,1996.0,Crime Drama Romance Thriller,Lana Wachowski,Christopher Meloni,Kevin Michael Richardson,Peter Spellos,7.4,"gangster, lesbian, mafia, money, neo noir",English
Requiem for a Dream,2000.0,Drama,Darren Aronofsky,Ellen Burstyn,Mark Margolis,Louise Lasser,8.4,"addiction, diet pill, drug addiction, fast motion scene, heroin",English
State Fair,1945.0,Musical Romance,Walter Lang,Dana Andrews,Jeanne Crain,Frank McHugh,7.1,"fair, farm, iowa, newspaper, state fair",English
Tango,1998.0,Drama Musical,Carlos Saura,Mía Maestro,Juan Luis Galiardo,Miguel Ángel Solá,7.2,"dancer, director, love, musical filmmaking, tango",Spanish
Salvador,1986.0,Drama History Thriller War,Oliver Stone,Jim Belushi,John Savage,Juan Fernández,7.5,"1980s, el salvador, political thriller, reagan administration, war journalism",English
Moms' Night Out,2014.0,Comedy,Andrew Erwin,Alex Kendrick,Sarah Drew,Patricia Heaton,5.4,"blogger, pastor, reference to the shawshank redemption, taser, tasered",English
Donnie Darko,2001.0,Drama Sci-Fi Thriller,Richard Kelly,Jake Gyllenhaal,Mary McDonnell,James Duval,8.1,"1980s, death, insanity, parallel universe, time travel",English
Saving Private Perez,2011.0,Adventure Comedy Western,Beto Gómez,Jaime Camil,Gerardo Taracena,Joaquín Cosio,6.0,"conflicted hero, flashback, mission, rescue, rescue mission",Spanish
Character,1997.0,Crime Drama Mystery,Mike van Diem,Jan Decleir,Fedja van Huêt,Hans Kesting,7.8,"bailiff, lawyer, office, police, school",Dutch
Spun,2002.0,Comedy Crime Drama,Jonas Åkerlund,Patrick Fugit,Nicholas Gonzalez,Debbie Harry,6.8,"male nudity, meth, meth lab, nudity, speed freak",English
Life During Wartime,2009.0,Comedy Drama,Todd Solondz,Rich Pecci,Shirley Henderson,Charlotte Rampling,6.5,"forgiveness, ghost, new jersey, pedophile, three sisters",English
Lady Vengeance,2005.0,Crime Drama,Chan-wook Park,Min-sik Choi,Yeong-ae Lee,Hye-jeong Kang,7.7,"cake, christian, lesbian sex, oral sex, pregnant schoolgirl",Korean
Mozart's Sister,2010.0,Biography Drama Music Romance,René Féret,Nicolas Giraud,Clovis Fouin,Marie Féret,6.4,"mozart, musical prodigy, royal court, singer, talent",French
Mean Machine,2001.0,Comedy Drama Sport,Barry Skolnick,Jason Statham,Jason Flemyng,Danny Dyer,6.5,"inmate, prison, prison guard, soccer, soccer star",English
Exiled,2006.0,Action Crime Thriller,Johnnie To,Simon Yam,Anthony Chau-Sang Wong,Josie Ho,7.3,"baby, friendship, macau, practical joke, selfie",Cantonese
Blackthorn,2011.0,Action Adventure Western,Mateo Gil,Sam Shepard,Dominique McElligott,Stephen Rea,6.6,"assumed identity, bolivia, butch cassidy, doctor, thief",English
Lilya 4-Ever,2002.0,Crime Drama,Lukas Moodysson,Oksana Akinshina,Artyom Bogucharskiy,Lyubov Agapova,7.9,"abandoned by mother, poverty, sex trade, teenage prostitution, unpaid bill",Russian
After.Life,2009.0,Drama Horror Mystery Thriller,Agnieszka Wojtowicz-Vosloo,Liam Neeson,Josh Charles,Chandler Canterbury,5.9,"breath on mirror, buried alive, engagement ring, looking at one's self in a mirror, serial killer",English
One Flew Over the Cuckoo's Nest,1975.0,Drama,Milos Forman,Scatman Crothers,Michael Berryman,Louise Fletcher,8.7,"1960s, escape, mental institution, nurse, sexuality",English
R.L. Stine's Monsterville: The Cabinet of Souls,2015.0,Comedy,Peter DeLuise,Katherine McNamara,Dove Cameron,Braeden Lemasters,5.9,"cabinet, carnival, halloween, soul, temptress",English
Airlift,2016.0,Action Drama History Thriller War,Raja Menon,Nimrat Kaur,Sameer Ali Khan,Purab Kohli,8.5,"1990s, businessman, evacuation, historical fiction, kuwait",Hindi
The Sweeney,2012.0,Action Crime Drama,Nick Love,Hayley Atwell,Ray Winstone,Alan Ford,6.1,"bank, criminal, detective, flying squad, policewoman",English
Sexy Beast,2000.0,Crime Thriller,Jonathan Glazer,Ray Winstone,James Fox,Amanda Redman,7.3,"boulder, gangster, one last job, spain, villa",English
Easy Money,2010.0,Action Crime Drama Thriller,Daniel Espinosa,Fabian Bolin,Fares Fares,Matias Varela,6.7,"double life, drugs, financial crisis, first part, serbian",Swedish
Whale Rider,2002.0,Drama Family,Niki Caro,Keisha Castle-Hughes,Rawiri Paratene,Tammy Davis,7.6,"girl, maori, new zealand, tradition, whale",English
Paa,2009.0,Comedy Drama,R. Balki,Vidya Balan,Abhishek Bachchan,Paresh Rawal,7.2,"adult actor playing minor, politician, progeria, reference to spiderman, school",Hindi
Cargo,2009.0,Mystery Sci-Fi Thriller,Ivan Engler,Yangzom Brauen,Claude-Oliver Rudolph,Anna Katharina Schwabroh,6.2,"23rd century, lucid dream, outer space, space travel, trapped in space",German
Pan,2015.0,Adventure Family Fantasy,Joe Wright,Hugh Jackman,Cara Delevingne,Nonso Anozie,5.8,"1940s, child hero, fantasy world, orphan, reference to peter pan",English
High School Musical,2006.0,Comedy Drama Family Music Musical Romance,Kenny Ortega,Lucas Grabeel,Corbin Bleu,Olesya Rulin,5.2,"audition, basketball, high school, singing, teenager",English
Love and Death on Long Island,1997.0,Comedy Drama,Richard Kwietniowski,Jason Priestley,Maury Chaykin,Danny Webb,7.1,"actor, love, obsession, obsessive love, star",English
Night Watch,2004.0,Fantasy Thriller,Timur Bekmambetov,Konstantin Khabenskiy,Aleksey Chadov,Zhanna Friske,6.5,"battle, bridge, mother son relationship, supernatural power, vampire",Russian
The Crying Game,1992.0,Crime Drama Romance Thriller,Neil Jordan,Jim Broadbent,Miranda Richardson,Stephen Rea,7.3,"androgynous, full frontal male nudity, irish republican army, psychological drama, tragic love",English
Porky's,1981.0,Comedy,Bob Clark,Art Hindle,Susan Clark,Tony Ganios,6.2,"female full frontal nudity, revenge, school, sheriff, virginity",English
Survival of the Dead,2009.0,Horror,George A. Romero,Julian Richings,Shawn Roberts,Kathleen Munroe,5.0,"delaware, feud, island, undead, zombie",English
Night of the Living Dead,1968.0,Drama Horror Mystery,George A. Romero,Judith O'Dea,Duane Jones,S. William Hinzman,8.0,"cemetery, farmhouse, radiation, running out of gas, zombie",English
Lost in Translation,2003.0,Drama,Sofia Coppola,Scarlett Johansson,Bill Murray,Catherine Lambert,7.8,"fish out of water, japanese, loneliness, older man younger woman relationship, unlikely friendship",English
Annie Hall,1977.0,Comedy Romance,Woody Allen,Woody Allen,Carol Kane,Shelley Duvall,8.1,"breaking the fourth wall, comedian, jewish, neurosis, singer",English
The Greatest Show on Earth,1952.0,Drama Family Romance,Cecil B. DeMille,Gloria Grahame,Dorothy Lamour,Cornel Wilde,6.7,"circus, clown, elephant trainer, trapeze, trapeze artist",English
Exodus: Gods and Kings,2014.0,Action Adventure Drama,Ridley Scott,Christian Bale,María Valverde,Ben Mendelsohn,6.1,"egypt, exodus, moses, pharaoh, plague",English
Monster's Ball,2001.0,Drama Romance,Marc Forster,Heath Ledger,Peter Boyle,Marcus Lyle Brown,7.1,"cunnilingus, female frontal nudity, female nudity, interracial sex, rear entry sex",English
Maggie,2015.0,Drama Horror,Henry Hobson,Joely Richardson,J.D. Evermore,David A Cole,5.6,"father daughter relationship, playing against type, post apocalypse, protective father, zombie apocalypse",English
Leaving Las Vegas,1995.0,Drama Romance,Mike Figgis,Nicolas Cage,Valeria Golino,Julian Sands,7.6,"alcoholic, bar, love, prostitute, sex",English
Hansel & Gretel Get Baked,2013.0,Comedy Horror,Duane Journey,Molly C. Quinn,Lara Flynn Boyle,Lochlyn Munro,4.3,"hansel and gretel, lesbian kiss, marijuana, witch, witchcraft",English
The Return of the Living Dead,1985.0,Comedy Horror Sci-Fi,Dan O'Bannon,Linnea Quigley,Clu Gulager,Beverly Randolph,7.3,"crematorium, female frontal nudity, naked dead woman, paramedic, poison gas",English
The Front Page,1974.0,Comedy Drama Romance,Billy Wilder,Austin Pendleton,Harold Gould,David Wayne,7.3,"1920s, communist, escape from jail, newspaper, reporter",English
The Boy Next Door,2015.0,Mystery Thriller,Rob Cohen,Ryan Guzman,Hill Harper,Adam Hicks,4.6,"adultery, argument, older woman younger man relationship, oral sex, sex scene",English
Trapeze,1956.0,Drama Romance,Carol Reed,Gina Lollobrigida,Katy Jurado,Sidney James,6.8,"acrobat, circus, cripple, trapeze, trapeze artist",English
The Kids Are All Right,2010.0,Comedy Drama,Lisa Cholodenko,Josh Hutcherson,Mia Wasikowska,Yaya DaCosta,7.1,"biological father, college, motorcycle, sperm, sperm donor",English
They Live,1988.0,Horror Sci-Fi Thriller,John Carpenter,Meg Foster,Peter Jason,George 'Buck' Flower,7.3,"alien, brainwashing, construction worker, sunglasses, teleportation",English
The Great Escape,1963.0,Adventure Drama History Thriller War,John Sturges,James Coburn,Donald Pleasence,Gordon Jackson,8.3,"digging, escape, escape attempt, prisoner, tunnel",English
What the #$*! Do We (K)now!?,2004.0,Comedy Documentary Drama Fantasy Mystery Sci-Fi,William Arntz,Marlee Matlin,Elaine Hendrix,Armin Shimerman,5.4,"consciousness, photographer, radical, science, scientist",English
The Last Exorcism Part II,2013.0,Drama Horror Thriller,Ed Gass-Donnelly,Muse Watson,Spencer Treat Clark,Ashley Bell,4.0,"car fire, evil, hospital, hotel, prophecy",English
Boyhood,2014.0,Drama,Richard Linklater,Ellar Coltrane,Lorelei Linklater,Libby Villari,8.0,"12 year time span, coming of age, domestic abuse, growing up, separated parents",English
Scoop,2006.0,Comedy Crime Mystery,Woody Allen,Scarlett Johansson,Kevin McNally,Geoff Bell,6.7,"english garden, fake drowning, fake parent, musical instrument, poker the card game",English
Planet of the Apes,2001.0,Action Adventure Sci-Fi Thriller,Tim Burton,Cary-Hiroyuki Tagawa,Estella Warren,Erick Avari,5.7,"astronaut, cage, planet, wilhelm scream, year 2029",English
The Wash,2001.0,Comedy,DJ Pooh,Angell Conwell,Dr. Dre,DJ Pooh,4.6,"african american stereotype, car wash, rent, roommate, threatening telephone call",English
3 Strikes,2000.0,Comedy,DJ Pooh,Mo'Nique,Mike Epps,Faizon Love,4.0,"adult diaper, diaper, digit in title, dream, sawed off shotgun",English
The Cooler,2003.0,Crime Drama Fantasy Romance,Wayne Kramer,Estella Warren,Paul Sorvino,Shawn Hatosy,7.0,"female pubic hair, girl in panties, leg spreading, public nudity, sex in bed",English
The Misfits,1961.0,Drama Romance Western,John Huston,Montgomery Clift,Kevin McCarthy,Thelma Ritter,7.4,"cowboy, divorce, horse, sexy, wild horse",English
The Night Listener,2006.0,Crime Mystery Thriller,Patrick Stettner,Robin Williams,Joe Morton,Rory Culkin,5.9,"boy, radio show, social worker, telephone, wisconsin",English
The Jerky Boys,1995.0,Comedy Crime,James Melkonian,Vincent Pastore,William Hickey,Peter Appel,4.6,"critically bashed, mafia, police, telephone, unemployment",English
My Soul to Take,2010.0,Horror Mystery Thriller,Wes Craven,Frank Grillo,Emily Meade,Zena Grey,4.8,"evil, killer, murder, psychopath, serial killer",English
The Orphanage,2007.0,Drama Mystery Thriller,J.A. Bayona,Geraldine Chaplin,Belén Rueda,Fernando Cayo,7.5,"dead children, ghost, missing child, orphan, orphanage",Spanish
A Haunted House 2,2014.0,Comedy Fantasy,Michael Tiddes,Ashley Rickards,Essence Atkins,Gabriel Iglesias,4.7,"bare breasts, parody, sexual innuendo, slip and fall, squirting orgasm",English
The Rules of Attraction,2002.0,Comedy Drama Romance,Roger Avary,Ian Somerhalder,Faye Dunaway,Clifton Collins Jr.,6.7,"bisexual, college, drug dealer, drugs, student",English
Topaz,1969.0,Drama Thriller,Alfred Hitchcock,Roscoe Lee Browne,John Vernon,Philippe Noiret,6.3,"1960s, agent, cuba, intelligence, spy",English
Let's Go to Prison,2006.0,Comedy Crime,Bob Odenkirk,Dylan Baker,Chi McBride,Amy Hill,6.0,"illinois, judge, male full back nudity, revenge, wine tasting",English
Four Rooms,1995.0,Comedy Fantasy,Allison Anders,Salma Hayek,Alicia Witt,Lili Taylor,6.7,"bellhop, coven, gangster, hotel, new year's eve",English
Secretary,2002.0,Comedy Drama Romance,Steven Shainberg,Jeremy Davies,Stephen McHattie,Lesley Ann Warren,7.1,"bdsm, employer employee relationship, hospital, mental hospital, secretary",English
The Real Cancun,2003.0,Documentary,Rick de Oliveira,Laura Ramsey,Alan Taylor,Benjamin Fletcher,2.7,"cancun mexico, mexico, spring break, vacation, wisconsin",English
Talk Radio,1988.0,Drama,Oliver Stone,Michael Wincott,Zach Grenier,Bill Johnson,7.3,"listener, neo nazi, radio, radio station, radio talk show",English
Waiting for Guffman,1996.0,Comedy,Christopher Guest,Catherine O'Hara,Fred Willard,Larry Miller,7.6,"amateur theater, dentist, missouri, small town, travel agent",English
Love Stinks,1999.0,Comedy,Jeff Franklin,Ivana Milicevic,Tyra Banks,Bridgette Wilson-Sampras,5.8,"black comedy, marriage, marriage proposal, not taking no for an answer, obsessive woman",English
You Kill Me,2007.0,Comedy Crime Romance Thriller,John Dahl,Philip Baker Hall,Aaron Hughes,Jayne Eastwood,6.5,"alcoholic, buffalo new york, claim in title, embalming, mortuary",English
Thumbsucker,2005.0,Comedy Drama,Mike Mills,Kelli Garner,Lou Taylor Pucci,Nancy O'Dell,6.6,"attention deficit disorder, debate, drugs, psychologist, school",English
Red State,2011.0,Action Crime Horror Thriller,Kevin Smith,Anna Gunn,Michael Angarano,Stephen Root,6.2,"atf agent, ball gag, cult leader, pastor, pretending to be dead",English
Mirrormask,2005.0,Adventure Fantasy,Dave McKean,Stephanie Leonidas,Gina McKee,Rob Brydon,6.9,"circus, dark fantasy, dream, dream world, fantasy world",English
The Barbarians,1987.0,Adventure Fantasy,Ruggero Deodato,Michael Berryman,Eva LaRue,Richard Lynch,4.8,"bare breasts, comic relief, dragon, gladiator, harem",English
The Art of Getting By,2011.0,Drama Romance,Gavin Wiesen,Michael Angarano,Blair Underwood,Rita Wilson,6.6,"art teacher, artist, high school, homework, principal",English
Zipper,2015.0,Drama Thriller,Mora Stephens,Ray Winstone,Alexandra Breckenridge,Elena Satine,5.7,"escort, f word, no opening credits, one word title, prosecutor",English
Poolhall Junkies,2002.0,Drama Thriller,Mars Callahan,Chazz Palminteri,Ricky Schroder,Ernie Reyes Jr.,7.0,"beating, hustler, jail, money, revenge",English
The Loss of Sexual Innocence,1999.0,Drama,Mike Figgis,Kelly Macdonald,Saffron Burrows,Julian Sands,5.4,"1950s, italian, murder, tunisia, vomiting",English
Holy Motors,2012.0,Drama Fantasy,Leos Carax,Kylie Minogue,Leos Carax,Denis Lavant,7.1,"boudoir, death, insanity, male full frontal nudity, penis",French
Joe,2013.0,Drama,David Gordon Green,Nicolas Cage,Tye Sheridan,Ronnie Gene Blevins,6.9,"alcoholic, cigarette smoking, father son relationship, teenage boy, woods",English
Shooting Fish,1997.0,Comedy Crime Romance,Stefan Schwartz,Peter McNamara,Dan Futterman,Ralph Ineson,6.6,"con artist, money, orphan, scam, secretary",English
Prison,1987.0,Crime Drama Horror Thriller,Renny Harlin,Viggo Mortensen,Lane Smith,Hal Landon Jr.,5.9,"electric chair, haunting, prison, prisoner, revenge",English
Psycho Beach Party,2000.0,Comedy Horror Mystery,Robert Lee King,Lauren Ambrose,Kathleen Robertson,Beth Broderick,6.3,"cliche, exchange student, slasher, spoof, surfing",English
The Big Tease,1999.0,Comedy,Kevin Allen,Craig Ferguson,Frances Fisher,Mary McCormack,6.3,"competition, fake documentary, hairdresser, nudity, reference to liberace",English
Trust,2010.0,Crime Drama Thriller,David Schwimmer,Noah Emmerich,Jordan Trovillion,Zoe Levin,7.0,"counselor, fbi, revenge motive, school, teenage girl",English
An Everlasting Piece,2000.0,Comedy,Barry Levinson,Anna Friel,Brían F. O'Byrne,Pauline McLynn,6.3,"alopecia, belfast northern ireland, ireland, irish republican army, scalper",English
Among Giants,1998.0,Comedy Romance,Sam Miller,Rachel Griffiths,Alan Williams,Rob Jarvis,5.9,"australian, female armpit hair, friend, sheffield, yorkshire",English
Adore,2013.0,Drama Romance,Anne Fontaine,Robin Wright,Naomi Watts,Ben Mendelsohn,6.2,"beach, friend, friendship, happiness, neighbor",English
The Velocity of Gary,1998.0,Comedy Drama Romance,Dan Ireland,Salma Hayek,Danny Arroyo,Olivia d'Abo,5.0,"dying, hospital, parenthesis in title, punctuation in title, tears",English
Mondays in the Sun,2002.0,Comedy Drama,Fernando León de Aranoa,Luis Tosar,Enrique Villén,Aida Folch,7.7,"australia, bar, shipyard, siamese twins, tuna",Spanish
Stake Land,2010.0,Drama Horror Sci-Fi,Jim Mickle,Connor Paolo,Michael Cerveris,Nick Damici,6.5,"canada, post apocalypse, road movie, vampire, vampire hunter",English
The Last Time I Committed Suicide,1997.0,Biography Drama,Stephen Kay,Keanu Reeves,Marg Helgenberger,Gretchen Mol,5.8,"1940s, female bare foot, picket fence, tire, vomiting",English
Futuro Beach,2014.0,Drama,Karim Aïnouz,Wagner Moura,Clemens Schick,Jesuíta Barbosa,6.1,"gay, male frontal nudity, male nudity, male rear nudity, nudity",Portuguese
Another Happy Day,2011.0,Comedy Drama,Sam Levinson,George Kennedy,Ezra Miller,Demi Moore,6.0,"countryside, marriage, maryland, usa, wedding",English
A Lonely Place to Die,2011.0,Action Adventure Crime Thriller,Julian Gilbey,Ed Speleers,Eamonn Walker,Sean Harris,6.3,"kidnapper, mountaineering, scotland, scottish highlands, sniper",English
Nothing,2003.0,Comedy Fantasy,Vincenzo Natali,David Hewlett,Angelo Tsarouchas,Marie-Josée Croze,6.3,"imagination, one word title, part animation, surrealism, virtual reality",English
The Geographer Drank His Globe Away,2013.0,Adventure Drama,Aleksandr Veledinskiy,Konstantin Khabenskiy,Elena Lyadova,Eugenia Khirivskaya,7.5,"rafting, russia, school, student, teacher",Russian
1776,1972.0,Drama Family History Musical,Peter H. Hunt,Blythe Danner,Ken Howard,Howard Caine,7.6,"continental congress, debate, declaration of independence, massachusetts, pennsylvania",English
Hell's Angels,1930.0,Drama War,Howard Hughes,Jean Harlow,Marian Marsh,James Hall,7.8,"bomb, bombing mission, munitions, oxford, royal flying corps",English
Purple Violets,2007.0,Comedy Drama Romance,Edward Burns,Debra Messing,Rosemarie DeWitt,Peter Jacobson,6.6,"directed by star, written and directed by cast member",English
The Veil,2016.0,Horror,Phil Joanou,Lily Rabe,Shannon Woodward,Kira McLean,4.7,"documentary crew, mass suicide, survivor, tied feet, tied up while barefoot",English
The Loved Ones,2009.0,Horror Thriller,Sean Byrne,Robin McLeavy,Jessica McNamee,Victoria Thaine,6.7,"escape, high school, high school prom, prom, prom king",English
No Vacancy,2012.0,Horror,Chris Stokes,Kristen Quintrall,Rachel Sterling,Black Thomas,4.2,"motel, psychopath, psychopathic killer, road trip, vomiting",English
The Perfect Wave,2014.0,Adventure Biography Drama Romance,Bruce Macdonald,Rachel Hendrix,Cheryl Ladd,Diana Vickers,4.7,"boyfriend girlfriend relationship, friend, praying, surfing, wave",English
Ben-Hur,2016.0,Adventure Drama History,Timur Bekmambetov,Morgan Freeman,Ayelet Zurer,Moises Arias,6.0,"chariot race, epic, false accusation, jerusalem, slave",English
A Man for All Seasons,1966.0,Biography Drama History,Fred Zinnemann,Robert Shaw,Susannah York,Paul Scofield,7.9,"catholic, chancellor, divorce, king henry viii, thomas more",English
Network,1976.0,Drama Romance,Sidney Lumet,Robert Duvall,Faye Dunaway,William Holden,8.1,"media, monologue, television, television network, television news",English
Gone with the Wind,1939.0,Drama History Romance War,Victor Fleming,Hattie McDaniel,George Reeves,Thomas Mitchell,8.2,"battle of the sexes, gallantry, honesty, indifference, scandal",English
Desert Dancer,2014.0,Biography Drama,Richard Raymond,Tom Cullen,Reece Ritchie,Marama Corlett,6.0,"dance, dancer, dancing, desert, iran",English
Major Dundee,1965.0,Adventure War Western,Sam Peckinpah,James Coburn,Slim Pickens,Warren Oates,6.8,"apache, apache indian, confederate, mexico, scout",English
Down for Life,2009.0,Drama,Alan Jacobs,Snoop Dogg,Laz Alonso,Nicholas Gonzalez,7.3,"latina, south central los angeles",English
Annie Get Your Gun,1950.0,Biography Comedy Musical Romance Western,George Sidney,Keenan Wynn,Howard Keel,Betty Hutton,7.0,"girl, gun, love, sharpshooter, the end",English
Four Lions,2010.0,Comedy Crime Drama,Christopher Morris,Kayvan Novak,Riz Ahmed,Alex Macqueen,7.3,"accidental shooting, bird, crow, exploding animal, muslim",English
House of Sand,2005.0,Drama,Andrucha Waddington,Fernanda Montenegro,Seu Jorge,Fernanda Torres,7.5,"1910s, desert, dunes, goat, slave",Portuguese
Defendor,2009.0,Comedy Crime Drama,Peter Stebbings,Michael Kelly,Tony Nappo,Charlotte Sullivan,6.8,"gun running, organized crime, pimp, superhero, vigilante",English
The Pirate,1948.0,Adventure Comedy Musical Romance,Vincente Minnelli,Gladys Cooper,Reginald Owen,Ellen Ross,7.1,"hoop, horseback riding, love, pirate, singer",English
The Good Heart,2009.0,Drama,Dagur Kári,Alice Olivia Clarke,Susan Blommaert,Stephen Henderson,6.9,"bar, bartender, death, heart attack, mentor protege relationship",English
The History Boys,2006.0,Comedy Drama,Nicholas Hytner,Dominic Cooper,Russell Tovey,James Corden,6.9,"gay, headmaster, oxford, school, teacher",English
Unknown,2011.0,Action Mystery Thriller,Jaume Collet-Serra,Liam Neeson,Frank Langella,Aidan Quinn,6.9,"agriculture, airport, amnesia, nurse, scientist",English
Midnight Cowboy,1969.0,Drama,John Schlesinger,Brenda Vaccaro,Barnard Hughes,John McGiver,7.9,"gay, homosexual, homosexuality, hustler, male rear nudity",English
The Full Monty,1997.0,Comedy Drama Music,Peter Cattaneo,Tom Wilkinson,Mark Addy,Lesley Sharp,7.2,"dole, male stripper, northern england, steel worker, unemployment",English
Airplane!,1980.0,Comedy,Jim Abrahams,Peter Graves,Lloyd Bridges,Barbara Billingsley,7.8,"air traffic controller, airplane, airport, pilot, spoof",English
Chain of Command,2015.0,Action Thriller,Kevin Carraway,Michael Jai White,Max Ryan,Jon Osbeck,3.5,"army, michael jai white, ohio, steve austin",English
Friday,1995.0,Comedy Drama,F. Gary Gray,Nia Long,John Witherspoon,Tony Cox,7.3,"bully, drug dealer, first part, neighbor, neighborhood",English
Menace II Society,1993.0,Crime Drama Thriller,Albert Hughes,Jada Pinkett Smith,Larenz Tate,Khandi Alexander,7.5,"1990s, escape, graduation, hustler, street",English
Creepshow 2,1987.0,Comedy Fantasy Horror Thriller,Michael Gornick,George Kennedy,Holt McCallany,Dorothy Lamour,6.0,"anthology, hit and run, hit by a car, living statue, melting woman",English
The Ballad of Cable Hogue,1970.0,Comedy Drama Romance Western,Sam Peckinpah,Slim Pickens,Jason Robards,L.Q. Jones,7.3,"desert, partner, prostitute, stagecoach, water",English
In Cold Blood,1967.0,Biography Crime Drama History,Richard Brooks,John Forsythe,Robert Blake,Will Geer,8.0,"homoeroticism, kansas, murder, police, robbery",English
The Nun's Story,1959.0,Drama,Fred Zinnemann,Colleen Dewhurst,Peter Finch,Beatrice Straight,7.6,"belgium, congo, convent, nun, nurse",English
Harper,1966.0,Action Crime Drama Mystery Thriller,Jack Smight,Janet Leigh,Robert Wagner,Shelley Winters,7.0,"kidnapping, los angeles california, neo noir, private detective, ransom",English
Frenzy,1972.0,Thriller,Alfred Hitchcock,Bernard Cribbins,Jean Marsh,Clive Swift,7.5,"penknife, police, rape, serial killer, united kingdom",English
The Witch,2015.0,Horror Mystery,Robert Eggers,Julian Richings,Kate Dickie,Ralph Ineson,6.8,"black magic, goat, isolation, naked woman, witch",English
I Got the Hook Up,1998.0,Comedy,Michael Martin,Joe Estevez,Master P,Anthony Johnson,3.9,"friend, obscenity, scam, vacant lot, van",English
She's the One,1996.0,Comedy Drama Romance,Edward Burns,John Mahoney,Frank Vincent,Michael McGlone,6.1,"claim in title, infidelity, irish american, love, sex",English
Gods and Monsters,1998.0,Biography Drama,Bill Condon,Brendan Fraser,Lynn Redgrave,Kevin J. O'Connor,7.5,"friendship, gardener, gay interest, homosexual, memory",English
The Secret in Their Eyes,2009.0,Drama Mystery Thriller,Juan José Campanella,Ricardo Darín,Soledad Villamil,Guillermo Francella,8.2,"investigation, justice, murder, suspect, tension",Spanish
Day of the Dead,1985.0,Horror,George A. Romero,Greg Nicotero,John Amplas,Joseph Pilato,7.2,"bunker, experiment, military, research, scientist",English
Train,2008.0,Horror Thriller,Gideon Raff,Gideon Emery,Gloria Votsis,Derek Magyar,4.8,"blood splatter, heart ripped out, jock strap, train, vomiting",English
Evil Dead II,1987.0,Comedy Fantasy Horror Thriller,Sam Raimi,Ted Raimi,Dan Hicks,Kassie Wesley DePaiva,7.8,"cabin, cabin in the woods, demon, evil dead, woods",English
Pootie Tang,2001.0,Action Adventure Comedy Musical,Louis C.K.,Wanda Sykes,J.B. Smoove,Robert Vaughn,5.2,"based on sketch comedy, corporation, cult film, evil corporation, sex",English
Sharknado,2013.0,Horror,Anthony C. Ferrante,Ian Ziering,John Heard,Cassandra Scerbo,3.3,"cult film, hurricane, school bus, shark, shark feature",English
La otra conquista,1998.0,Drama History,Salvador Carrasco,Elpidia Carrillo,Zaide Silvia Gutiérrez,Damián Delgado,6.8,"1520s, aztec, indian, spanish colonization, spanish conquest",Spanish
Trollhunter,2010.0,Comedy Drama Fantasy Horror,André Øvredal,Otto Jespersen,Johanna Mørck,Glenn Erland Tosterud,7.0,"bear, cameraman, hunter, secret government agency, troll",Norwegian
Ira & Abby,2006.0,Comedy Romance,Robert Cary,Frances Conroy,Fred Willard,Kevin Sussman,6.5,"erectile dysfunction, mugger, mugging, subway robbery, therapy",English
The Watch,2012.0,Action Comedy Sci-Fi,Akiva Schaffer,Will Forte,Nicholas Braun,Rosemarie DeWitt,5.7,"alien, escape, manager, neighborhood watch, ohio",English
Winter Passing,2005.0,Comedy Drama,Adam Rapp,Zooey Deschanel,Will Ferrell,Dallas Roberts,6.4,"love, michigan, musician, novelist, student",English
D.E.B.S.,2004.0,Action Comedy Romance,Angela Robinson,Jordana Brewster,Geoff Stults,Scoot McNairy,5.3,"1959 cadillac, diamonds, female villain, force field, voyeurism",English
The Betrayed,2008.0,Crime Drama Mystery Thriller,Amanda Gusack,Alice Krige,Christian Campbell,Blaine Anderson,6.1,"blood splatter, ski mask, stolen money, vomiting, warehouse",English
Taxman,1998.0,Action Comedy Crime Thriller,Avi Nesher,Fisher Stevens,Elizabeth Berkley,Robert Townsend,5.5,"bar, box office flop, dance, one word title, voice over narration",English
2:13,2009.0,Horror Thriller,Charles Adelman,Teri Polo,Kevin Pollak,Jere Burns,4.8,"death, forensic, murder, profiler, serial killer",English
"Batman: The Dark Knight Returns, Part 2",2013.0,Action Animation Crime Sci-Fi Thriller,Jay Oliva,Michael Emerson,Mark Valley,Grey Griffin,8.4,"batman, joker, mutant, tattoo on breast, the joker",English
In the Name of the King: The Last Job,2014.0,Action Adventure Fantasy Thriller,Uwe Boll,Bashar Rahal,Shelly Varod,Ralitsa Paskaleva,3.3,"castle, dragon, kidnapping, satire, sword and sorcery",English
Wicked Blood,2014.0,Action Crime Drama Thriller,Mark Young,Alexa PenaVega,Jake Busey,Lew Temple,5.4,"chess, drugs, love, meth, pawn",English
Dawn Patrol,2014.0,Drama Thriller,Daniel Petrie Jr.,Chris Brochu,Jeff Fahey,Rita Wilson,4.8,"desert, held at gunpoint, marine, revenge, sex on table",English
Lords of London,2014.0,Crime Mystery Thriller,Antonio Simoncini,Ray Winstone,Joe Egan,Glen Murphy,3.1,"gang leader, italian woman, period piece, purgatory, suicide",English
High Anxiety,1977.0,Comedy,Mel Brooks,Madeline Kahn,Harvey Korman,Dick Van Patten,6.7,"belldon's hysteria, high anxiety, hitchcockian, murder, parody",English
March of the Penguins,2005.0,Documentary,Luc Jacquet,Morgan Freeman,Sofie Gråbøl,Romane Bohringer,7.6,"chick, emperor penguin, journey, ocean, penguin",French
Margin Call,2011.0,Biography Drama Thriller,J.C. Chandor,Kevin Spacey,Demi Moore,Ashley Williams,7.1,"capital management, financial crisis, financial disaster, investment fraud, management",English
August,2011.0,Drama Romance,Eldar Rapaport,Murray Bartlett,Adrian Gonzalez,Edward Conna,6.1,"apartment, gay parent, job interview, male pubic hair, pubic hair",English
Choke,2008.0,Comedy Drama,Clark Gregg,Anjelica Huston,Matt Gerald,Jonah Bobo,6.5,"choking, friend, hospital, restaurant, scam",English
Whiplash,2014.0,Drama Music,Damien Chazelle,J.K. Simmons,Melissa Benoist,Chris Mulkey,8.5,"conservatory, drummer, emotional abuse, music school, obsession",English
City of God,2002.0,Crime Drama,Fernando Meirelles,Alice Braga,Seu Jorge,Alexandre Rodrigues,8.7,"coming of age, male frontal nudity, male nudity, photographer, slum",Portuguese
Human Traffic,1999.0,Comedy Music,Justin Kerrigan,Danny Dyer,John Simm,Shaun Parkes,7.1,"friday, friend, hip hop, techno rave, weekend",English
Day One,2012.0,Biography Drama Music,Nathan Frankowski,Corbin Bleu,Rus Blackwell,Luis Antonio,6.6,"character name in title, depression, drugs, one word title",English
The Dead Girl,2006.0,Crime Drama Mystery,Karen Moncrieff,James Franco,Bruce Davison,Piper Laurie,6.7,"dead girl, girl, granddaughter, morgue, storage unit",English
The Hunt,2012.0,Drama,Thomas Vinterberg,Thomas Bo Larsen,Alexandra Rapaport,Hana Shuan,8.3,"deer, gun, gunshot, hunt, kindergarten teacher",Danish
A Christmas Story,1983.0,Comedy Family,Bob Clark,Zack Ward,Darren McGavin,Scott Schwartz,8.1,"bb gun, boy, bully, christmas, tongue stuck on a pole",English
Bella,2006.0,Drama Romance,Alejandro Monteverde,Armando Riesco,Ramon Rodriguez,Eduardo Verástegui,7.4,"inter cultural, latino, restaurant, soccer, train",English
Class of 1984,1982.0,Action Crime Drama Thriller,Mark L. Lester,Roddy McDowall,Perry King,Timothy Van Patten,6.6,"back to school, city, high school, sadism, teacher",English
The Opposite Sex,2014.0,Comedy,Jennifer Finnigan,Geoff Stults,Kenan Thompson,Josh Hopkins,4.5,bare breasts,English
Dreaming of Joseph Lees,1999.0,Drama Romance,Eric Styles,Samantha Morton,Rupert Graves,Miriam Margolyes,6.4,"love crime, love triangle, lust, sister sister relationship, unrequited love",English
The Class,2008.0,Drama,Laurent Cantet,François Bégaudeau,Agame Malembo-Emene,Angélica Sancio,7.5,"high school, inner city, school, student, teacher",French
Rosemary's Baby,1968.0,Drama Horror,Roman Polanski,John Cassavetes,Mia Farrow,Charles Grodin,8.0,"devil worship, incubus, paranoia, raped by a demon, satanism",English
The Man Who Shot Liberty Valance,1962.0,Drama Western,John Ford,Lee Marvin,Woody Strode,Vera Miles,8.1,"friend, funeral, outlaw, pistol, stagecoach",English
Adam,2009.0,Drama Romance,Max Mayer,Peter Gallagher,Terry Walters,Amy Irving,7.2,"apartment, asperger's syndrome, children, teacher, writer",English
Maria Full of Grace,2004.0,Crime Drama,Joshua Marston,Catalina Sandino Moreno,Wilson Guerrero,Yenny Paola Vega,7.5,"colombia, colombian, drug mule, money, stomach",Spanish
Beginners,2010.0,Comedy Drama Romance,Mike Mills,Goran Visnjic,Lou Taylor Pucci,Mary Page Keller,7.2,"actress, cancer, death, french, gay relationship",English
Feast,2005.0,Action Comedy Horror Thriller,John Gulager,Krista Allen,Eric Dane,Henry Rollins,6.4,"bar, bloody body of child, dead boy, monster, vomiting",English
Animal House,1978.0,Comedy,John Landis,John Belushi,Karen Allen,Tim Matheson,7.6,"academic probation, camera shot of feet, fraternity, school expulsion, smashing a guitar",English
Goldfinger,1964.0,Action Adventure Thriller,Guy Hamilton,Honor Blackman,Gert Fröbe,Lois Maxwell,7.8,"bikini, covered in melted gold, fort knox, gold, pilot",English
Antiviral,2012.0,Horror Sci-Fi Thriller,Brandon Cronenberg,Sarah Gadon,Douglas Smith,Caleb Landry Jones,5.7,"celebrity, injection, near future, scalpel, stabbed in the mouth",English
It's a Wonderful Life,1946.0,Drama Family Fantasy Romance,Frank Capra,Donna Reed,Lionel Barrymore,Thomas Mitchell,8.6,"angel, bank, guardian angel, second chance, small town life",English
Trainspotting,1996.0,Drama,Danny Boyle,Kelly Macdonald,Shirley Henderson,Ewen Bremner,8.2,"drug culture, drugs, filthy toilet, heroin addict, heroin withdrawal",English
The Original Kings of Comedy,2000.0,Comedy Documentary,Spike Lee,Bernie Mac,Cedric the Entertainer,Steve Harvey,6.6,"backstage, comedian, concert film, emcee, stand up comedian",English
Paranormal Activity 2,2010.0,Horror,Tod Williams,Sprague Grayden,Molly Ephraim,Micah Sloat,5.7,"california, carlsbad california, house, nanny, security camera",English
Waking Ned Devine,1998.0,Comedy,Kirk Jones,James Nesbitt,David Kelly,Fionnula Flanagan,7.4,"dead body, death, lottery, small town, village",English
Bowling for Columbine,2002.0,Crime Documentary Drama,Michael Moore,Michael Moore,Dick Clark,Bill Clinton,8.0,"bank, columbine, columbine high school killings, firearm, school shooting",English
Coming Home,2014.0,Drama,Yimou Zhang,Li Gong,Daoming Chen,Ni Yan,7.3,"amnesia, cultural revolution, husband wife relationship, memory, political prisoner",Mandarin
A Nightmare on Elm Street 2: Freddy's Revenge,1985.0,Fantasy Horror,Jack Sholder,Clu Gulager,Robert Rusler,Marshall Bell,5.4,"freddy krueger, gay, gay subtext, homoeroticism, jock strap",English
A Room with a View,1985.0,Drama Romance,James Ivory,Julian Sands,Rupert Graves,Denholm Elliott,7.4,"male nudity, male pubic hair, nude bathing, piano, pubic hair",English
The Purge,2013.0,Horror Sci-Fi Thriller,James DeMonaco,Rhys Wakefield,Adelaide Kane,Chris Mulkey,5.7,"class differences, killing spree, one night, suburb, violence",English
Sinister,2012.0,Horror Mystery,Scott Derrickson,Danielle Kotch,Victoria Leigh,James Ransone,6.8,"book, found footage, research, snuff film, writer",English
Martin Lawrence Live: Runteldat,2002.0,Biography Comedy Documentary,David Raynr,Nancy O'Dell,Mikki Padilla,Dayna Devon,5.4,"actor name in title, colon in title, four word title, live performance, satire",English
Cat on a Hot Tin Roof,1958.0,Drama Romance,Richard Brooks,Burl Ives,Judith Anderson,Jack Carson,8.1,"cancer, football, homosexuality, marriage, mississippi",English
Beneath the Planet of the Apes,1970.0,Action Adventure Sci-Fi,Ted Post,Linda Harrison,Gregory Sierra,Victor Buono,6.1,"ape, astronaut, mission, planet, rescue",English
Air Bud,1997.0,Comedy Drama Family Sport,Charles Martin Smith,Kevin Zegers,Bill Cobbs,Michael Jeter,5.1,"basketball, boy, dog, dog movie, golden retriever",English
Pokémon 3: The Movie,2000.0,Action Adventure Animation Family Fantasy Sci-Fi,Kunihiko Yuyama,Veronica Taylor,Eric Stuart,Lisa Ortiz,5.6,"ash, father, mother, pokemon, professor",Japanese
Jason Lives: Friday the 13th Part VI,1986.0,Horror Thriller,Tom McLoughlin,Tony Goldwyn,Ron Palillo,Vincent Guastaferro,5.9,"actual animal killed, death, jason voorhees, slasher flick, teen horror",English
The Bridge on the River Kwai,1957.0,Adventure Drama War,David Lean,William Holden,Sessue Hayakawa,Jack Hawkins,8.2,"allies, bridge, construction, jungle, sabotage",English
Spaced Invaders,1990.0,Adventure Comedy Sci-Fi,Patrick Read Johnson,Ariana Richards,Royal Dano,Tonya Lee Williams,5.3,"alien, halloween, killer robot, outer space, wrestler costume",English
Family Plot,1976.0,Comedy Thriller,Alfred Hitchcock,Ed Lauter,Bruce Dern,William Devane,6.8,"actor, diamond, heir, kidnapping, ransom",English
The Apartment,1960.0,Comedy Drama Romance,Billy Wilder,Fred MacMurray,Ray Walston,David White,8.3,"apartment, elevator, elevator girl, love, mistress",English
Jason Goes to Hell: The Final Friday,1993.0,Fantasy Horror Thriller,Adam Marcus,Kane Hodder,Leslie Jordan,Erin Gray,4.3,"brutality, evil, jason voorhees, paranormal phenomena, terror",English
Torn Curtain,1966.0,Thriller,Alfred Hitchcock,Tamara Toumanova,Lila Kedrova,David Opatoshu,6.7,"defection, east germany, germany, iron curtain, scientist",English
Dave Chappelle's Block Party,2005.0,Comedy Documentary Music,Michel Gondry,Common,Dave Chappelle,Lauryn Hill,7.2,"block party, marching band, neighborhood, new york city, tyrannosaurus rex",English
Slow West,2015.0,Western,John Maclean,Michael Fassbender,Kodi Smit-McPhee,Ben Mendelsohn,6.9,"american west, bounty hunter, frontier, horse riding, outlaw",English
Krush Groove,1985.0,Comedy Drama Music,Michael Schultz,Blair Underwood,LisaGay Hamilton,Bobby Brown,6.6,"actress shares first name with character, bar, car wash, city, d.j.",English
Next Day Air,2009.0,Action Comedy Crime,Benny Boom,Omari Hardwick,Donald Faison,Mike Epps,5.9,"cocaine, package, slow motion scene, topless female nudity, wrong address",English
Elmer Gantry,1960.0,Drama,Richard Brooks,Shirley Jones,Jean Simmons,Edward Andrews,7.9,"1920s, evangelist, preacher, revival, traveling salesman",English
Judgment at Nuremberg,1961.0,Drama War,Stanley Kramer,Maximilian Schell,Montgomery Clift,Spencer Tracy,8.3,"judge, law, nazi, nuremberg, war crime",English
Trippin',1999.0,Comedy,David Raynr,Donald Faison,Deon Richmond,Countess Vaughn,5.2,"apostrophe in title, bare breasts, female nudity, nude black woman, prom",English
Red River,1948.0,Action Adventure Romance Western,Howard Hawks,Montgomery Clift,Walter Brennan,Harry Carey Jr.,7.8,"cattle, cattle drive, cowboy, kansas, texas",English
Phat Girlz,2006.0,Comedy,Nnegest Likké,Mo'Nique,Jimmy Jean-Louis,Joyful Drake,3.0,"female protagonist, size positive, thin, title directed by female, wet dream",English
Before Midnight,2013.0,Drama Romance,Richard Linklater,Seamus Davey-Fitzpatrick,Ariane Labed,Athina Rachel Tsangari,7.9,"friend, greece, greek, hotel room, twin",English
Teen Wolf Too,1987.0,Comedy Fantasy,Christopher Leitch,John Astin,Robert Neary,Kim Darby,3.2,"falling in love, glowing eyes, insult, teenager, three word title",English
Phantasm II,1988.0,Action Fantasy Horror Sci-Fi Thriller,Don Coscarelli,Angus Scrimm,A. Michael Baldwin,James Le Gros,6.5,"cemetery, female nudity, mortuary, sphere, tall man",English
Woman Thou Art Loosed,2004.0,Drama,Michael Schultz,Loretta Devine,Kimberly Elise,Clifton Powell,6.9,"abuse, bishop, death, flashback, poverty",English
Real Women Have Curves,2002.0,Comedy Drama,Patricia Cardoso,America Ferrera,Lupe Ontiveros,George Lopez,7.0,"education, factory, high school, mexican american, religious icon",English
Water,2005.0,Drama Romance,Deepa Mehta,John Abraham,Lisa Ray,Seema Biswas,7.8,"ashram, india, love, tradition, widow",Hindi
East Is East,1999.0,Comedy Drama,Damien O'Donnell,Archie Panjabi,Jimi Mistry,Om Puri,6.9,"england, marriage, muslim, pakistani, salford",English
Whipped,2000.0,Comedy Romance,Peter M. Cohen,Callie Thorne,Brian Van Holt,David Heyman,4.4,"dating, diner, masturbation, urination, washington square manhattan new york city",English
Kama Sutra: A Tale of Love,1996.0,Crime Drama History Romance,Mira Nair,Indira Varma,Sarita Choudhury,Rekha,6.0,"courtesan, friend, kama sutra, seduction, wedding",English
Please Give,2010.0,Comedy Drama,Nicole Holofcener,Oliver Platt,Thomas Ian Nicholas,Ann Morgan Guilbert,6.6,"apartment, first date, neighbor, new york, new york city",English
Willy Wonka & the Chocolate Factory,1971.0,Family Fantasy Musical,Mel Stuart,Peter Ostrum,Jack Albertson,Julie Dawn Cole,7.8,"candy, chocolate, factory, miniaturization, sudden change in size",English
Warlock: The Armageddon,1993.0,Fantasy Horror,Anthony Hickox,Julian Sands,Zach Galligan,Paula Marshall,5.3,"druid, eclipse, rune, scalping, warlock",English
8 Heads in a Duffel Bag,1997.0,Comedy Crime,Tom Schulman,Kristy Swanson,George Hamilton,Dyan Cannon,5.3,"camera shot of feet, female stockinged feet, female stockinged soles, nude pantyhose, pantyhose",English
Days of Heaven,1978.0,Drama Romance,Terrence Malick,Sam Shepard,Stuart Margolin,Richard Libertini,8.0,"farm, farm worker, grasshopper, harvest, wealth",English
Thirteen Conversations About One Thing,2001.0,Drama,Jill Sprecher,Matthew McConaughey,Rob McElhenney,Amy Irving,7.1,"attorney, happiness, house cleaner, physics, professor",English
Jawbreaker,1999.0,Comedy Crime Thriller,Darren Stein,Julie Benz,Judy Greer,Jeff Conaway,5.4,"best friend, bitch, friend, popular girl, prom",English
Basquiat,1996.0,Biography Drama,Julian Schnabel,Gary Oldman,Michael Wincott,Courtney Love,6.9,"andy warhol, art, artist, friendship, street artist",English
Frances Ha,2012.0,Comedy Drama Romance,Noah Baumbach,Greta Gerwig,Grace Gummer,Vanessa Ray,7.4,"best friend, black and white, father daughter relationship, female protagonist, mother daughter relationship",English
Tsotsi,2005.0,Crime Drama,Gavin Hood,Terry Pheto,Nambitha Mpumlwana,Rapulana Seiphemo,7.3,"baby, bathing a baby, criminal, slum, vomiting",Zulu
Happiness,1998.0,Comedy Drama,Todd Solondz,Philip Seymour Hoffman,Jon Lovitz,Dylan Baker,7.8,"ensemble cast, episodic structure, satire, social satire, suburb",English
DysFunktional Family,2003.0,Comedy Documentary,George Gallo,Eddie Griffin,Joe Howard,Robert Noble,6.6,"african american, family relationships, stand up comedian, stand up comedy",English
Tusk,2014.0,Comedy Drama Horror,Kevin Smith,Johnny Depp,Haley Joel Osment,Michael Parks,5.4,"canada, human becoming an animal, mad scientist, part of trilogy, walrus",English
Oldboy,2003.0,Drama Mystery Thriller,Chan-wook Park,Min-sik Choi,Ji-tae Yu,Hye-jeong Kang,8.4,"brother sister relationship, hypnosis, imprisonment, love, revenge",Korean
Letters to God,2010.0,Drama Family,David Nixon,Robyn Lively,Michael Bolten,Christopher Schmidt,6.3,"cancer, faith, hope, letter, prayer",English
Hobo with a Shotgun,2011.0,Action Comedy Thriller,Jason Eisener,Gregory Smith,Robb Wells,Molly Dunsworth,6.1,"hobo, pedophile, rampage, shotgun, vigilante",English
Freeway,1996.0,Comedy Crime Drama Thriller,Matthew Bright,Bokeem Woodbine,Dan Hedaya,Robert Peters,6.9,"freeway, nightmare, police, school, trailer park",English
Fish Tank,2009.0,Drama,Andrea Arnold,Michael Fassbender,Harry Treadaway,Jason Maza,7.3,"15 year old, dancing, essex, little sister, suburb",English
Damsels in Distress,2011.0,Comedy Drama Romance,Whit Stillman,Greta Gerwig,Megalyn Echikunwoke,Zach Woods,5.7,"college, college campus, dance craze, depression, fraternity",English
Bachelorette,2012.0,Comedy Romance,Leslye Headland,Kirsten Dunst,Adam Scott,Andrew Rannells,5.3,"bachelorette party, drug use, high school, overdose, wedding dress",English
Brave New Girl,2004.0,Drama Family Music,Bobby Roth,Virginia Madsen,Aaron Ashmore,Lindsey Haun,5.0,"based on a book, based on a novel, made for tv movie, music school, support",English
Tim and Eric's Billion Dollar Movie,2012.0,Comedy,Tim Heidecker,Michael Gross,William Atherton,Bob Ross,5.3,"film in film, man with glasses, reference to steven spielberg, self referential, shopping mall",English
The Gambler,2014.0,Crime Drama Thriller,Rupert Wyatt,George Kennedy,Cjon Saulsberry,Griffin Cleveland,6.0,"dog, gambler, gambling, gangster, professor",English
Summer Storm,2004.0,Comedy Drama Romance Sport,Marco Kreuzpaintner,Alicja Bachleda,Kostja Ullmann,Robert Stadlober,7.4,"friend, friendship, rowing, storm, summer camp",German
Chain Letter,2009.0,Horror Thriller,Deon Taylor,Matt Cohen,Betsy Russell,Noah Segan,4.1,"blood splatter, chain, murder, mysterious killer, warning",English
Just Looking,1999.0,Comedy Drama,Jason Alexander,Gretchen Mol,Patti LuPone,Peter Onorati,6.7,"1955 chevrolet, nurse, peeping tom, reference to brooklyn dodgers, spying",English
The Divide,2011.0,Drama Sci-Fi Thriller,Xavier Gens,Michael Biehn,Lauren German,Rosanna Arquette,5.8,"doggystyle sex, rough sex, sodomy, torture, violent sex",English
The Eclipse,2009.0,Drama Horror Romance,Conor McPherson,Aidan Quinn,Iben Hjejle,Jim Norton,6.2,"ghost, irish, kissing, novelist, widower",English
Demonic,2015.0,Horror Thriller,Will Canon,Frank Grillo,Scott Mechlowicz,Aaron Yoo,5.3,"death, detective, house, missing, supernatural",English
My Big Fat Independent Movie,2005.0,Comedy,Philip Zlotorynski,Neil Hopkins,Darren Keefe Reiher,David Douglas,3.3,"independent film, spoof",English
Alice in Wonderland,2010.0,Adventure Family Fantasy,Tim Burton,Johnny Depp,Alan Rickman,Anne Hathaway,6.5,"alice in wonderland, mistaking reality for dream, queen, shrinking, shrinking potion",English
The Deported,2009.0,Comedy,Lance Kawas,Taylor Negron,Michael Rapaport,Talia Shire,6.2,"actor, italian american, mexico, orphan, usa",English
Tanner Hall,2009.0,Drama,Francesca Gregorini,Tom Everett Scott,Amy Sedaris,Chris Kattan,5.9,"boarding school, coming of age, female friendship, lesbian, new england",English
Open Road,2013.0,Action Drama Thriller,Marcio Garcia,John Savage,Kristi Clainos,Emily Nelson,5.5,"dealer, drugs, killer, police",English
They Came Together,2014.0,Comedy,David Wain,Christopher Meloni,Amy Poehler,Jack McBrayer,5.5,"halloween party, new york city, racism, romcom, spoof",English
30 Nights of Paranormal Activity with the Devil Inside the Girl with the Dragon Tattoo,2013.0,Comedy,Craig Moss,French Stewart,Ashley Martin,Olivia Alexander,2.6,"exorcism, female nudity, haunted house, lesbian kiss, masturbation",English
Never Back Down 2: The Beatdown,2011.0,Action Drama Sport,Michael Jai White,Michael Jai White,Alex Meraz,Jillian Murray,5.8,"bad cop, college, second part, sequel, wrestler",English
Point Blank,1967.0,Crime Thriller,John Boorman,Lee Marvin,Angie Dickinson,Carroll O'Connor,7.4,"criminal, gangster, money, revenge, violence",English
Four Single Fathers,2009.0,Comedy,Paolo Monico,Stephanie Szostak,Sarah Rafferty,Salvatore Santone,5.1,"number in title, single father",Italian
Enter the Dangerous Mind,2013.0,Thriller,Youssef Delara,Noel Gugliemi,David Bianchi,Jason Priestley,5.2,"dubstep, tied feet",English
Something Wicked,2014.0,Drama Horror Mystery Thriller,Darin Scott,Julian Morris,Shantel VanSanten,John Robinson,4.8,"eugene oregon, independent film, obsession",English
AWOL-72,2015.0,Thriller,Christian Sesma,Bokeem Woodbine,Brooke Newton,Brett Wagner,3.9,"police officer, police officer taken hostage",English
Iguana,1988.0,Adventure Crime Drama,Monte Hellman,Everett McGill,Jack Taylor,Fabio Testi,6.2,"19th century, based on novel, disfigurement, harpooner, independent film",English
Cinderella,2015.0,Drama Family Fantasy Romance,Kenneth Branagh,Hayley Atwell,Derek Jacobi,Lily James,7.0,"dress, duke, fairy godmother, fairy tale, pumpkin",English
Chicago Overcoat,2009.0,Action Adventure Crime Drama,Brian Caunter,Mike Starr,Stacy Keach,Frank Vincent,6.2,"detective, killer, police, shootout, thong",English
Barry Munday,2010.0,Comedy Drama Romance,Chris D'Arienzo,Judy Greer,Cybill Shepherd,Shea Whigham,5.9,"doctor, letter, paternity, sex, testicles",English
Central Station,1998.0,Drama,Walter Salles,Fernanda Montenegro,Matheus Nachtergaele,Othon Bastos,8.0,"brazil, letter, rio de janeiro brazil, sertao, teacher",Portuguese
Pocketful of Miracles,1961.0,Comedy Drama,Frank Capra,Ann-Margret,Glenn Ford,Thomas Mitchell,7.3,"1930s, apple, dude, luck, new york city",English
Close Range,2015.0,Action Crime,Isaac Florentine,Anthony L. Fernandez,Nick Chinlund,Scott Evans,4.9,"corrupt sheriff, drug cartel, flash drive, niece, sheriff",English
Boynton Beach Club,2005.0,Comedy Romance,Susan Seidelman,Dyan Cannon,Michael Nouri,Brenda Vaccaro,6.5,title spoken by character,English
Amnesiac,2014.0,Drama Horror Mystery Thriller,Michael Polish,Olivia Rose Keegan,Patrick Bauchau,Mia Barron,4.3,"child in peril, electroshock therapy, memory, memory loss, teenage girl",English
Freakonomics,2010.0,Documentary,Heidi Ewing,Greg Crowe,James Ransone,Tempestt Bledsoe,6.4,"cheating, economics, experiment, human nature, sumo wrestling",English
The Omen,1976.0,Fantasy Horror Mystery,Richard Donner,Lee Remick,Patrick Troughton,Billie Whitelaw,7.6,"ambassador, death, hospital, priest, stillborn child",English
High Tension,2003.0,Horror,Alexandre Aja,Cécile De France,Maïwenn,Oana Pellea,6.8,"car chase, plot twist, police van, rear ending a car, slasher",French
Griff the Invisible,2010.0,Comedy Drama Romance Sci-Fi,Leon Ford,Maeve Dermody,Patrick Brammall,Kelly Paterniti,6.1,"alter ego, awkwardness, office, scientist, superhero",English
Unnatural,2015.0,Action Horror Thriller,Hank Braxtan,Q'orianka Kilcher,Gregory Cruz,Allegra Carpenter,4.0,"alaska, climate change, global, polar bear, scientific",English
Hustle & Flow,2005.0,Crime Drama Music,Craig Brewer,Isaac Hayes,Paula Jai Parker,Elise Neal,7.4,"baby, friend, hip hop, pimp, stripper",English
Some Like It Hot,1959.0,Comedy Music Romance,Billy Wilder,Nehemiah Persoff,Joe E. Brown,George Raft,8.3,"all girl band, band, cross dressing, musician, yacht",English
Friday the 13th Part VII: The New Blood,1988.0,Horror,John Carl Buechler,Kane Hodder,Terry Kiser,William Butler,5.3,"death, jason voorhees, massacre, slaughter, telekinesis",English
The Wizard of Oz,1939.0,Adventure Family Fantasy Musical,Victor Fleming,Margaret Hamilton,Terry,Billie Burke,8.1,"evil witch, tornado, witch, wizard, wizard of oz",English
Young Frankenstein,1974.0,Comedy,Mel Brooks,Madeline Kahn,Peter Boyle,Teri Garr,8.0,"assistant, castle, experiment, frankenstein's monster, scientist",English
Diary of the Dead,2007.0,Horror,George A. Romero,Megan Park,Shawn Roberts,Joe Dinicol,5.7,"barn, film student, hospital, mummy, video camera",English
Lage Raho Munna Bhai,2006.0,Comedy Drama Romance,Rajkumar Hirani,Vidya Balan,Sanjay Dutt,Jimmy Shergill,8.2,"love, professor of history, radio, satyagraha, unscrupulous builder",Hindi
Ulee's Gold,1997.0,Drama,Victor Nunez,Peter Fonda,Patricia Richardson,Vanessa Zima,7.1,"beekeeper, bound and gagged, dysfunctional family, man with glasses, tied to a chair",English
The Black Stallion,1979.0,Adventure Family Sport,Carroll Ballard,Teri Garr,Kelly Reno,Hoyt Axton,7.4,"black horse, boy horse relationship, horse, rescued by a horse, training",English
Journey to Saturn,2008.0,Action Adventure Animation Comedy Sci-Fi,Thorbjørn Christoffersen,Iben Hjejle,Frank Hvam,Casper Christensen,5.7,"crew, cult film, denmark, earth, wristwatch",Danish
Donovan's Reef,1963.0,Adventure Comedy Romance,John Ford,Lee Marvin,Cesar Romero,Jack Warden,6.9,"falling into water, medical doctor, priest, roof leak, swimming in the ocean",English
The Dress,1996.0,Comedy Drama,Alex van Warmerdam,Rijk de Gooyer,Ariane Schluter,Henri Garcin,7.0,"bare breasts, bra, panties, topless female nudity, underwear",Dutch
A Guy Named Joe,1943.0,Drama Fantasy Romance War,Victor Fleming,Spencer Tracy,Esther Williams,Irene Dunne,7.0,"heaven, pilot, teacher, training, world war two",English
Blazing Saddles,1974.0,Comedy Western,Mel Brooks,Madeline Kahn,David Huddleston,Harvey Korman,7.8,"railroad, reference to douglas fairbanks, reference to jesse owens, reference to randolph scott, year 1874",English
Friday the 13th: The Final Chapter,1984.0,Horror Thriller,Joseph Zito,Judie Aronson,Tom Everett,Kimberly Beck,5.9,"friday the thirteenth, hockey mask, jason voorhees, morgue, slasher",English
Ida,2013.0,Drama,Pawel Pawlikowski,Joanna Kulig,Agata Trzebuchowska,Agata Kulesza,7.4,"convent, jew, jewish, nun, poland",Polish
Maurice,1987.0,Drama Romance,James Ivory,Rupert Graves,Denholm Elliott,Simon Callow,7.8,"homosexuality, love, male full frontal nudity, male rear nudity, one word title",English
Beer League,2006.0,Comedy Sport,Frank Sebastiano,Joe Lo Truglio,Laurie Metcalf,Seymour Cassel,6.0,"baseball, baseball movie, beer, slacker, softball",English
The Astronaut's Wife,1999.0,Drama Sci-Fi Thriller,Rand Ravich,Johnny Depp,Charlize Theron,Clea DuVall,5.3,"astronaut, electrocuted in bathtub, mission, pilot, sister",English
Riding Giants,2004.0,Documentary History Sport,Stacy Peralta,Gerry Lopez,Gabrielle Reece,Laird John Hamilton,7.9,"beach, surfing, surfing contest, two word title, wave",English
Timecrimes,2007.0,Horror Mystery Sci-Fi Thriller,Nacho Vigalondo,Karra Elejalde,Nacho Vigalondo,Bárbara Goenaga,7.2,"binoculars, hitchcockian, scissors, time machine, woods",Spanish
Silver Medallist,2009.0,Action Adventure Comedy,Hao Ning,Jack Kao,Bo Huang,Zheng Xu,7.4,color in title,Mandarin
Timber Falls,2007.0,Horror Thriller,Tony Giglio,Brianna Brown,Nick Searcy,Beth Broderick,5.3,"hiking, voyeur, voyeurism, west virginia, woods",English
Singin' in the Rain,1952.0,Comedy Musical Romance,Stanley Donen,Rita Moreno,Debbie Reynolds,Cyd Charisse,8.3,"actress, chorus girl, fan, friend, love",English
"Fat, Sick & Nearly Dead",2010.0,Documentary,Joe Cross,Joe Cross,Joel Fuhrman,Amy Badberg,7.6,"fat, food, health, juice, obese",English
A Haunted House,2013.0,Comedy Fantasy,Michael Tiddes,Essence Atkins,Alanna Ubach,J.B. Smoove,5.1,"hamburger, parody, priest, psychic, woman in a bikini",English
2016: Obama's America,2012.0,Documentary,Dinesh D'Souza,Barack Obama,Zackary Steven Graham,Dinesh D'Souza,5.1,"critically bashed, partisan commentary, political propoganda, punctuation in title, reenactment",English
Halloween II,2009.0,Horror,Rob Zombie,Scout Taylor-Compton,Tyler Mane,Margot Kidder,4.9,"halloween, hospital, michael myers, rampage, vomiting",English
That Thing You Do!,1996.0,Comedy Drama Music,Tom Hanks,Tom Hanks,Charlize Theron,Ethan Embry,6.9,"band, drummer, jazz, pennsylvania, song",English
Halloween III: Season of the Witch,1982.0,Horror Mystery Sci-Fi,Tommy Lee Wallace,Tom Atkins,Dan O'Herlihy,Nancy Kyes,4.6,"doctor, factory, halloween, holiday horror, stonehenge",English
Escape from the Planet of the Apes,1971.0,Action Sci-Fi,Don Taylor,Roddy McDowall,M. Emmet Walsh,Sal Mineo,6.3,"ape, fear, future, spacecraft, spaceship",English
Hud,1963.0,Drama,Martin Ritt,Patricia Neal,Melvyn Douglas,Whit Bissell,7.9,"alcoholism, forename as title, rancher, rodeo cowboy, texas",English
Kevin Hart: Let Me Explain,2013.0,Comedy Documentary,Leslie Small,David Jason Perez,La'Princess Jackson,Dana Hanna,6.7,"lying, montreal, reference to twitter, reference to youtube, toronto",English
My Own Private Idaho,1991.0,Drama,Gus Van Sant,Keanu Reeves,Udo Kier,Flea,7.1,"friend, hustler, italy, narcolepsy, traveling",English
Garden State,2004.0,Comedy Drama Romance,Zach Braff,Armando Riesco,Michael Weston,Jill Flint,7.6,"actor, doctor, drugs, home, pain",English
Before Sunrise,1995.0,Drama Romance,Richard Linklater,Hanno Pöschl,Hans Weingartner,Dominik Castell,8.1,"american, conversations, kiss, love, train",English
Sur le seuil,2003.0,Action Drama Horror Thriller,Éric Tessier,Patrick Huard,Michel Côté,Jean Pierre Bergeron,6.6,"canadian gothic, hospital, murder, paranormal, supernatural",French
Jesus' Son,1999.0,Drama,Alison Maclean,Billy Crudup,Samantha Morton,Mark Webber,7.0,"hospital, love, mennonite, shower, song",English
Saving Face,2004.0,Comedy Drama Romance,Alice Wu,Joan Chen,Ato Essandoh,Jessica Hecht,7.6,"chinese, chinese american, lesbian love, mother daughter relationship, surgeon",English
Brick Lane,2007.0,Drama,Sarah Gavron,Satish Kaushik,Christopher Simpson,Tannishtha Chatterjee,6.7,"arranged marriage, bangladesh, buckingham palace, september 11 2001, title directed by female",English
Robot & Frank,2012.0,Comedy Crime Drama Sci-Fi,Jake Schreier,Frank Langella,Joshua Ormond,Ana Gasteyer,7.1,"burglary, dementia, near future, robot, thief",English
My Life Without Me,2003.0,Drama Romance,Isabel Coixet,Sarah Polley,Julian Richings,Amanda Plummer,7.6,"cancer, death, doctor, drinking, love",English
The Spectacular Now,2013.0,Comedy Drama Romance,James Ponsoldt,Shailene Woodley,Jennifer Jason Leigh,Dayo Okeniyi,7.1,"crying man, high school, high school senior, men's clothing store, party",English
Marilyn Hotchkiss' Ballroom Dancing and Charm School,1990.0,Comedy Family Musical Romance Short,Randall Miller,William Hurt,Elden Henson,Michael Bower,7.1,"student film, wonder years",English
Religulous,2008.0,Comedy Documentary War,Larry Charles,Bill Maher,Tal Bachman,Steve Burg,7.7,"catholic, christian, jew, muslim, religion",English
Fuel,2008.0,Documentary,Joshua Tickell,Larry David,Sheryl Crow,George W. Bush,7.6,"alternative energy, energy, fuel, green, oil",English
Dodgeball: A True Underdog Story,2004.0,Comedy Sport,Rawson Marshall Thurber,Gary Cole,Stephen Root,Joel David Moore,6.7,"dodgeball, gym, las vegas, pirate, ups",English
Eye of the Dolphin,2006.0,Comedy Drama Family,Michael D. Sellers,Katharine Ross,Carly Schroeder,George Harris,5.7,"dolphin, island, research, tourist, town",English
8: The Mormon Proposition,2010.0,Documentary,Reed Cowan,Dustin Lance Black,Emily Pearson,Gavin Newsom,7.1,"church, marriage, mormon, mormon church, proposition",English
The Other End of the Line,2008.0,Comedy Drama Romance,James Dodson,Larry Miller,Anupam Kher,Shriya Saran,6.2,"birthday, call center, fiance, hotel, indian",English
Anatomy,2000.0,Horror Thriller,Stefan Ruzowitzky,Benno Fürmann,Rüdiger Vogler,Sebastian Blomberg,6.1,"dissection, male pubic hair, medical school, medical student, train",German
Sleep Dealer,2008.0,Drama Romance Sci-Fi Thriller,Alex Rivera,Leonor Varela,Jacob Vargas,Tenoch Huerta,5.9,"computer, future, mexican immigrant, network, wilhelm scream",Spanish
Super,2010.0,Comedy Crime Drama,James Gunn,Linda Cardellini,Rainn Wilson,Paul T. Taylor,6.8,"drug dealer, superhero, tragedy, tragic hero, tragic love",English
Christmas Mail,2010.0,Comedy Drama Family Romance,John Murlowski,Ashley Scott,Piper Mackenzie Harris,Lochlyn Munro,5.8,"boss, holiday, letter, north pole, santa",English
Stung,2015.0,Comedy Horror,Benni Diez,Clifton Collins Jr.,Cecilia Pillado,David Masterson,5.0,"catering, monster, one word title, party, wasp",English
Get on the Bus,1996.0,Drama History,Spike Lee,Bernie Mac,Harry Lennix,Andre Braugher,6.8,"actor, bus, march, million man march, religion",English
Thr3e,2006.0,Drama Horror Mystery Thriller,Robby Henson,Marc Blucas,Max Ryan,Justine Waddell,5.1,"bound with duct tape, flash forward, number, riddle, stalking",English
Idiocracy,2006.0,Adventure Comedy Sci-Fi,Mike Judge,Anthony 'Citric' Campos,Patrick Fischler,David Herman,6.6,"experiment, future, hibernation, stupidity, top secret",English
This Is England,2006.0,Crime Drama,Shane Meadows,Stephen Graham,Joseph Gilgun,Jack O'Connell,7.7,"england, racism, racist, skinhead, violence",English
Alien Uprising,2012.0,Comedy Sci-Fi,Dominic Burns,Julian Glover,Sean Pertwee,Bianca Brigitte VanDamme,3.1,"acronym in title, period in title, title ends with period",English
Bathing Beauty,1944.0,Comedy Musical,George Sidney,Esther Williams,Basil Rathbone,Red Skelton,6.5,"college, teacher, theatrical producer, tutu, wedding",English
Go for It!,2011.0,Drama Musical,Carmen Marron,Jossara Jinaro,Aimee Garcia,Rene Rosado,3.9,"exclamation point in title, imperative in title, punctuation in title, three word title",English
"Dancer, Texas Pop. 81",1998.0,Comedy Drama Family,Tim McCanlies,Ethan Embry,Michael O'Neill,Alexandra Holden,6.8,"best friend, friendship, population, state in title, texas",English
Show Boat,1951.0,Drama Family Musical Romance,George Sidney,Agnes Moorehead,Ava Gardner,Howard Keel,7.0,"gambling, interracial marriage, love, miscegenation, showboat",English
Redemption Road,2010.0,Drama,Mario Van Peebles,Tom Skerritt,Cinda McCain,Luke Perry,5.9,"death of loved one, loss of father, loss of loved one, musician, singer",English
The Calling,2014.0,Thriller,Jason Stone,Topher Grace,Ellen Burstyn,Christopher Heyerdahl,5.8,"bouquet, house fire, praying, serial killer, tied to a chair",English
The Brave Little Toaster,1987.0,Adventure Animation Comedy Family Fantasy Musical,Jerry Rees,Jon Lovitz,Phil Hartman,Mindy Sterling,7.3,"journey, obsolescence, radio, toaster, vacuum cleaner",English
The French Connection,1971.0,Action Crime Drama Thriller,William Friedkin,Roy Scheider,Fernando Rey,Tony Lo Bianco,7.8,"crime boss, drug smuggling, heroin, mafia boss, organized crime",English
Friday the 13th Part III,1982.0,Horror Thriller,Steve Miner,Richard Brooker,Dana Kimmell,Catherine Parks,5.7,"defecation, hockey mask, jason voorhees, lake, serial killer",English
Friday the 13th: A New Beginning,1985.0,Horror Mystery Thriller,Danny Steinmann,Tiffany Helm,Melanie Kinnaman,Dominick Brascia,4.7,"jason voorhees, murder, new jersey, nightmare, teenager",English
The Last Sin Eater,2007.0,Drama,Michael Landon Jr.,Henry Thomas,Louise Fletcher,A.J. Buckley,5.9,"1850s, christian film, dark secret, funeral, sin eater",English
Do You Believe?,2015.0,Drama,Jon Gunn,Alexa PenaVega,Delroy Lindo,Madison Pettis,5.9,"belief, faith, pastor, question in title, three word title",English
Impact Point,2008.0,Thriller,Hayley Cloake,Brian Austin Green,Kayla Ewell,Linden Ashby,4.3,"championship, hit and run, police, police investigation, volleyball",English
The Valley of Decision,1945.0,Drama,Tay Garnett,Jessica Tandy,Greer Garson,Lionel Barrymore,7.5,"immigrant, maid, steel mill, strike, union",English
Eden,2015.0,Drama Thriller,Shyam Madiraju,Jessica Lowndes,Ethan Peck,Brad Schmidt,4.8,"flare gun, island, plane crash, soccer team, stranded",English
Chicken Tikka Masala,2005.0,Comedy Drama Romance,Harmage Singh Kalirai,Saeed Jaffrey,Zohra Segal,Shobu Kapoor,5.8,"acceptance, coming out to family, gay, large family, wedding",English
Always Woodstock,2014.0,Comedy Music Romance,Rita Merson,Ryan Guzman,James Wolk,Jason Ritter,5.3,"claim in title, contraction in title, new york, new york city, woodstock",English
Jack Brooks: Monster Slayer,2007.0,Action Comedy Horror,Jon Knautz,Rachel Skarsten,Daniel Kash,Stefanie Drummond,6.0,"cult film, demon, monster slayer, uncle, vomiting",English
The Best Years of Our Lives,1946.0,Drama Romance War,William Wyler,Myrna Loy,Teresa Wright,Dana Andrews,8.1,"love, pity, readjusting to civilian life, veteran, world war two veteran",English
Bully,2001.0,Biography Crime Drama,Larry Clark,Kelli Garner,Nick Stahl,Brad Renfro,7.0,"cruelty, friend, male frontal nudity, male nudity, pubic hair",English
Elling,2001.0,Comedy Drama,Petter Næss,Jørgen Langhelle,Per Christian Ellefsen,Sven Nordin,7.6,"friendship, mental illness, poet, sex obsession, virgin",Norwegian
[Rec],2007.0,Horror,Jaume Balagueró,Manuela Velasco,Pablo Rosso,Carlos Lasarte,7.5,"apartment building, character's point of view camera shot, fire station, subjective camera, television reporter",Spanish
Containment,2015.0,Horror Sci-Fi Thriller,Neil Mcenery-West,Walter Hendrix III,Michael Chapman,Louise Brealey,4.8,hazmat suit,English
From Russia with Love,1963.0,Action Adventure Thriller,Terence Young,Robert Shaw,Daniela Bianchi,Lois Maxwell,7.5,"assassin, british agent, british secret service, decoder, russian",English
The Toxic Avenger Part II,1989.0,Action Comedy Horror Sci-Fi,Michael Herz,Phoebe Legere,Jessica Dublin,Lisa Gaye,5.1,"bare breasts, japan, tokyo japan, toxic avenger, troma",English
Sleeper,1973.0,Comedy Sci-Fi,Woody Allen,Woody Allen,John Beck,Mews Small,7.3,"frozen, future, health food, leader, police",English
It Follows,2014.0,Horror Mystery,David Robert Mitchell,Maika Monroe,Ruby Harris,Jake Weary,6.9,"ambiguous ending, being followed, sex scene, supernatural, supernatural being",English
Everything You Always Wanted to Know About Sex * But Were Afraid to Ask,1972.0,Comedy,Woody Allen,Woody Allen,John Carradine,Lynn Redgrave,6.8,"aphrodisiac, court jester, jester, queen, written and directed by cast member",English
To Kill a Mockingbird,1962.0,Crime Drama,Robert Mulligan,Robert Duvall,Brock Peters,William Windom,8.4,"1930s, alabama, lawyer, six year old, trial",English
Mad Max 2: The Road Warrior,1981.0,Action Adventure Sci-Fi Thriller,George Miller,Vernon Wells,Bruce Spence,Kjell Nilsson,7.6,"australian, gasoline, post apocalypse, refinery, warrior",English
The Legend of Drunken Master,1994.0,Action Comedy,Chia-Liang Liu,Andy Lau,Anita Mui,Ho-Sung Pak,7.6,"battle, fight, fighting, martial artist, snake",Cantonese
Lolita,1962.0,Crime Drama Romance,Stanley Kubrick,James Mason,Shelley Winters,Lois Maxwell,7.7,"lolita, nymphet, older man young girl relationship, professor, writer",English
Boys Don't Cry,1999.0,Biography Crime Drama Romance,Kimberly Peirce,Alicia Goranson,Brendan Sexton III,Jeannetta Arnette,7.6,"drinking, female dressed as male, love, nebraska, transgender",English
Silent House,2011.0,Drama Horror Mystery Thriller,Chris Kentis,Eric Sheffer Stevens,Julia Taylor Ross,Adam Trese,5.3,"bound and gagged, girl, haunted house, hearing noises, uninterrupted shot",English
The Lives of Others,2006.0,Drama Thriller,Florian Henckel von Donnersmarck,Sebastian Koch,Ulrich Mühe,Martina Gedeck,8.5,"east germany, police, secret police, stasi, writer",German
Courageous,2011.0,Drama,Alex Kendrick,Ben Davies,Alex Kendrick,T.C. Stallings,7.0,"faith, fatherhood, integrity, police, responsibility",English
The Hustler,1961.0,Drama Sport,Robert Rossen,George C. Scott,Jackie Gleason,Murray Hamilton,8.0,"drink, manager, money, partner, pool hall",English
Boom Town,1940.0,Adventure Drama Romance Western,Jack Conway,Hedy Lamarr,Spencer Tracy,Claudette Colbert,7.1,"oil, oil field, oil tycoon, partnership, wildcatter",English
The Triplets of Belleville,2003.0,Animation Comedy Drama,Sylvain Chomet,Michel Robin,Charles Linton,Béatrice Bonifassi,7.8,"belleville, dog, mafia, tour de france, very little dialogue",French
Smoke Signals,1998.0,Comedy Drama,Chris Eyre,Michael Greyeyes,Irene Bedard,Gary Farmer,7.2,"family abandonment, fire, loss of father, native american protagonist, native american reservation",English
American Splendor,2003.0,Biography Comedy Drama,Shari Springer Berman,Josh Hutcherson,James Urbaniak,Daniel Tay,7.5,"1980s, comic book, dark horse comics, reference to david letterman, robert crumb",English
Before Sunset,2004.0,Drama Romance,Richard Linklater,Vernon Dobtcheff,Albert Delpy,Marie Pillet,8.0,"book, bookstore, love, simultaneity, train",English
Amores Perros,2000.0,Drama Thriller,Alejandro G. Iñárritu,Adriana Barraza,Jorge Salinas,Goya Toledo,8.1,"animal in title, dog fight, mexico city, multiple perspectives, nonlinear timeline",Spanish
Thirteen,2003.0,Drama,Catherine Hardwicke,Holly Hunter,Sarah Clarke,Kip Pardue,6.8,"13 year olds, adolescence, friend, peer pressure, teacher",English
Gentleman's Agreement,1947.0,Drama Romance,Elia Kazan,Dean Stockwell,Celeste Holm,John Garfield,7.4,"bigotry, jewish, prejudice, racism, writer",English
Winter's Bone,2010.0,Drama,Debra Granik,Jennifer Lawrence,Shelley Waggener,Lauren Sweetser,7.2,"bail, crystal meth, family relationships, female protagonist, search for father",English
Touching the Void,2003.0,Adventure Documentary Drama Sport,Kevin Macdonald,Nicholas Aaron,Brendan Mackey,Joe Simpson,8.1,"bone, climbing, crevasse, partner, rope",English
Alexander's Ragtime Band,1938.0,Drama Musical Romance,Henry King,Tyrone Power,Don Ameche,John Carradine,7.0,"band, dance, ragtime, singer, violinist",English
Me and You and Everyone We Know,2005.0,Comedy Drama,Miranda July,Najarra Townsend,Brad William Henke,Miranda July,7.4,"fellatio, seven word title, shoe salesman, title directed by female, written by director",English
Inside Job,2010.0,Crime Documentary,Charles Ferguson,Matt Damon,George W. Bush,Barney Frank,8.3,"florida, iceland, interview, new york city new york, recession",English
We Are Your Friends,2015.0,Drama Music Romance,Max Joseph,Vanessa Lengies,Emily Ratajkowski,Jonny Weston,6.1,"box office flop, critically bashed, male objectification, narcissism, wannabe dj",English
Ghost Dog: The Way of the Samurai,1999.0,Action Crime Drama Thriller,Jim Jarmusch,Henry Silva,Gano Grills,Richard Portnow,7.5,"african american, code, dog, pigeon, samurai",English
Harsh Times,2005.0,Action Crime Drama Thriller,David Ayer,J.K. Simmons,Christian Bale,Noel Gugliemi,7.0,"blood splatter, friend, lapd, mexican, violence",English
Captive,2015.0,Crime Drama Thriller,Jerry Jameson,David Oyelowo,Leonor Varela,Sydelle Noel,5.3,"auto theft, based on true story, drug addict, kidnapping, violence",English
Full Frontal,2002.0,Comedy Romance,Steven Soderbergh,Julia Roberts,Enrico Colantoni,Blair Underwood,4.7,"birthday, friend, hollywood, party, sex",English
Witchboard,1986.0,Horror Mystery Thriller,Kevin Tenney,Kathleen Wilhoite,Tawny Kitaen,Rose Marie,5.7,"evil spirit, hatchet, ouija, ouija board, psychopathic killer",English
Hamlet,1996.0,Drama,Kenneth Branagh,Julie Christie,Brian Blessed,Richard Briers,7.8,"classic literature, denmark, funeral, madness, prince",English
Shortbus,2006.0,Comedy Drama Romance,John Cameron Mitchell,Sook-Yin Lee,Peter Stickles,Raphael Barker,6.5,"controversy, ejaculation, male frontal nudity, oral sex, unsimulated sex",English
Waltz with Bashir,2008.0,Animation Biography Documentary Drama History War,Ari Folman,Ari Folman,Ronny Dayag,Zahava Solomon,8.0,"bar, dog, interview, lebanon, nightmare",Hebrew
"The Book of Mormon Movie, Volume 1: The Journey",2003.0,Adventure,Gary Rogers,Noah Danby,Kirby Heyborne,Bruce Newbold,3.3,"jerusalem, journey, promised land, ship, wilderness",English
No End in Sight,2007.0,Documentary War,Charles Ferguson,Campbell Scott,Dick Cheney,Donald Rumsfeld,8.3,"american politics, iraq, iraq war, occupation, white house",English
The Diary of a Teenage Girl,2015.0,Drama Romance,Marielle Heller,Alexander Skarsgård,David Fine,Austin Lyon,6.9,"1970s, mother's boyfriend, overalls, phone booth, sexual promiscuity",English
In the Shadow of the Moon,2007.0,Documentary History,David Sington,John F. Kennedy,Buzz Aldrin,Neil Armstrong,8.1,"1960s, astronaut, moon, nasa, spacecraft accident",English
Meek's Cutoff,2010.0,Drama Western,Kelly Reichardt,Bruce Greenwood,Zoe Kazan,Shirley Henderson,6.5,"desert, oregon, survival, trust, water",English
Inside Deep Throat,2005.0,Biography Documentary History,Fenton Bailey,Hugh M. Hefner,Bill Maher,Linda Lovelace,6.8,"clitoris, deep throat, fellatio, oral sex, porn industry",English
Dinner Rush,2000.0,Crime Drama Romance,Bob Giraldi,Danny Aiello,Manny Perez,Ajay Naidu,7.3,"detective, food, gangster, police, restaurant",English
Clockwatchers,1997.0,Comedy Drama,Jill Sprecher,Alanna Ubach,Bob Balaban,Jamie Kennedy,6.4,"office, office politics, photo booth, snobbery, title directed by female",English
The Virginity Hit,2010.0,Comedy,Huck Botko,Matt Bennett,Krysta Rodriguez,Zack Pearlman,4.6,"masturbation, porn star, sex lesson from a prostitute, spreadeagle, topless",English
Subway,1985.0,Comedy Drama Thriller,Luc Besson,Christopher Lambert,Isabelle Adjani,Jean-Hugues Anglade,6.5,"band, blackmail, safe, subway, train",French
House of D,2004.0,Comedy Drama,David Duchovny,Robin Williams,Mark Margolis,Frank Langella,7.0,"artist, butchery, catholic, catholic school, friend",English
Teeth,2007.0,Comedy Fantasy Horror Thriller,Mitchell Lichtenstein,Jess Weixler,Nathan Parsons,John Hensley,5.4,"high school, purity, stepbrother, temptation, vagina dentata",English
Six-String Samurai,1998.0,Action Adventure Comedy Drama Music Sci-Fi,Lance Mungia,Jeffrey Falcon,Stephane Gauger,Kim De Angelo,6.7,"boy, guitar, orphan, rock 'n' roll, sword",English
Hum To Mohabbat Karega,2000.0,Action Comedy Romance Thriller,Kundan Shah,Karisma Kapoor,Bobby Deol,Shakti Kapoor,2.8,"elevator, news reporter, police, restaurant, waiter",Hindi
It's All Gone Pete Tong,2004.0,Biography Comedy Drama Music,Michael Dowse,Paul Kaye,Neil Maskell,Kate Magowan,7.4,"deafness, disappearance, ears, ibiza, musician",English
Saint John of Las Vegas,2009.0,Comedy Drama,Hue Rhodes,Peter Dinklage,Steve Buscemi,Romany Malco,5.8,"city name in title, male frontal nudity, place name in title",English
24 7: Twenty Four Seven,1997.0,Comedy Drama Romance Sport,Shane Meadows,Bob Hoskins,Annette Badland,Karl Collins,7.1,"fight, gang, hiking, wales, working class",English
Stonewall,2015.0,Drama,Roland Emmerich,Jeremy Irvine,Caleb Landry Jones,Matt Craven,4.5,"box office flop, critically bashed, gay rights, new york city, stonewall riots",English
Roadside Romeo,2008.0,Animation Comedy Family Romance,Jugal Hansraj,Saif Ali Khan,Sanjay Mishra,Javed Jaffrey,5.3,"india, love, love at first sight, mumbai india, reference to edward scissorhands",Hindi
This Thing of Ours,2003.0,Crime Drama,Danny Provenzano,Vincent Pastore,Frank Vincent,Chuck Zito,5.4,"gangster, heist, internet, mafia, miami florida",English
The Lost Medallion: The Adventures of Billy Stone,2013.0,Adventure Family Fantasy,Bill Muir,Alex Kendrick,Jansen Panettiere,Tiya Sircar,4.8,"cave, cobra, island, medallion, waterfall",English
The Last Five Years,2014.0,Comedy Drama Musical Romance,Richard LaGravenese,Anna Kendrick,Jeremy Jordan,Charly Bivona,5.9,"based on play, number in title",English
The Missing Person,2009.0,Drama,Noah Buschel,Merritt Wever,Amy Ryan,Paul Adelstein,6.2,"cellphone, detective, missing person, private detective, train",English
Return of the Living Dead III,1993.0,Horror Romance Sci-Fi,Brian Yuzna,Melinda Clarke,Kent McCord,Sarah Douglas,5.9,"female nudity, living dead, self mutilation, sequel, zombie",English
London,2005.0,Drama Romance,Hunter Richards,Jason Statham,Chris Evans,Dane Cook,6.6,"bar, coke, drugs, party, snorting",English
Sherrybaby,2006.0,Drama,Laurie Collyer,Brad William Henke,Kate Burton,Michelle Hurst,6.6,"ex convict, halfway house, nipples visible through clothing, orgasm, parole officer",English
Stealing Harvard,2002.0,Comedy Crime,Bruce McCulloch,Martin Starr,Megan Mullally,Chris Penn,5.1,"black humor, crying during sex, harvard, humor, man with glasses",English
Circle,2015.0,Drama Horror Mystery Sci-Fi Thriller,Aaron Hann,Jordi Vilasuso,Michael McLafferty,Kaiwi Lyman-Mersereau,6.0,"alien abduction, debate, lesbian, pregnant, spaceship",English
Eden Lake,2008.0,Horror Thriller,James Watkins,Michael Fassbender,Jack O'Connell,Lorraine Stanley,6.8,"camping, forest, lake, stabbed with glass, vomiting",English
Plush,2013.0,Thriller,Catherine Hardwicke,Frances Fisher,James Kyson,Marlene Forte,5.4,"gay interest, guitarist, obsessed fan, seduction, sex scene",English
Vampire Killers,2009.0,Action Comedy Fantasy Horror,Phil Claydon,MyAnna Buring,James Corden,Silvia Colloca,5.2,"blood, breasts, female nudity, lesbian, vampire",English
Gangster's Paradise: Jerusalema,2008.0,Action Crime Drama,Ralph Ziman,Rapulana Seiphemo,Kenneth Nkosi,Robert Hobbs,7.8,"carjacking, drug lord, johannesburg south africa, police, post apartheid",English
Freeze Frame,2004.0,Crime Drama Thriller,John Simpson,Colin Salmon,Lee Evans,Ian McNeice,6.4,"alibi, box office flop, newspaper clipping, non statutory female on male rape, profiler",English
Grave Encounters,2011.0,Horror,Colin Minihan,Mackenzie Gray,Sean Rogerson,Ashleigh Gryzko,6.1,"ghost, ghost hunting, labyrinth, paranormal, reality show",English
Stitches,2012.0,Comedy Horror,Conor McMahon,Peter McQuinn,Tommy Knight,Jemma Curran,5.7,"cat killer, death of animal, high heels, kneed in the crotch, kneed in the groin",English
Nine Dead,2010.0,Crime Drama Horror Mystery Thriller,Chris Shadley,Daniel Baldwin,William Lee Scott,Marc Macaulay,5.5,"betrayal, car, connection, death, gun",English
Bananas,1971.0,Comedy,Woody Allen,Woody Allen,Charlotte Rae,Louise Lasser,7.1,"fictitious country, latin america, president, rebellion, reference to fidel castro",English
Rockaway,2007.0,Action Crime Drama Thriller,Jeff Crook,Nicholas Gonzalez,Mario Cimarro,Ricardo Chavira,4.6,one word title,English
The Lady from Shanghai,1947.0,Crime Drama Film-Noir Mystery Thriller,Orson Welles,Rita Hayworth,Everett Sloane,Ted de Corsia,7.7,"law partner, murder, partner, seaman, yacht",English
No Man's Land: The Rise of Reeker,2008.0,Horror Thriller,Dave Payne,Mircea Monroe,Lew Temple,Robert Pine,4.9,"death, desert, robber, sheriff, waitress",English
Highway,2002.0,Crime Drama,James Cox,Jake Gyllenhaal,M.C. Gainey,Mark Rolston,6.3,"1990s, homoeroticism, reference to kurt cobain, road trip, year 1994",English
Small Apartments,2012.0,Comedy Crime Drama,Jonas Åkerlund,Noel Gugliemi,Saffron Burrows,Matt Lucas,6.1,"fire investigator, landlord, suicide, talking to one's self in a mirror, turpentine",English
Coffee Town,2013.0,Comedy,Brad Copeland,Sunil Narkar,Ben Schwartz,Glenn Howerton,6.6,"barista, coffee, coffee shop, fight, insult",English
The Ghastly Love of Johnny X,2012.0,Comedy Fantasy Musical Sci-Fi,Paul Bunnell,Kate Maberly,Kevin McCarthy,Paul Williams,5.7,"1950s, independent film, outlaw, trial",English
All Is Bright,2013.0,Comedy Drama,Phil Morrison,Sally Hawkins,Curtiss Cook,Peter Hermann,5.6,"christmas tree, french canadian, new york, salesman",English
The Torture Chamber of Dr. Sadism,1967.0,Horror Mystery,Harald Reinl,Christopher Lee,Lex Barker,Karin Dor,6.0,"count, drawn and quartered, tied up, torture chamber, torture device",German
Straight A's,2013.0,Comedy Drama,James Cox,Jon Mack,Powers Boothe,Josh Meyers,5.7,"addict, paternity, rascal, swimming pool, texas",English
A Funny Thing Happened on the Way to the Forum,1966.0,Comedy Musical,Richard Lester,Buster Keaton,Zero Mostel,Phil Silvers,7.0,"based on stage musical, based on stage musical based on stage play, freedom, historical fiction, virgin",English
Slacker Uprising,2007.0,Documentary,Michael Moore,Michael Moore,Eddie Vedder,Steve Earle,5.3,"character name in title, election campaign, presidential election",English
The Legend of Hell's Gate: An American Conspiracy,2011.0,Action Adventure History Western,Tanner Beard,William McNamara,Kevin Alejandro,Glenn Morshower,4.4,"1800s, doc holliday, robbers, sheriff, texas",English
The Walking Deceased,2015.0,Comedy Horror,Scott Dow,Trenton Rostedt,Wray Crawford,Dave Sheridan,3.4,"zombie, zombie spoof",English
Shark Lake,2015.0,Thriller,Jerry Dugan,Melissa Bolona,Michael Aaron Milligan,James Chalke,3.4,"blood, daughter, jail, police, shark",English
River's Edge,1986.0,Crime Drama,Tim Hunter,Keanu Reeves,Daniel Roebuck,Ione Skye,7.1,"death, friend, high school, murder, police",English
Northfork,2003.0,Drama Fantasy,Michael Polish,Peter Coyote,Anthony Edwards,Jon Gries,6.4,"boy, caretaker, dam, evacuation, orphanage",English
The Marine 4: Moving Target,2015.0,Action Thriller,William Kaufman,Paul McGillion,Mike 'The Miz' Mizanin,David Lewis,5.2,"killed in police car, mercenary, police officer shot in the leg, police officer shot through the heart, whistleblower",English
Buried,2010.0,Drama Mystery Thriller,Rodrigo Cortés,Ryan Reynolds,Samantha Mathis,Erik Palladino,7.0,"buried alive, coffin, iraq, one person, single set production",English
Submarine,2010.0,Comedy Drama Romance,Richard Ayoade,Craig Roberts,Paddy Considine,Sally Hawkins,7.3,"15 year old, school, teen comedy, teen movie, virginity",English
One to Another,2006.0,Drama,Pascal Arnold,Karl E. Landler,Lizzie Brocheré,Pierre Perrier,5.8,"fellatio, female frontal nudity, male frontal nudity, nude sunbathing, orgy",French
Carrie,2013.0,Drama Fantasy Horror,Kimberly Peirce,Chloë Grace Moretz,Judy Greer,Portia Doubleday,5.9,"outcast, prom, self injury, telekinesis, tragic event",English
A Nightmare on Elm Street,1984.0,Horror,Wes Craven,Johnny Depp,Lin Shaye,Amanda Wyss,7.5,"freddy krueger, lucid dream, serial killer, slasher, sleep deprivation",English
Man on Wire,2008.0,Biography Crime Documentary History Thriller,James Marsh,Paul McGill,Philippe Petit,Jean-Louis Blondeau,7.8,"new york city, passion, reenactment, rooftop, tower",English
Abandoned,2015.0,Drama,John Laing,Siobhan Marshall,Peter Feeney,Rachel Nash,6.3,"boat, one word title, sea, storm, survivor",English
Brotherly Love,2015.0,Drama,Jamal Hill,Logan Browning,Adam Ratcliffe,Faizon Love,7.2,"basketball, burglary, police, robbery, teenage girl",English
The Last Exorcism,2010.0,Drama Horror Thriller,Daniel Stamm,Caleb Landry Jones,Ashley Bell,Patrick Fabian,5.6,"cult film, documentary crew, exorcism, found footage, satanic ritual",English
Nowhere Boy,2009.0,Biography Drama Music,Sam Taylor-Johnson,Kristin Scott Thomas,Ophelia Lovibond,Anne-Marie Duff,7.2,"1960s, childhood, friendship, love, the beatles",English
A Streetcar Named Desire,1951.0,Drama,Elia Kazan,Marlon Brando,Karl Malden,Kim Hunter,8.0,"brother in law sister in law relationship, expectant father, histrionic personality disorder, middle aged woman, off screen rape",English
Dr. Strangelove or: How I Learned to Stop Worrying and Love the Bomb,1964.0,Comedy,Stanley Kubrick,George C. Scott,Slim Pickens,Keenan Wynn,8.5,"bomber, doomsday, general, u.s. president, war room",English
El crimen del padre Amaro,2002.0,Drama Romance,Carlos Carrera,Damián Alcázar,Ana Claudia Talancón,Pedro Armendáriz Jr.,6.8,"church, love, mexico, politics, priest",Spanish
Beasts of the Southern Wild,2012.0,Drama Fantasy,Benh Zeitlin,Quvenzhané Wallis,Gina Montana,Dwight Henry,7.3,"auroch, community, hospital, illness, six year old",English
Battle for the Planet of the Apes,1973.0,Action Sci-Fi,J. Lee Thompson,Roddy McDowall,Paul Williams,Claude Akins,5.5,"ape, general, gorilla, outer space, planet of the apes",English
Songcatcher,2000.0,Drama Music,Maggie Greenwald,Aidan Quinn,David Patrick Kelly,Jane Adams,7.3,"doctor, mountain, musician, song, university",English
Higher Ground,2011.0,Drama,Vera Farmiga,Donna Murphy,Bill Irwin,Michael Chernus,6.3,"1960s, belief in the afterlife, domestic violence, faith, minister",English
The Greatest Movie Ever Sold,2011.0,Comedy Documentary,Morgan Spurlock,Quentin Tarantino,J.J. Abrams,Donald Trump,6.6,"advertising, movie in title, product placement",English
Ed and His Dead Mother,1993.0,Comedy Horror,Jonathan Wacks,Steve Buscemi,Gary Farmer,Jon Gries,6.1,"based on ed gein, dog, hyperactive, macabre, zombie",English
Travelers and Magicians,2003.0,Adventure Drama,Khyentse Norbu,Tshewang Dendup,Lhakpa Dorji,Sonam Kinga,7.5,"bhutan, buddhist, monk, storytelling, weaver",Dzongkha
Hang 'Em High,1968.0,Western,Ted Post,Clint Eastwood,Bruce Dern,Alan Hale Jr.,7.0,"imperative in title, judge, marshal, murder, vigilante",English
Deadline - U.S.A.,1952.0,Crime Drama Film-Noir,Richard Brooks,Humphrey Bogart,Jim Backus,Kim Hunter,7.2,"editor, gangster, newspaper, organized crime, press",English
Sublime,2007.0,Horror Thriller,Tony Krantz,George Newbern,Tom Cavanagh,Cas Anvar,5.3,"birthday, birthday party, colonoscopy, hospital, surgery",English
Independence Daysaster,2013.0,Action Sci-Fi,W.D. Hogan,Tom Everett Scott,Keenan Tracey,Nicholas Carella,3.4,"fireworks, kiss, to be continued ending, uncle nephew relationship, usaf",English
Dysfunctional Friends,2012.0,Comedy Drama,Corey Grant,Christian Keyes,Essence Atkins,Tatyana Ali,5.4,"ex boyfriend ex girlfriend relationship, gossip, inheritance, mansion, reference to howard university",English
Run Lola Run,1998.0,Crime Drama,Tom Tykwer,Moritz Bleibtreu,Ludger Pistor,Armin Rohde,7.8,"bechdel test failed, money, multiple outcomes, repeated event, subway",German
May,2002.0,Drama Horror,Lucky McKee,James Duval,Will Estes,Nora Zehetner,6.7,"case, doll, dry humor, friend, love",English
Against the Wild,2013.0,Adventure Family,Richard Boddington,Natasha Henstridge,CJ Adams,Erin Pitt,4.7,"cave, salmon",English
Living Dark: The Story of Ted the Caver,2013.0,Horror,David Hunt,Matthew Alan,Chris Cleveland,Circus-Szalewski,6.3,"brother, cave, caver, dark, funeral",English
Under the Same Moon,2007.0,Adventure Drama,Patricia Riggen,America Ferrera,Eugenio Derbez,Kate del Castillo,7.4,"12 year old, boy, mexican, mexican immigrant, mexico",Spanish
Conquest of the Planet of the Apes,1972.0,Action Sci-Fi,J. Lee Thompson,Roddy McDowall,Gordon Jump,John Randolph,6.1,"ape, future, intelligence, revolution, slave revolt",English
In the Bedroom,2001.0,Crime Drama,Todd Field,Tom Wilkinson,Sissy Spacek,Karen Allen,7.5,"doctor, maine, only son, school choir, summer",English
I Spit on Your Grave,2010.0,Horror Thriller,Steven R. Monroe,Sarah Butler,Chad Lindberg,Daniel Franzese,6.3,"horror movie remake, rape, rape and revenge, rape victim, revenge",English
"Happy, Texas",1999.0,Comedy Crime Romance,Mark Illsley,Ally Walker,Illeana Douglas,Jeremy Northam,6.3,"banker, beauty pageant, escaped convict, gay, pageant",English
My Summer of Love,2004.0,Drama Romance,Pawel Pawlikowski,Paddy Considine,Natalie Press,Dean Andrews,6.8,"female frontal nudity, lesbian relationship, summer, voyeurism, yorkshire",English
The Lunchbox,2013.0,Drama Romance,Ritesh Batra,Nawazuddin Siddiqui,Nimrat Kaur,Lillete Dubey,7.8,"delivery, delivery to wrong address, lunchbox, open ended, unconventional romance",Hindi
Yes,2004.0,Drama Romance,Sally Potter,Shirley Henderson,Joan Allen,Stephanie Leonidas,6.9,"beach, lebanese, loss, muslim, restaurant",English
You Can't Take It with You,1938.0,Comedy Drama Romance,Frank Capra,Jean Arthur,Ann Miller,Lionel Barrymore,8.0,"eccentric, friend, house, monopoly, stenographer",English
From Here to Eternity,1953.0,Drama Romance War,Fred Zinnemann,Montgomery Clift,Donna Reed,Deborah Kerr,7.8,"boxing, captain, hawaii, love, sergeant",English
She Wore a Yellow Ribbon,1949.0,Western,John Ford,Harry Carey Jr.,Ben Johnson,Victor McLaglen,7.4,"captain, cavalry, fort, retirement, yellow ribbon",English
Grace Unplugged,2013.0,Drama Music,Brad J. Silverman,Shawnee Smith,Michael Welch,Anthony Reynolds,6.1,"christianity, love, reference to justin bieber, reference to taylor swift, worship",English
Foolish,1999.0,Comedy Drama,Dave Meyers,Eddie Griffin,Clifton Powell,Marla Gibbs,4.3,"accidental killing, drug humor, profanity, sexual humor, stand up comedy",English
N-Secure,2010.0,Crime Drama Thriller,David M. Matthews,Essence Atkins,Lamman Rucker,Tempestt Bledsoe,3.5,"betrayal, family relationships, insecurity, murder, passive aggression",English
Caramel,2007.0,Comedy Drama Romance,Nadine Labaki,Yasmine Al Massri,Adel Karam,Nadine Labaki,7.2,"caramel, friendship, police, secret, suitor",Arabic
Out of the Dark,2014.0,Horror Thriller,Lluís Quílez,Stephen Rea,Pixie Davies,Alejandro Furth,4.7,haunted house,English
The Bubble,2006.0,Comedy Drama Romance,Eytan Fox,Ohad Knoller,Lior Ashkenazi,Yousef 'Joe' Sweid,7.3,"gay, hairy chest, homosexual, israel, male nudity",Hebrew
The Conversation,1974.0,Drama Mystery Thriller,Francis Ford Coppola,Harrison Ford,Teri Garr,Cindy Williams,7.9,"corruption, neo noir, recording, saxophone, surveillance",English
Mississippi Mermaid,1969.0,Crime Drama Romance,François Truffaut,Catherine Deneuve,Jean-Paul Belmondo,Michel Bouquet,7.2,"antibes, hotel, island, reunion, reunion island",French
I Love Your Work,2003.0,Drama Mystery,Adam Goldberg,Judy Greer,Marisa Coughlan,Nicky Katt,5.4,"film student, marriage, mental breakdown, movie star, obsession",English
Cabin Fever,2016.0,Horror,Travis Zariwny,Dustin Ingram,Gage Golightly,Samuel Davis,3.7,"female rear nudity, flesh eating virus, horror movie remake, remake, topless female nudity",English
Dawn of the Dead,2004.0,Action Horror Thriller,Zack Snyder,Ty Burrell,Kevin Zegers,Mekhi Phifer,7.4,"mall, mayhem, nurse, rear entry sex, survival horror",English
Waitress,2007.0,Comedy Drama Romance,Adrienne Shelly,Lew Temple,Cheryl Hines,Eddie Jemison,7.1,"domestic violence, pregnancy, unhappy marriage, unwanted pregnancy, waitress",English
Bloodsport,1988.0,Action Biography Drama Sport,Newt Arnold,Bolo Yeung,Donald Gibb,Ken Siu,6.8,"hand to hand combat, hong kong, kumite, martial arts, tournament",English
Mr. Smith Goes to Washington,1939.0,Comedy Drama,Frank Capra,Claude Rains,Jean Arthur,Thomas Mitchell,8.2,"camp, corruption, governor, senate, u.s. senate",English
Kids,1995.0,Drama,Larry Clark,Rosario Dawson,Leo Fitzpatrick,Justin Pierce,7.0,"coming of age, marijuana, rape, virgin, weed",English
The Squid and the Whale,2005.0,Comedy Drama,Noah Baumbach,William Baldwin,Elizabeth Meriwether,Owen Kline,7.4,"boy, divorce, tennis, tennis coach, writer",English
Kissing Jessica Stein,2001.0,Comedy Drama Romance,Charles Herman-Wurmfeld,Scott Cohen,Jennifer Westfeldt,Brian Stepanek,6.7,"friend, friendship, journalist, new york city, personal ad",English
"A Woman, a Gun and a Noodle Shop",2009.0,Comedy Drama,Yimou Zhang,Honglei Sun,Ni Yan,Dahong Ni,5.7,"betrayal, husband wife relationship, murder, noodles, salary",Mandarin
Spellbound,1945.0,Film-Noir Mystery Romance Thriller,Alfred Hitchcock,Norman Lloyd,Rhonda Fleming,Leo G. Carroll,7.6,"amnesia, dream analysis, dream sequence, guilt complex, post traumatic stress disorder",English
Exotica,1994.0,Drama Mystery Romance,Atom Egoyan,Bruce Greenwood,Mia Kirshner,Sarah Polley,7.2,"bird, cult film, egg, nightclub, toronto",English
Buffalo '66,1998.0,Comedy Crime Drama Romance,Vincent Gallo,Anjelica Huston,Vincent Gallo,Jan-Michael Vincent,7.5,"shower, stripper, tap dancing, underwear, undressing",English
Insidious,2010.0,Fantasy Horror Mystery Thriller,James Wan,Lin Shaye,Barbara Hershey,Philip Friedman,6.8,"baby, boy, coma, demon, house",English
Repo Man,1984.0,Comedy Crime Sci-Fi Thriller,Alex Cox,Del Zamora,Tracey Walter,Miguel Sandoval,6.9,"punk, punk rocker, repossession, televangelist, ufo",English
Nine Queens,2000.0,Crime Drama Thriller,Fabián Bielinsky,Ricardo Darín,Gastón Pauls,Leticia Brédice,7.9,"con artist, hotel, partner, scam, stamp",Spanish
The Gatekeepers,2012.0,Documentary War,Dror Moreh,Ami Ayalon,Yuval Diskin,Yaakov Peri,7.6,"interview, jerusalem, jewish, terrorism, terrorist bombing",Hebrew
The Ballad of Jack and Rose,2005.0,Drama,Rebecca Miller,Beau Bridges,Susanna Thompson,Ryan McDonald,6.7,"commune, defecation, environmentalism, fellatio, island",English
The To Do List,2013.0,Comedy Romance,Maggie Carey,Donald Glover,Alia Shawkat,Scott Porter,5.8,"feces in a swimming pool, female vomiting, high school, lifeguard, male objectification",English
Killing Zoe,1993.0,Crime Drama Thriller,Roger Avary,Eric Stoltz,Salvator Xuereb,Jean-Hugues Anglade,6.5,"bank, bastille day, call girl, childhood friend, drugs",English
The Believer,2001.0,Drama,Henry Bean,Ryan Gosling,Theresa Russell,Summer Phoenix,7.2,"jew, jewish nazi, nazism, racism, skinhead",English
Snow Angels,2007.0,Drama Romance,David Gordon Green,Michael Angarano,Connor Paolo,Tom Noonan,6.9,"flashback, football game, school, small town, snow",English
Session 9,2001.0,Horror Mystery,Brad Anderson,Paul Guilfoyle,Brendan Sexton III,Larry Fessenden,6.5,"abandoned asylum, abandoned hospital, asbestos, lobotomy, multiple personality",English
I Want Someone to Eat Cheese With,2006.0,Comedy Romance,Jeff Garlin,Jessy Schram,Jeff Garlin,Joey Slotnick,6.2,"cheese, city, ice cream, school, second city",English
Mooz-Lum,2010.0,Drama Family,Qasim Basir,Dorian Missick,Nia Long,Evan Ross,6.7,one word title,English
Hatchet,2006.0,Comedy Horror,Adam Green,Joel David Moore,Kane Hodder,Joel Murray,5.7,"bayou, boat, louisiana, swamp, tour",English
Modern Times,1936.0,Comedy Drama Family,Charles Chaplin,Paulette Goddard,Stanley Blystone,Fred Malatesta,8.6,"actor director writer, invention, machine, music score composed by director, tramp",English
Stolen Summer,2002.0,Drama,Pete Jones,Brian Dennehy,Aidan Quinn,Bonnie Hunt,6.5,"catholic, catholicism, rabbi, school, summer",English
My Name Is Bruce,2007.0,Comedy Fantasy,Bruce Campbell,Ted Raimi,Dan Hicks,Timothy Patrick Quill,6.3,"b movie, birthday, chinese, demon, small town",English
Road Hard,2015.0,Comedy,Adam Carolla,Jay Mohr,Jim O'Heir,David Alan Grier,6.1,"girl in panties, panties, red panties, stand up comedy",English
Forty Shades of Blue,2005.0,Drama Music Romance,Ira Sachs,Rip Torn,Jenny O'Hara,Darren E. Burrows,6.0,"love, music producer, previous marriage, rock 'n' roll, russian",English
Amigo,2010.0,Drama War,John Sayles,Brian Lee Franklin,John Arcilla,Ronnie Lazaro,5.8,"american, filipino, friendship, guerrilla army, village",English
Pontypool,2008.0,Fantasy Horror,Bruce McDonald,Stephen McHattie,Georgina Reilly,Boyd Banks,6.7,"blood splatter, talk radio, virus, vomiting blood, zombie apocalypse",English
Trucker,2008.0,Drama,James Mottern,Jimmy Bennett,Joey Lauren Adams,Matthew Lawrence,6.7,"cancer, cigarette smoking, hospital, one night stand, trucker",English
The Lords of Salem,2012.0,Drama Fantasy Horror Thriller,Rob Zombie,Sid Haig,Dee Wallace,Michael Berryman,5.1,"blood, flashback, radio dj, radio station, vinyl",English
Housebound,2014.0,Comedy Horror Mystery,Gerard Johnstone,Morgana O'Reilly,Bruce Hopkins,Cameron Rhodes,6.8,"bloody violence, exploding head, haunted house, plot twist, slapstick",English
Wal-Mart: The High Cost of Low Price,2005.0,Documentary,Robert Greenwald,Lee Scott,Jon Hunter,Matt Hunter,6.8,"greed, pollution, slave labor, truth, wal mart",English
Fetching Cody,2005.0,Drama Fantasy Romance,David Ray,Nicole Muñoz,Sarah Lind,Kyla Wise,6.8,"death, high school, prostitute, suicide, time travel",English
Growing Up Smith,2015.0,Comedy Drama Family,Frank Lotito,Brighton Sharbino,Jake Busey,Tim Guinee,8.2,"adolescence, girl next door, growing vegetables, high standards, sent away",English
Jack Reacher,2012.0,Action Crime Mystery Thriller,Christopher McQuarrie,Tom Cruise,Robert Duvall,David Oyelowo,7.0,"coma, mysterious villain, police chase, shooting range, sniper",English
#Horror,2015.0,Drama Horror Mystery Thriller,Tara Subkoff,Timothy Hutton,Balthazar Getty,Lydia Hearst,3.3,"bullying, cyberbullying, girl, internet, throat slitting",English
Wind Walkers,2015.0,Action Horror Thriller,Russell Friedenberg,Rudy Youngblood,Glen Powell,Kiowa Gordon,3.6,after dark horrorfest,English
Snow White and the Seven Dwarfs,1937.0,Animation Family Fantasy Musical,William Cottrell,Adriana Caselotti,Billy Gilbert,Lucille La Verne,7.7,"dwarf, love, princess, queen, snow white",English
The Holy Girl,2004.0,Drama,Lucrecia Martel,Mía Maestro,Mercedes Morán,María Alche,6.7,"16 year old, doctor, hotel, tinnitus, title directed by female",Spanish
Shalako,1968.0,Western,Edward Dmytryk,Brigitte Bardot,Woody Strode,Honor Blackman,5.5,"bare chested male bondage, european, female frontal nudity, topless woman, war paint",English
Incident at Loch Ness,2004.0,Adventure Comedy Horror,Zak Penn,Zak Penn,Gabriel Beristain,John Bailey,6.6,"boat, director, loch ness, loch ness monster, monster",English
Girl House,2014.0,Horror Thriller,Jon Knautz,Camren Bicondova,Adam DiMarco,Chasty Ballesteros,5.5,"college student, disfigured face, house, suicide, website",English
The Blue Room,2014.0,Crime Romance Thriller,Mathieu Amalric,Mathieu Amalric,Léa Drucker,Laurent Poitrenaux,6.3,"male pubic hair, manipulative personality, murder of wife, neglected wife, pubic hair",French
House at the End of the Drive,2014.0,Horror Thriller,David Worth,Jessica Szohr,Jonathan Mangum,Angela Jones,6.9,"ghost story, manson family, paranormal, real life event, reference to sharon tate",English
Batman: The Movie,1966.0,Adventure Comedy Family,Leslie H. Martinson,Burgess Meredith,Cesar Romero,Burt Ward,6.5,"black cat, catwoman, dc comics, penguin, riddler",English
"Lock, Stock and Two Smoking Barrels",1998.0,Comedy Crime,Guy Ritchie,Jason Statham,Jason Flemyng,Dexter Fletcher,8.2,"antique, cockney accent, hatchet, money, shotgun",English
The Celebration,1998.0,Drama,Thomas Vinterberg,Ulrich Thomsen,Paprika Steen,Trine Dyrholm,8.1,"dogme 95, family secret, haunted by the past, secret, speech",Danish
Trees Lounge,1996.0,Comedy Drama,Steve Buscemi,Steve Buscemi,Debi Mazar,Carol Kane,7.2,"alcoholic drink, bar, drink, drinking, drunk",English
Journey from the Fall,2006.0,Drama,Ham Tran,Long Nguyen,Kieu Chinh,Cat Ly,7.4,"1970s, 1980s, nonlinear timeline, rescue, vietnam war",Vietnamese
The Basket,1999.0,Drama,Rich Cowan,Eric Dane,Karen Allen,Peter Coyote,6.5,"basketball, german immigrant, opera, two word title, war orphan",English
Eddie: The Sleepwalking Cannibal,2012.0,Comedy Horror,Boris Rodriguez,Stephen McHattie,Thure Lindhardt,Georgina Reilly,5.7,"art teacher, cannibal, inspiration, painter, sleepwalking",English
Mercury Rising,1998.0,Action Crime Drama Thriller,Harold Becker,Bruce Willis,Miko Hughes,Carrie Preston,6.1,"autistic child, boy, child in danger, fbi, nsa",English
Queen of the Mountains,2014.0,Action Biography Drama History,Sadyk Sher-Niyaz,Elina Abai Kyzy,Aziz Muradillayev,Mirlan Abdulayev,8.7,"19th century, central asia, mother son relationship, ruler, russian empire",English
Def-Con 4,1985.0,Action Sci-Fi,Paul Donovan,Maury Chaykin,Lenore Zann,Tim Choate,4.3,"canuxploitation, independent film, post apocalypse, remake, survival",English
The Hebrew Hammer,2003.0,Comedy,Jonathan Kesselman,Judy Greer,Adam Goldberg,Tony Cox,6.2,"blaxploitation, hanukkah, jewish, kwanzaa, santa claus",English
Neal 'N' Nikki,2005.0,Comedy Musical Romance,Arjun Sablok,Abhishek Bachchan,Uday Chopra,Samantha McLeod,3.3,"interrupted sex, kiss, love, mistaken sex scene, sex in car",English
The 41-Year-Old Virgin Who Knocked Up Sarah Marshall and Felt Superbad About It,2010.0,Comedy,Craig Moss,Noureen DeWulf,Bryan Callen,Matt Crabtree,2.7,"masturbation, porn actor in mainstream movie, sex, spoof, virginity",English
Rebecca,1940.0,Drama Film-Noir Mystery Thriller,Alfred Hitchcock,Laurence Olivier,Joan Fontaine,George Sanders,8.2,"death, estate, housekeeper, love, monte carlo",English
Friday the 13th Part 2,1981.0,Horror Mystery Thriller,Steve Miner,Betsy Palmer,Adrienne King,Amy Steel,6.1,"ice pick, jason voorhees, lake, pitchfork, shack",English
The Lost Weekend,1945.0,Drama Film-Noir,Billy Wilder,Ray Milland,Jane Wyman,Frank Faylen,8.0,"addiction, alcoholic, alcoholism, paranoia, suicidal thoughts",English
C.H.U.D.,1984.0,Horror Sci-Fi,Douglas Cheek,Daniel Stern,John Heard,Sam McMurray,5.5,"bum, city, mutant, new york city, street",English
The Lion of Judah,2011.0,Animation,Deryck Broom,Vic Mignogna,Omar Benson Miller,Anupam Kher,3.7,"animal, donkey, lamb, pig, rooster",English
Niagara,1953.0,Crime Film-Noir Thriller,Henry Hathaway,Joseph Cotten,Jean Peters,Will Wright,7.1,"hitchcockian, husband murders wife, murder, niagara falls, overhead shot",English
How Green Was My Valley,1941.0,Drama Family,John Ford,Roddy McDowall,Walter Pidgeon,Barry Fitzgerald,7.8,"coal mine, girl, school, village, wales",English
Da Sweet Blood of Jesus,2014.0,Comedy Romance Thriller,Spike Lee,Rami Malek,Elvis Nolasco,Felicia Pearson,4.1,"horror movie remake, remake, undead, undead sex, undead sexuality",English
"Sex, Lies, and Videotape",1989.0,Drama,Steven Soderbergh,Peter Gallagher,Laura San Giacomo,Steven Brill,7.2,"affair, interview, marriage, sex, videotape",English
Saw,2004.0,Horror Mystery Thriller,James Wan,Michael Emerson,Monica Potter,Shawnee Smith,7.7,"chained, flashback, killer, serial killer, surprise ending",English
Super Troopers,2001.0,Comedy Crime Mystery,Jay Chandrasekhar,Geoffrey Arend,Daniel von Bargen,Jay Chandrasekhar,7.1,"drugs, highway, police, state trooper, vermont",English
The Algerian,2014.0,Action Romance Thriller,Giovanni Zelko,Zuhair Haddad,Harry Lennix,Ben Youcef,7.6,"algeria, algerian, los angeles california, muslim",English
The Amazing Catfish,2013.0,Comedy Drama,Claudia Sainte-Luce,Ximena Ayala,Vera Wilson,José Manuel Orozco Angulo,7.0,"actress shares first name with character, appendicitis, hospital, loss of mother, supermarket",Spanish
The Day the Earth Stood Still,2008.0,Drama Sci-Fi Thriller,Scott Derrickson,Keanu Reeves,Jon Hamm,Juan Riedinger,5.5,"alien, earth, giant robot, military, scientist",English
Monsoon Wedding,2001.0,Comedy Drama Romance,Mira Nair,Naseeruddin Shah,Randeep Hooda,Lillete Dubey,7.4,"arranged marriage, bride, celebration, marriage, wedding",Hindi
You Can Count on Me,2000.0,Drama,Kenneth Lonergan,Matthew Broderick,Rory Culkin,Gaby Hoffmann,7.7,"bank, car accident, cheating husband, new york, single mother",English
The Trouble with Harry,1955.0,Comedy Mystery Romance,Alfred Hitchcock,Jerry Mathers,John Forsythe,Royal Dano,7.2,"artist, death, hunting, sheriff, vermont",English
Lucky Number Slevin,2006.0,Crime Drama Mystery Thriller,Paul McGuigan,Bruce Willis,Morgan Freeman,Dorian Missick,7.8,"coroner, death, gay son, love, mistaken identity",English
But I'm a Cheerleader,1999.0,Comedy Drama,Jamie Babbit,Natasha Lyonne,Clea DuVall,Eddie Cibrian,6.6,"cheerleader, gay, homosexual, lesbian, lesbian relationship",English
Home Run,2013.0,Drama Sport,David Boyd,Vivica A. Fox,Drew Waters,Scott Elrod,6.0,"addiction, alcoholic, baseball, car accident, reference to god",English
Reservoir Dogs,1992.0,Crime Drama Thriller,Quentin Tarantino,Quentin Tarantino,Steve Buscemi,Chris Penn,8.4,"gang, heist, heist gone wrong, nonlinear timeline, robbery",English
The Blue Bird,1940.0,Drama Family Fantasy,Walter Lang,Spring Byington,Nigel Bruce,Gale Sondergaard,6.5,"1800s, bird, blue bird of happiness, foreign language adaptation, past",English
"The Good, the Bad and the Ugly",1966.0,Western,Sergio Leone,Clint Eastwood,Luigi Pistilli,Enzo Petito,8.9,"civil war, hitman, outlaw, shootout, spaghetti western",Italian
The Second Mother,2015.0,Comedy Drama,Anna Muylaert,Alex Huszar,Regina Casé,Luis Miranda,7.9,"brazil, exam, housekeeper, northeast region of brazil, portuguese language",Portuguese
Blue Like Jazz,2012.0,Comedy Drama,Steve Taylor,Jason Marsden,Marshall Allman,Eric Lange,6.0,"church, college, color in title, philosophy, texas",English
Down and Out with the Dolls,2001.0,Comedy Music,Kurt Voss,Lemmy,Coyote Shivers,Zoë Poledouris,6.1,"female bassist, female drummer, female guitarist, female singer, portland oregon",English
Certifiably Jonathan,2007.0,Comedy Documentary,James David Pasternak,Robin Williams,Sarah Silverman,Jonathan Winters,6.2,"las vegas nevada, museum, reference to mr. rogers, reference to vincent van gogh, talking about suicide",English
Q,2011.0,Drama,Laurent Bouhnik,Déborah Révy,Johnny Amaro,Yassine Azzouz,5.6,"female explicit nudity, hand job, oral sex, penetration, unsimulated sex",French
Grand Theft Parsons,2003.0,Adventure Comedy Drama,David Caffrey,Marley Shelton,Scott Adsit,Jim Cody Williams,6.1,"guitar, hearse, manager, musician, singer",English
Extreme Movie,2008.0,Comedy,Adam Jay Epstein,Rich Ceraulo,Denise Boutte,Vanessa Lee Chester,3.8,"box office flop, female frontal nudity, pink bra and panties, red bra and panties, sex",English
The Charge of the Light Brigade,1936.0,Action Adventure Romance War,Michael Curtiz,Errol Flynn,David Niven,Spring Byington,7.1,"attack, fort, india, lancer, massacre",English
Crowsnest,2012.0,Action Horror Mystery Thriller,Brenton Spencer,Christie Burke,Victor Zinck Jr.,Chelsey Reist,3.8,"forest, found footage, lost, murder, road trip",English
Airborne,1993.0,Adventure Comedy Sport,Rob Bowman,Alanna Ubach,Jacob Vargas,Brittney Powell,6.2,"cincinnati ohio, high school, hockey, jock strap, zoologist",English
Cotton Comes to Harlem,1970.0,Action Comedy,Ossie Davis,Redd Foxx,Cleavon Little,Calvin Lockhart,6.6,"black cop, chase, cotton, four word title, new york city",English
The Wicked Within,2015.0,Horror,Jay Alaimo,William McNamara,Sabrina Carmichael,Patrick Muldoon,4.6,after dark horrorfest,English
Bleeding Hearts,2015.0,Horror,Dylan Bank,Seregon O'Dassey,Deirdre Lorenz,Dustin Diamond,4.2,"bare breasts, bra and panties, nudity, syringe",English
Waiting...,2005.0,Comedy,Rob McKittrick,Ryan Reynolds,Dane Cook,Vanessa Lengies,6.8,"cook, dishwasher, flashing, male frontal nudity, waiter",English
Dead Man's Shoes,2004.0,Crime Drama Thriller,Shane Meadows,Paddy Considine,Gary Stretch,George Newton,7.7,"anger, army veteran, independent film, revenge, sex scene",English
From a Whisper to a Scream,1987.0,Action Drama Horror Thriller,Jeff Burr,Terry Kiser,Clu Gulager,Susan Tyrrell,5.9,"bathtub, cult film, neck breaking, tennessee, wraparound story",English
Dracula: Pages from a Virgin's Diary,2002.0,Comedy Horror Musical,Guy Maddin,Sarah Murphy-Dyson,CindyMarie Small,Brent Neale,7.0,"ballet, cult film, dance, dracula, gothic",English
Faith Like Potatoes,2006.0,Drama,Regardt van den Bergh,Sean Cameron Michael,Frank Rautenbach,Jeanne Neilson,6.9,"food, food in title, potato",Zulu
Beyond the Black Rainbow,2010.0,Sci-Fi Thriller,Panos Cosmatos,Chris Gauthier,Marilyn Norry,Eva Bourne,6.1,"exploitation, four word title, hallucinogen, lynchian, telepathy",English
The Raid: Redemption,2011.0,Action Crime Thriller,Gareth Evans,Iko Uwais,Yayan Ruhian,Donny Alamsyah,7.6,"apartment, drug lord, gangster, police, swat team",Indonesian
The Dead Undead,2010.0,Action Horror Sci-Fi,Matthew R. Anderson,Johnny Pacar,Vernon Wells,Matthew R. Anderson,3.0,"flashback, immortality, rural setting, vampire, zombie",English
Casablanca,1942.0,Drama Romance War,Michael Curtiz,Humphrey Bogart,Claude Rains,Conrad Veidt,8.6,"american expatriate, casablanca morocco, gestapo, police, visa",English
Lake Mungo,2008.0,Drama Horror Mystery Thriller,Joel Anderson,Talia Zucker,Rosie Traynor,Martin Sharpe,6.1,"ghost, lake, parapsychologist, psychic, secret",English
Rocket Singh: Salesman of the Year,2009.0,Comedy Drama,Shimit Amin,Ranbir Kapoor,Shazahn Padamsee,Gauhar Khan,7.5,"boss, computer, honesty, sales, salesman",Hindi
Silent Running,1972.0,Drama Sci-Fi,Douglas Trumbull,Bruce Dern,Ron Rifkin,Jesse Vint,6.7,"forest, greenhouse, plant, robot, space",English
Rocky,1976.0,Drama Sport,John G. Avildsen,Sylvester Stallone,Burgess Meredith,Carl Weathers,8.1,"boxer, hometown hero, philadelphia pennsylvania, protective male, training",English
The Sleepwalker,2014.0,Drama,Mona Fastvold,Christopher Abbott,Brady Corbet,Gitte Witt,4.9,"female nudity, male nudity, male rear nudity, nudity",English
The Fog,1980.0,Fantasy Horror,John Carpenter,Jamie Lee Curtis,Hal Holbrook,Janet Leigh,6.8,"california, fog, leper, lighthouse, ship",English
Tom Jones,1963.0,Adventure Comedy History,Tony Richardson,Albert Finney,Susannah York,Hugh Griffith,6.8,"18th century, rags to riches, secret letter, squire, tutor",English
Unfriended,2014.0,Horror Mystery Thriller,Levan Gabriadze,Shelley Hennig,Renee Olstead,Heather Sossaman,5.7,"blender, computer screen, secret, skype, webcam",English
Taxi Driver,1976.0,Crime Drama,Martin Scorsese,Robert De Niro,Albert Brooks,Peter Boyle,8.3,"loner, neo noir, night shift, taxi driver, vigilante",English
The Howling,1981.0,Horror,Joe Dante,Patrick Macnee,Robert Picardo,Dee Wallace,6.6,"1980s, forest, lycanthrope, shapeshifting, werewolf transformation",English
Dr. No,1962.0,Action Adventure Thriller,Terence Young,Ursula Andress,Jack Lord,Lois Maxwell,7.3,"british secret service, hand to hand combat, murder, official james bond series, terrorist plot",English
Chernobyl Diaries,2012.0,Horror Mystery Sci-Fi Thriller,Bradley Parker,Jesse McCartney,Ingrid Bolsø Berdal,Jonathan Sadowski,5.0,"abandoned building, chernobyl disaster, exploration, tour guide, van",English
Hellraiser,1987.0,Fantasy Horror,Clive Barker,Andrew Robinson,Ashley Laurence,Clare Higgins,7.0,"blood, cenobites, creature, demon, male full frontal nudity",English
God's Not Dead 2,2016.0,Drama,Harold Cronk,Benjamin A. Onyango,Robin Givens,Maria Canals-Barrera,3.4,"alternate universe, christian, christian film, christianity, manipulation",English
Cry_Wolf,2005.0,Drama Horror Mystery Thriller,Jeff Wadlow,Julian Morris,Gary Cole,Lindy Booth,5.9,"e mail, game, school, serial killer, student",English
Godzilla 2000,1999.0,Action Adventure Drama Sci-Fi Thriller,Takao Okawara,Hiroshi Abe,Naomi Nishida,Sakae Kimura,6.0,"godzilla, kaiju, monster, orga, ufo",Japanese
Blue Valentine,2010.0,Drama Romance,Derek Cianfrance,Ryan Gosling,Mike Vogel,John Doman,7.4,"dog hit by a car, dysfunctional family, falling in love, female in shower, unhappily married woman",English
Transamerica,2005.0,Adventure Comedy Drama,Duncan Tucker,Kevin Zegers,Felicity Huffman,Paul Borghese,7.4,"bail, male full frontal nudity, sex change, stepfather, transsexual",English
The Devil Inside,2012.0,Horror,William Brent Bell,Fernanda Andrade,Claudiu Trandafir,Brian Johnson,4.2,"critically bashed, demonic possession, exorcism, exorcist, found footage",English
Beyond the Valley of the Dolls,1970.0,Comedy Drama Music,Russ Meyer,Charles Napier,Cynthia Myers,Harrison Page,6.2,"band, drugs, friendship, hollywood, satire",English
Love Me Tender,1956.0,Drama Romance Western,Robert D. Webb,James Drury,Neville Brand,Debra Paget,6.2,"army, civil war, robbery, soldier, train",English
Sands of Iwo Jima,1949.0,Action Drama Romance War,Allan Dwan,James Brown,Richard Jaeckel,Forrest Tucker,7.2,"battle, combat, heroic military, sergeant, tarawa",English
Shine a Light,2008.0,Biography Documentary Music,Martin Scorsese,Mick Jagger,Keith Richards,Albert Maysles,7.2,"band, concert footage, new york city, rolling stones, three word title",English
The Green Inferno,2013.0,Adventure Horror,Eli Roth,Daryl Sabara,Richard Burgi,Magda Apanowicz,5.4,"activist, amazon, color in title, rain, rain forest",English
Departure,2015.0,Drama Family Romance,Andrew Steggall,Juliet Stevenson,Alex Lawther,Niamh Cusack,7.0,"france, gay, language, male masturbation, masturbation",English
The Sessions,2012.0,Biography Comedy Drama Romance,Ben Lewin,W. Earl Brown,Adam Arkin,Rhea Perlman,7.2,"falling in love, iron lung, priest, sex surrogate, therapist",English
"Food, Inc.",2008.0,Documentary,Robert Kenner,Michael Pollan,Eric Schlosser,Barbara Kowalcyk,7.9,"farming, flesh eating, food, food industry, gluttony",English
October Baby,2011.0,Drama,Andrew Erwin,Rachel Hendrix,Robert Amaya,Jason Burkey,6.8,"abortion, anti choice, christian preach, malpractice, unprofessional conduct",English
Next Stop Wonderland,1998.0,Comedy Drama Romance,Brad Anderson,Philip Seymour Hoffman,Callie Thorne,Holland Taylor,6.7,"love, marine biologist, nurse, personal ad, plumber",English
Juno,2007.0,Comedy Drama Romance,Jason Reitman,J.K. Simmons,Jennifer Garner,Rainn Wilson,7.5,"adoption, baby, friend, pregnancy, school",English
The Skeleton Twins,2014.0,Comedy Drama,Craig Johnson,Ty Burrell,Boyd Holbrook,Kathleen Rose Perkins,6.8,"adultery, brother sister relationship, estrangement, siblings, suicide attempt",English
Martha Marcy May Marlene,2011.0,Drama Mystery Thriller,Sean Durkin,Christopher Abbott,Julia Garner,Brady Corbet,6.9,"connecticut, cult, memory, new york, telephone call",English
Obvious Child,2014.0,Comedy Drama,Gillian Robespierre,Gaby Hoffmann,Jenny Slate,Jake Lacy,6.8,"abortion, divorced parents, one night stand, pregnancy, pregnant",English
Frozen River,2008.0,Crime Drama,Courtney Hunt,Charlie McDermott,Michael O'Keefe,Misty Upham,7.2,"border, mohawk, money, new york, river",English
20 Feet from Stardom,2013.0,Documentary Music,Morgan Neville,Sheryl Crow,Lou Adler,Merry Clayton,7.4,"backup singer, band, bechdel test passed, concert footage, singer",English
Two Girls and a Guy,1997.0,Comedy Drama,James Toback,Robert Downey Jr.,Natasha Gregson Wagner,Angel David,5.6,"actor, anilingus, double cross, funeral home, two timing",English
Walking and Talking,1996.0,Comedy Drama Romance,Nicole Holofcener,Kevin Corrigan,Anne Heche,Vincent Pastore,6.8,"briefs, cancer, cat, cult film, friend",English
The Full Monty,1997.0,Comedy Drama Music,Peter Cattaneo,Tom Wilkinson,Mark Addy,Lesley Sharp,7.2,"dole, male stripper, northern england, steel worker, unemployment",English
Who Killed the Electric Car?,2006.0,Documentary,Chris Paine,Ed Begley Jr.,Phyllis Diller,Colette Divine,7.7,"california, car, reference to ralph nader, technology, u.s. president",English
The Broken Hearts Club: A Romantic Comedy,2000.0,Comedy Drama Romance Sport,Greg Berlanti,Justin Theroux,Nia Long,Mary McCormack,7.0,"friend, gay, lesbian, photographer, restaurant",English
Bubba Ho-Tep,2002.0,Comedy Fantasy Mystery,Don Coscarelli,Daniel Roebuck,Ossie Davis,Ella Joyce,7.2,"cult film, elvis, elvis presley, nursing home, texas",English
Goosebumps,2015.0,Adventure Comedy Family Fantasy Horror,Rob Letterman,Odeya Rush,Dylan Minnette,Ken Marino,6.4,"based on book, blob, ferris wheel, manuscript, monster",English
Slam,1998.0,Drama,Marc Levin,Sonja Sohn,Saul Williams,Bonz Malone,7.2,"gang, independent film, prison, racial slur, urban setting",English
Brigham City,2001.0,Crime Drama Mystery,Richard Dutcher,Wilford Brimley,Frank Gerrish,Rick Macy,7.2,"fbi agent, mormon, prayer, sheriff, utah",English
Fiza,2000.0,Drama Romance,Khalid Mohamed,Karisma Kapoor,Manoj Bajpayee,Jaya Bhaduri,6.2,"mumbai riots, politician, riot, suicide, tragic event",Hindi
History of the World: Part I,1981.0,Comedy,Mel Brooks,Madeline Kahn,Sid Caesar,Dom DeLuise,6.9,"french revolution, old testament, part of an unfinished series, reference to john wayne, roman emperor",English
Orgazmo,1997.0,Comedy Sci-Fi,Trey Parker,Trey Parker,Dian Bachar,Matt Stone,6.2,"book of mormon, fight, mormon, ray gun, sidekick",English
All the Real Girls,2003.0,Drama Romance,David Gordon Green,Zooey Deschanel,Paul Schneider,Shea Whigham,6.9,"best friend, lake, love, small town, womanizer",English
Dream with the Fishes,1997.0,Comedy Drama,Finn Taylor,David Arquette,Cathy Moriarty,Kathryn Erbe,7.0,"dying, to do list, twenty something, underwear, voyeur",English
Blue Car,2002.0,Drama,Karen Moncrieff,Frances Fisher,Agnes Bruckner,A.J. Buckley,6.7,"contest, poetry, refusing to eat, starving oneself, teenage girl",English
Luminarias,2000.0,Comedy Romance,José Luis Valenzuela,Cheech Marin,Lupe Ontiveros,Robert Beltran,3.6,"divorce, friend, jewish, lent, restaurant",English
Palo Alto,2013.0,Drama,Gia Coppola,James Franco,Nat Wolff,Olivia Crocicchia,6.3,"girls' soccer, high school, high school student, soccer coach, teenager",English
Ajami,2009.0,Crime Drama,Scandar Copti,Shahir Kabaha,Scandar Copti,Ranin Karim,7.4,"arab, christian, israeli, palestinian, violence",Arabic
Wristcutters: A Love Story,2006.0,Comedy Drama Fantasy Romance,Goran Dukic,Leslie Bibb,Patrick Fugit,Chase Ellison,7.4,"afterlife, camping, death, hitchhiker, suicide",English
I Origins,2014.0,Drama Romance Sci-Fi,Mike Cahill,Steven Yeun,Cara Seymour,Venida Evans,7.3,"buddhism, evolution, eye, reincarnation, stuck in elevator",English
The Battle of Shaker Heights,2003.0,Comedy Drama Romance,Efram Potelle,Shiri Appleby,Elden Henson,Kathleen Quinlan,6.1,"bully comeuppance, high school, painter, reference to led zeppelin, wetting pants",English
The Lovely Bones,2009.0,Drama Fantasy Thriller,Peter Jackson,Michael Imperioli,AJ Michalka,Tom McCarthy,6.7,"1970s, afterlife, heaven, pedophile, rape",English
The Act of Killing,2012.0,Biography Crime Documentary History,Joshua Oppenheimer,Anwar Congo,Herman Koto,Syamsul Arifin,8.2,"death squad, mass killing, musical number, reference to guantanamo bay, surrealism",Indonesian
Taxi to the Dark Side,2007.0,Crime Documentary War,Alex Gibney,Alex Gibney,George W. Bush,Greg D'Agostino,7.7,"afghanistan, detainee, guantanamo bay, taxi, torture",English
Once in a Lifetime: The Extraordinary Story of the New York Cosmos,2006.0,Documentary Sport,Paul Crowder,Pelé,Marv Albert,Ahmet Ertegun,7.3,"new york, new york cosmos, professional sports, soccer, soccer team",English
Guiana 1838,2004.0,Drama,Rohit Jagessar,Kumar Gaurav,Rufus Graham,Aasheekaa Bathija,7.4,"bare chested male, discipline, imperialism, whipping, white slavery",English
Lisa Picard Is Famous,2000.0,Comedy Drama,Griffin Dunne,Mira Sorvino,Fisher Stevens,Melissa Gilbert,5.7,"actress, fame, inside joke, new york, one man show",English
Antarctica: A Year on Ice,2013.0,Adventure Biography Documentary Drama,Anthony Powell,Josh Swanson,Tom Hamann,Anthony Powell,7.6,antarctica,English
A Lego Brickumentary,2014.0,Documentary,Kief Davidson,G.W. Krauss,Brian Whitaker,Jason Bateman,6.8,"artist, denmark, lego, toy, toy company",English
Hardflip,2012.0,Action Drama,Johnny Remo,Matthew Ziff,Randy Wayne,Raquel Elizabeth Ames,5.6,"family relationships, loss of mother, san diego california, single mother, suicide attempt",English
Chocolate: Deep Dark Secrets,2005.0,Thriller,Vivek Agnihotri,Emraan Hashmi,Anil Kapoor,Sunil Shetty,4.8,"chocolate, christmas, christmas eve, death, suspect",Hindi
The House of the Devil,2009.0,Horror,Ti West,Lena Dunham,Greta Gerwig,Dee Wallace,6.4,"cult film, eclipse, haunted house, lunar eclipse, secret",English
The Perfect Host,2010.0,Comedy Crime Thriller,Nick Tomnay,David Hyde Pierce,Clayne Crawford,Nathaniel Parker,6.8,"arm tattoo, bank robbery, cauterizing a wound, dancing on a table, dinner party",English
Safe Men,1998.0,Comedy Crime,John Hamburg,Harvey Fierstein,Michael Lerner,Josh Pais,6.1,"gangster, organized crime, robbery, rosh hashanah, safecracking",English
Speedway Junky,1999.0,Crime Drama Romance,Nickolas Perry,Patrick Renna,Patsy Kensit,Adrienne Frantz,5.2,"car racing, crush, hustler, scam, watching television",English
The Last Big Thing,1996.0,Comedy Drama,Dan Zukovic,Yul Vazquez,Louis Mustillo,James Lorinz,6.9,"actor, magazine, model, rock band, suburb",English
The Specials,2000.0,Action Comedy Fantasy Sci-Fi,Craig Mazin,Judy Greer,James Gunn,Jamie Kennedy,6.0,"action figure, press conference, superhero, superhero team, toy",English
16 to Life,2009.0,Comedy Romance,Becky Smith,Will Rothhaar,Emily Baldoni,Hallee Hirsh,6.3,"birthday, digit in title, love, masturbation, teenager",English
Alone with Her,2006.0,Crime Drama Thriller,Eric Nicholas,Jordana Spiro,Ana Claudia Talancón,Jonathon Trent,6.1,"female nudity, female pubic hair, masturbation, panties, pubic hair",English
Creative Control,2015.0,Drama Sci-Fi,Benjamin Dickinson,Nora Zehetner,Alexia Rasmussen,Meredith Hagner,5.5,"art exhibition, augmented reality, cocaine, nervous breakdown, speculative fiction",English
Special,2006.0,Comedy Drama Sci-Fi,Hal Haberman,Michael Rapaport,Paul Blackthorne,Ian Bohen,6.9,"dream sequence, locked in a room, looking at self in mirror, medication, superhero",English
Sparkler,1997.0,Comedy Drama,Darren Stein,Frances Bay,Jamie Kennedy,Veronica Cartwright,5.6,"automobile association of america, cheating, psychic, reference to tom jones the singer, trailer park",English
The Helix... Loaded,2005.0,Action Adventure Comedy Fantasy Sci-Fi,A. Raven Cruz,Scott Levy,Vanilla Ice,Jennifer Sky,1.9,"cnn reporter, ellipsis in title, matrix, punctuation in title, secret agent",English
In Her Line of Fire,2006.0,Action Drama,Brian Trenchard-Smith,David Keith,Mariel Hemingway,Jesse Hutch,4.1,"camp, die hard scenario, female protagonist, island, vice president",English
The Jimmy Show,2001.0,Comedy Drama,Frank Whaley,Lynn Cohen,Frank Whaley,Heather Bucha,5.4,"based on play, character name in title",English
Heli,2013.0,Crime Drama Romance,Amat Escalante,Kenny Johnston,Andrea Vergara,Gabriel Reyes,6.8,"corrupt police, drug cartel, drugs, mexico, police",Spanish
Karachi se Lahore,2015.0,Comedy Family,Wajahat Rauf,Rasheed Naz,Ayesha Omar,Javed Sheikh,7.0,"pakistan, road trip",Urdu
Loving Annabelle,2006.0,Drama Romance,Katherine Brooks,Ilene Graff,Kevin McCarthy,Laura Breckenridge,6.7,"older woman younger woman relationship, sex with student, teacher, teacher student relationship, title directed by female",English
Hits,2014.0,Comedy Drama,David Cross,Jason Ritter,Matt Walsh,Amy Sedaris,5.8,"courtroom, independent film, internet, small town, youtube",English
Jimmy and Judy,2006.0,Crime Drama Thriller,Randall Rubin,Nicole Randall Johnson,A.J. Buckley,James Eckhouse,6.2,"police, revenge, sex, suburb, video camera",English
Frat Party,2009.0,Comedy,Robert Bennett,Randy Wayne,Lauren C. Mayhew,Alicia Ziegler,2.8,"erotica, masseuse, sister sister relationship, temptation, threesome",English
The Party's Over,1965.0,Drama,Guy Hamilton,Oliver Reed,Eddie Albert,Louise Sorel,7.3,"beatnik, businessman, necrophilia, party, partying",English
The Poker House,2008.0,Drama,Lori Petty,Jennifer Lawrence,Chloë Grace Moretz,Bokeem Woodbine,6.5,"basketball, drug abuse, interracial rape, iowa, tween girl",English
ZMD: Zombies of Mass Destruction,2009.0,Comedy Horror Sci-Fi,Kevin Hamedani,Russell Hodgkinson,Janette Armand,Kevin Hamedani,5.1,"cult, homosexual, island, survival horror, zombie",English
Snow White: A Deadly Summer,2012.0,Horror,David DeCoteau,Maureen McCormick,Shanley Caswell,Tim Abell,2.2,"reference to snow white, sleeping bag, stepmother stepdaughter relationship, strangulation, totem pole",English
Hidden Away,2014.0,Drama Romance,Mikel Rueda,Álex Angulo,Germán Alcarazu,Joseba Ugalde,7.2,"best friend, deportation, moroccan, unrequited love, xenophobia",Spanish
My Last Day Without You,2011.0,Comedy Drama Romance,Stefan C. Schaefer,Nicole Beharie,Marlene Forte,Reg E. Cathey,5.7,"business trip, german, love, new york, singer songwriter",English
Doc Holliday's Revenge,2014.0,Western,David DeCoteau,William McNamara,Tom Berenger,Randy Jay Burrell,3.8,"1880s, cowboy, low budget film, shoot out, wild west",English
Black Rock,2012.0,Horror Thriller,Katie Aselton,Katie Aselton,Anslem Richardson,Jay Paulson,4.7,"bare breasts, female frontal nudity, hunter, island, weekend",English
Truth or Die,2012.0,Horror Mystery,Robert Heath,David Oakes,Alexander Vlahos,Jennie Jacques,5.6,"cabin in the woods, drinking acid, introvert, lesbian kiss, truth or dare",English
The Pet,2006.0,Drama Thriller,D. Stevens,Magi Avila,Pierre Dulat,Summer Napoles,3.9,"dominance submissiveness, female nudity, human branding, human pet, power exchange",English
Fear Clinic,2015.0,Horror,Robert Hall,Angelina Armani,Kevin Gage,Fiona Dourif,5.2,"bare breasts, based on web series, claustrophobia, doctor, phobia",English
Zombie Hunter,2013.0,Action Comedy Horror,K. King,Jason K. Wixom,Shona Kay,Jarrod Phillips,3.5,"desert, drifter, seduction, siege, zombie",English
Trance,2013.0,Crime Drama Mystery Thriller,Danny Boyle,Rosario Dawson,Spencer Wilding,Tuppence Middleton,7.0,"amnesia, criminal, heist, hypnotherapy, lost painting",English
Charly,1968.0,Drama Romance Sci-Fi,Ralph Nelson,Cliff Robertson,Dick Van Patten,Claire Bloom,7.1,"disability, experiment, genius, intelligence, mouse",English
Banshee Chapter,2013.0,Horror Thriller,Blair Erickson,Monique Candelaria,Katia Winter,Michael McMillian,5.5,"experiment, lsd, missing friend, mk ultra, radio broadcast",English
Ask Me Anything,2014.0,Drama,Allison Burnett,Kimberly Williams-Paisley,Gia Mantegna,Cathryn de Prume,6.0,"bare breasts, female protagonist",English
And Then Came Love,2007.0,Comedy Romance,Richard Schenkman,Vanessa Williams,Mike Colter,Eartha Kitt,4.8,"facebook, imdb, mediaatlarge.com, mediaatlargellc, sperm donor",English
Food Chains,2014.0,Documentary News,Sanjay Rawal,Alma Martinez,Robert Kennedy Jr.,Eve Ensler,7.1,two word title,English
On the Waterfront,1954.0,Crime Drama Romance,Elia Kazan,Marlon Brando,Karl Malden,Rod Steiger,8.2,"death, dock, longshoreman, murder, union",English
L!fe Happens,2011.0,Comedy,Kat Coiro,Justin Kirk,Geoff Stults,Kristen Johnston,5.7,"friendship, los angeles california, one night stand, roommate, single mother",English
"4 Months, 3 Weeks and 2 Days",2007.0,Drama,Cristian Mungiu,Anamaria Marinca,Vlad Ivanov,Alexandru Potocean,7.9,"female rear nudity, friend, hotel, rainy night, towel",Romanian
The Horror Network Vol. 1,2015.0,Horror,Brian Dorton,Javier Botet,Brian Dorton,Jan Cornet,7.3,anthology,English
Hard Candy,2005.0,Crime Drama Thriller,David Slade,Odessa Rae,G.J. Echternkamp,Patrick Wilson,7.1,"chatting, missing person poster, online dating, photographer, sexual predator",English
The Quiet,2005.0,Drama Thriller,Jamie Babbit,Katy Mixon,David Gallagher,Edie Falco,6.4,"deaf, death, dysfunctional family, godparent, secret",English
Circumstance,2011.0,Drama,Maryam Keshavarz,Sarah Kazemy,Reza Sixo Safai,Sina Amedson,5.9,"closeted lesbian, iranian, islamophobia, propaganda, teenager",Persian
Fruitvale Station,2013.0,Biography Drama Romance,Ryan Coogler,Ahna O'Reilly,Melonie Diaz,Ariana Neal,7.5,"22 year old, b.a.r.t., bay area, birthday, police",English
The Brass Teapot,2012.0,Comedy Fantasy Thriller,Ramaa Mosley,Jack McBrayer,Michael Angarano,Alia Shawkat,6.4,"mini dress, mini skirt, money, voyeur, voyeurism",English
Bambi,1942.0,Animation Drama Family,James Algar,Sam Edwards,Donnie Dunagan,Ann Gillis,7.4,"animal, bambi, deer, forest, hunter",English
The Hammer,2007.0,Comedy Romance Sport,Charles Herman-Wurmfeld,John Enos III,Rian Bishop,Adam Carolla,7.3,"birthday, boxing, coach, gym, olympics",English
Snitch,2013.0,Action Drama Thriller,Ric Roman Waugh,Dwayne Johnson,Harold Perrineau,Nadine Velazquez,6.5,"cigarette smoking, dea, drugs, inspired by true events, undercover",English
Latter Days,2003.0,Comedy Drama Romance,C. Jay Cox,Joseph Gordon-Levitt,Rob McElhenney,Jacqueline Bisset,7.2,"christian, male frontal nudity, mormon, mormon missionary, nudity",English
Elza,2011.0,Drama,Mariette Monpierre,Stana Roumillac,Christophe Cherki,Teddy Doloir,6.7,"foreign, french",French
1982,2013.0,Drama,Tommy Oliver,Bokeem Woodbine,Ruby Dee,Quinton Aaron,7.1,"number in title, semi autobiographical",English
"For a Good Time, Call...",2012.0,Comedy,Jamie Travis,James Wolk,Ari Graynor,Nia Vardalos,6.0,"friend, friendship, gay, phone sex, sex",English
Celeste & Jesse Forever,2012.0,Comedy Drama Romance,Lee Toland Krieger,Ari Graynor,Janel Parrish,Rob Huebel,6.7,"best friends, friendship, masturbation, reference to matthias steiner, single",English
Time Changer,2002.0,Drama Fantasy Sci-Fi,Rich Christiano,Gavin MacLeod,D. David Morin,Hal Linden,5.6,"bible, christian propaganda, christianity, time machine, zealot",English
London to Brighton,2006.0,Crime Drama Thriller,Paul Andrew Williams,Lorraine Stanley,Johnny Harris,Georgia Groome,7.0,"bathroom, chase, girl, pimp, toilet",English
American Hero,2015.0,Action Comedy Drama Sci-Fi,Nick Love,Eddie Griffin,Christopher Berry,Michelle Tabora,4.9,"father son relationship, female nudity, mother daughter relationship, reconciliation, superhero",English
A Separation,2011.0,Drama Mystery,Asghar Farhadi,Shahab Hosseini,Leila Hatami,Peyman Moaadi,8.4,"alzheimer's disease, caregiver, divorce, iran, iranian",Persian
Crying with Laughter,2009.0,Thriller,Justin Molotnikov,Jo Hartley,Stephen McCole,Joe Cassidy,6.9,"cocaine, edinburgh scotland, stand up comedian",English
Welcome to the Dollhouse,1995.0,Comedy Drama,Todd Solondz,Heather Matarazzo,Ken Leung,Christina Vidal,7.5,"bully, first crush, school, social outcast, taunting",English
Ruby in Paradise,1993.0,Drama Romance,Victor Nunez,Allison Dean,Todd Field,Dorothy Lyman,7.2,"desire, florida, identity, resort town, sales",English
Raising Victor Vargas,2002.0,Drama Romance,Peter Sollett,Victor Rasuk,Melonie Diaz,Judy Marte,7.2,"based on short film, manhattan new york city, urination, vomiting, watching television",English
Pandora's Box,1929.0,Crime Drama Romance,Georg Wilhelm Pabst,Louise Brooks,Francis Lederer,Fritz Kortner,8.0,"escape, femme fatale, german expressionism, lust, violence",German
Harrison Montgomery,2008.0,Drama,Daniel Davila,Martin Landau,Melora Walters,Diane Baker,7.4,"abusive relationship, character name in title, magic, san francisco california, tenderloin san francisco",English
Live-In Maid,2004.0,Drama,Jorge Gaggero,Norma Aleandro,Hilda Bernard,Claudia Lapacó,7.2,"buenos aires argentina, economics, housekeeper, maid, servant",Spanish
Deterrence,1999.0,Drama Thriller,Rod Lurie,Kevin Pollak,Kathryn Morris,Timothy Hutton,6.5,"colorado, diner, iraq, nuclear missile, president",English
The Mudge Boy,2003.0,Crime Drama Romance,Michael Burke,Zachary Knighton,Tom Guiry,Ryan Donowho,7.2,"death, farm, fur coat, grief, misfit",English
The Young Unknowns,2000.0,Drama,Catherine Jelski,Leslie Bibb,Eion Bailey,Arly Jover,4.2,"based on play, independent film",English
Dead Snow,2009.0,Comedy Horror,Tommy Wirkola,Bjørn Sundquist,Stig Frode Henriksen,Ane Dahl Torp,6.4,"medical student, nazi, snow, snowmobile, zombie",Norwegian
Saints and Soldiers,2003.0,Action Adventure Drama War,Ryan Little,Corbin Allred,Larry Bagby,Kirby Heyborne,6.8,"ardennes forest, battle of the bulge, behind enemy lines, winter, world war two in belgium",English
Vessel,2012.0,Horror Sci-Fi Short Thriller,Clark Baker,Taylor Pigeon,Alan Pietruszewski,Whit Spurgeon,6.2,"alien, flight attendant, monster, pilot, tentacle",English
American Graffiti,1973.0,Comedy Drama Music,George Lucas,Harrison Ford,Ron Howard,Mackenzie Phillips,7.5,"california, car, drag racing, high school, rock 'n' roll",English
Iraq for Sale: The War Profiteers,2006.0,Documentary War,Robert Greenwald,Scott Helvenston,Katy Helvenston-Wettengal,Donna Zovko,7.7,"american politics, armed forces, political corruption, shady, war profiteer",English
Aqua Teen Hunger Force Colon Movie Film for Theaters,2007.0,Action Adventure Animation Comedy Fantasy Sci-Fi,Matt Maiellaro,Tina Fey,Fred Armisen,Chris Kattan,6.9,"based on cult tv series, critically acclaimed, exercise machine, midnight movie, robot",English
Safety Not Guaranteed,2012.0,Comedy Drama Romance,Colin Trevorrow,Mary Lynn Rajskub,Mark Duplass,Jeff Garlin,7.0,"classified ad, intern, magazine, time machine, time travel",English
Kevin Hart: Laugh at My Pain,2011.0,Comedy Documentary,Leslie Small,Isaac C. Singleton Jr.,Larry King,Jeanette Branch,7.5,stand up comedy,English
Kill List,2011.0,Crime Horror Thriller,Ben Wheatley,MyAnna Buring,Ben Crompton,Neil Maskell,6.3,"female full frontal nudity, hitman, knee breaking, male full frontal nudity, sniper",English
The Innkeepers,2011.0,Horror,Ti West,Lena Dunham,Jake Ryan,Pat Healy,5.5,"bathtub, dead body in a bathtub, dead body in bathtub, hotel, inn",English
The Unborn,2009.0,Drama Fantasy Horror Mystery Thriller,David S. Goyer,Gary Oldman,Atticus Shaffer,Rachel Brosnahan,4.8,"babysitting, experiment, nightmare, possession, twin",English
The Conformist,1970.0,Drama,Bernardo Bertolucci,Jean-Louis Trintignant,Stefania Sandrelli,Dominique Sanda,8.1,"fascist, gun, italy, nudity, sexuality",Italian
Interview with the Assassin,2002.0,Drama,Neil Burger,Raymond J. Barry,Christel Khalil,Renee Faia,6.6,"conspiracy theory, kennedy assassination, mock documentary, paranoia",English
Donkey Punch,2008.0,Crime Drama Horror Thriller,Oliver Blackburn,Julian Morris,Nichola Burley,Tom Burke,5.2,"male frontal nudity, male nudity, male pubic hair, male rear nudity, spain",English
All the Boys Love Mandy Lane,2006.0,Horror,Jonathan Levine,Luke Grimes,Michael Welch,Whitney Able,5.6,"drugs, female nudity, party, voyeur, voyeurism",English
Bled,2009.0,Horror,Christopher Hutson,Dichen Lachman,Jennifer Lee Wiggins,Michele Morrow,3.1,"artist, blood, drug, tree sap, vampire",English
High Noon,1952.0,Thriller Western,Fred Zinnemann,Gary Cooper,Lloyd Bridges,Lon Chaney Jr.,8.1,"appeasement, frontier justice, justice, one against many, street shootout",English
Hoop Dreams,1994.0,Documentary Drama Sport,Steve James,William Gates,Arthur Agee,Isiah Thomas,8.3,"athlete, basketball, high school, high school student, school",English
Rize,2005.0,Documentary Music,David LaChapelle,Kevin Scott Richardson,Christopher Toler,Tommy the Clown,7.1,"clown, clowning, dance, gang, south central los angeles",English
Destiny,2014.0,Action Adventure Fantasy Sci-Fi,Joseph Kosinski,Peter Dinklage,Lauren Cohan,Erick Avari,8.1,first person shooter,English
L.I.E.,2001.0,Crime Drama,Michael Cuesta,Adam LeFevre,Bruce Altman,Walter Masterson,7.2,"ephebophile, pederasty, pedophilia, playing hooky, shaving",English
The Sisterhood of Night,2014.0,Drama Mystery Thriller,Caryn Waechter,Laura Fraser,Kara Hayward,Louis Ozawa Changchien,6.3,"accused of witchcraft, based on short story",English
B-Girl,2009.0,Drama Music Romance,Emily Dell,Aimee Garcia,Wesley Jonathan,Drew Sidora,4.0,"brooklyn new york city, los angeles california, teacher, trauma, violence",English
King Kong,2005.0,Action Adventure Drama Romance,Peter Jackson,Naomi Watts,Thomas Kretschmann,Evan Parke,7.2,"animal name in title, ape abducts a woman, gorilla, island, king kong",English
House of Wax,2005.0,Horror,Jaume Collet-Serra,Robert Ri'chard,Paris Hilton,Brian Van Holt,5.3,"brother sister relationship, group of friends, male nudity, twin, wax",English
Half Nelson,2006.0,Drama,Ryan Fleck,Ryan Gosling,Tristan Mack Wilds,Jeff Lima,7.2,"bathroom, classroom, dialectics, drugs, student",English
Naturally Native,1998.0,Drama,Jennifer Wynne Farmer,Irene Bedard,Akima,Max Gail,6.5,"cosmetics, female protagonist, native american, native american protagonist, sister sister relationship",English
Hav Plenty,1997.0,Comedy,Christopher Scott Cherot,Hill Harper,Robinne Lee,Chenoa Maxwell,6.5,"friend, new year's eve, screwball, self discovery, social differences",English
Adulterers,2015.0,Crime Drama Thriller,H.M. Coakley,Mehcad Brooks,Steffinnie Phrommany,Danielle Savre,4.9,"cheating husband, female nudity, male nudity, male rear nudity, revenge",English
Escape from Tomorrow,2013.0,Fantasy Horror,Randy Moore,Trey Loney,Lee Armstrong,Amy Lucas,5.2,"diarrhea, female nudity, middle aged man, sex scene, sexy nurse",English
Starsuckers,2009.0,Documentary,Chris Atkins,Richard Curtis,Harvey Weinstein,Elton John,7.4,"celebrity, consumerism, fashion, media manipulation",English
The Hadza: Last of the First,2014.0,Documentary,Bill Benenson,Alfre Woodard,Dave Fennoy,Jane Goodall,7.4,"east africa, hunter gatherer, indigenous, rift valley, swahili",English
After,2012.0,Fantasy Horror Mystery Thriller,Ryan Smith,Sandra Ellis Lafferty,Madison Lintz,Karolina Wydra,5.4,"coma, crash",English
Treachery,2013.0,Drama Thriller,Travis Romero,Matthew Ziff,Lorraine Ziff,Michael Biehn,3.9,"panties, white panties",English
Walter,2015.0,Comedy Drama,Anna Mastro,Leven Rambin,Justin Kirk,Virginia Madsen,5.3,"based on short film, based on short story",English
Top Hat,1935.0,Comedy Musical Romance,Mark Sandrich,Ginger Rogers,Edward Everett Horton,Eric Blore,7.8,"dance, dancer, dancing, horse, tap dancing",English
The Blair Witch Project,1999.0,Horror,Daniel Myrick,Heather Donahue,Joshua Leonard,Michael C. Williams,6.4,"found footage, looking at the camera, lost in the woods, maryland, screaming in horror",English
Woodstock,1970.0,Documentary History Music,Michael Wadleigh,Joe Cocker,Jimi Hendrix,Joan Baez,8.1,"drugs, hippie, music festival, the who, woodstock",English
The Kentucky Fried Movie,1977.0,Comedy,John Landis,David Zucker,Barry Dennen,Tara Strohmeier,6.5,"fake commercial, fake newscast, fake trailer, parody, spoof",English
Mercy Streets,2000.0,Action Crime Drama,Jon Gunn,Stacy Keach,David A.R. White,Cynthia Watros,5.6,"church, cigarette smoking, deacon, twin brother, twins",English
Broken Vessels,1998.0,Drama,Scott Ziehl,William Smith,Jason London,Brent David Fraser,6.6,"independent film, katana sword, los angeles storm drain",English
Crop Circles: Quest for Truth,2002.0,Documentary,William Gazecki,Karen Alexander,Colin Andrews,Francine Blake,7.0,"crop circle, intelligence, paranormal, phenomenon, universe",English
Light from the Darkroom,2014.0,Action Drama Thriller,Lance McDaniel,Russell Wong,Steven Michael Quezada,Lymari Nadal,8.0,"china, faith, panama, photography, suspense",English
Irreplaceable,2016.0,Comedy Drama,Thomas Lilti,François Cluzet,Félix Moati,Marianne Denicourt,7.2,"doctor, hospital, mayor, no opening credits, title at the end",French
A Hard Day's Night,1964.0,Comedy Musical,Richard Lester,Paul McCartney,Ringo Starr,George Harrison,7.7,"boy, concert, drummer, manager, television",English
Love Letters,1983.0,Drama Romance,Amy Holden Jones,Jamie Lee Curtis,Sally Kirkland,Amy Madigan,6.1,"1980s, affair, female protagonist, radio, woman wearing only a man's shirt",English
Fireproof,2008.0,Drama Romance,Alex Kendrick,Kirk Cameron,Ken Bevel,Erin Bethea,6.5,"christian film, dare, firefighter, internet pornography, marriage",English
Faith Connections,2013.0,Biography Documentary Drama,Pan Nalin,Bhole Baba,Pant Shirt Baba,Shriman Umeshanad Brahmachari,7.0,"faith, ganja, kumbh mela, little boy, orphan",Hindi
Benji,1974.0,Adventure Family Romance,Joe Camp,Frances Bavier,Peter Breck,Edgar Buchanan,6.1,"animal abuse, cat, dog, dog movie, tween girl",English
Open Water,2003.0,Adventure Biography Drama Horror Thriller,Chris Kentis,Blanchard Ryan,Saul Stein,Daniel Travis,5.7,"bare chested male, female full frontal nudity, hairy chest, male full frontal nudity, nude with glasses",English
Kingdom of the Spiders,1977.0,Horror Sci-Fi,John 'Bud' Cardos,Woody Strode,Hoke Howell,Tiffany Bolling,5.9,"death, farm, hotel, spider, tarantula",English
Mad Hot Ballroom,2005.0,Documentary Family Music,Marilyn Agrelo,Heather Berman,Eva Carrozza,Paul Daggett,7.5,"ballroom dancing, new york city, poise, self confidence, teacher",English
The Station Agent,2003.0,Comedy Drama,Tom McCarthy,Peter Dinklage,Joe Lo Truglio,Paula Garcés,7.7,"abandoned, depot, dwarf, newfoundland new jersey, train",English
To Save a Life,2009.0,Drama,Brian Baugh,Randy Wayne,Sean Michael Afable,D. David Morin,7.1,"basketball, beer pong, childhood friend, christian, suicide",English
Wordplay,2006.0,Documentary,Patrick Creadon,Ken Burns,Bill Clinton,Bob Dole,7.4,"comedian, crossword puzzle, editor, new york times, puzzle",English
Beyond the Mat,1999.0,Biography Documentary Sport,Barry W. Blaustein,Terry Funk,Vince McMahon,Mick Foley,7.6,"championship, drugs, three word title, wrestler, wrestling",English
The Singles Ward,2002.0,Comedy Drama Romance,Kurt Hale,Kirby Heyborne,Lincoln Hoppe,Daryn Tufts,6.4,"church, love, marriage, mormon, single",English
Osama,2003.0,Drama,Siddiq Barmak,Marina Golbahari,Zubaida Sahar,Mohamad Haref Harati,7.4,"boy, girl, hair, school, taliban",Dari
Sholem Aleichem: Laughing in the Darkness,2011.0,Documentary,Joseph Dorman,Rachel Dratch,Peter Riegert,Jason Kravits,6.8,jewish identity,English
Groove,2000.0,Drama Music,Greg Harrison,Rachel True,Ari Gold,Denny Kirkwood,6.5,"dj, ecstasy the drug, rave, raver, warehouse",English
The R.M.,2003.0,Comedy Crime Family,Kurt Hale,Kirby Heyborne,Big Budah,Curt Doussett,6.0,"latter day saints, missionary, pickup truck, police, video camera",English
Twin Falls Idaho,1999.0,Drama,Michael Polish,Sasha Alexander,William Katt,Jon Gries,7.3,"conjoined twins, independent film, low budget film, separation, twin",English
Mean Creek,2004.0,Crime Drama,Jacob Aaron Estes,Rory Culkin,Scott Mechlowicz,Trevor Morgan,7.3,"boat, bully, dare, friend, river",English
Hurricane Streets,1997.0,Crime Drama Romance,Morgan J. Freeman,Edie Falco,Heather Matarazzo,Lynn Cohen,6.5,"gang, new mexico, prison, smuggling, theft",English
Never Again,2001.0,Comedy Romance,Eric Schaeffer,Peter Dinklage,Bill Duke,Michael McKean,6.0,"bar, gay bar, love, mother son relationship, new york",English
Civil Brand,2002.0,Crime Drama Thriller,Neema Barnette,Monica Calhoun,LisaRaye McCoy,Clifton Powell,5.3,"abuse of power, friendship, prison, prison guard, title directed by female",English
Lonesome Jim,2005.0,Comedy Drama,Steve Buscemi,Kevin Corrigan,Seymour Cassel,Mary Kay Place,6.6,"bail, coma, dart board, indiana, ladder factory",English
Drinking Buddies,2013.0,Comedy Drama Romance,Joe Swanberg,Olivia Wilde,Anna Kendrick,Ti West,6.1,"brewery, co worker, male female friendship, u haul truck, woman wearing a string bikini",English
Deceptive Practice: The Mysteries and Mentors of Ricky Jay,2012.0,Documentary,Molly Bernstein,David Mamet,Ricky Jay,Dick Cavett,7.1,stage magician,English
Seven Samurai,1954.0,Action Adventure Drama,Akira Kurosawa,Takashi Shimura,Minoru Chiaki,Kamatari Fujiwara,8.7,"16th century, battle, japan, practice, samurai",Japanese
The Other Dream Team,2012.0,Documentary Sport,Marius A. Markevicius,Tommy Sheppard,Greg Speirs,Mickey Hart,8.4,"basketball, basketball team, grateful dead, lithuanian, olympics",English
Johnny Suede,1991.0,Comedy Music Romance,Tom DiCillo,Brad Pitt,Tina Louise,Nick Cave,5.8,"idol, musician, vomiting, watching television, wyoming",English
Finishing the Game: The Search for a New Bruce Lee,2007.0,Comedy,Justin Lin,Monique Gabriela Curnen,Jake Sandvig,Joe McQueen,6.2,"bruce lee, jeet kune do, karate, satire, spoof",English
Rubber,2010.0,Comedy Fantasy Horror,Quentin Dupieux,Haley Ramm,Jack Plotnick,Cecelia Antoinette,5.8,"desert, dump, show, spectator, tire",English
Home,2015.0,Adventure Animation Comedy Family Fantasy Sci-Fi,Tim Johnson,Jim Parsons,Matt Jones,April Winchell,6.7,"alien friendship, alien invasion, australia, flying car, mother daughter relationship",English
Kiss the Bride,2007.0,Comedy Romance,C. Jay Cox,Tori Spelling,Amber Benson,Garrett M. Brown,5.7,"best friend, high school, love, secret, wedding",English
The Slaughter Rule,2002.0,Drama Sport,Alex Smith,Ryan Gosling,Clea DuVall,Eddie Spears,6.1,"cheerleader, father son relationship, football coach, loss of father, mother son relationship",English
Monsters,2010.0,Drama Sci-Fi Thriller,Gareth Edwards,Scoot McNairy,Whitney Able,Ricky Catter,6.4,"alien, alien invasion, destroyed building, destruction, mexico",English
The Californians,2005.0,Drama,Jonathan Parker,Keith Carradine,Joanne Whalley,Illeana Douglas,5.0,based on novel,English
The Living Wake,2007.0,Comedy,Sol Tryon,Jim Gaffigan,Ann Dowd,Matthew Cowles,6.5,"artist, black comedy",English
Detention of the Dead,2012.0,Comedy Horror,Alex Craig Mann,Justin Chon,Christa B. Allen,Max Adler,4.6,"based on play, blood, independent film, teenager, zombie",English
Crazy Stone,2006.0,Comedy Crime,Hao Ning,Bo Huang,Zheng Xu,Zhonghua Chen,7.7,"bankruptcy, crystal, father son relationship, heist, shower",Mandarin
Scott Walker: 30 Century Man,2006.0,Biography Documentary Music,Stephen Kijak,Brian Eno,Jacques Brel,Damon Albarn,7.3,"avant garde, british pop, character name in title, musician, number in title",English
Everything Put Together,2000.0,Drama,Marc Forster,Radha Mitchell,Alan Ruck,Megan Mullally,6.6,"group of friends, mental breakdown, mental instability, morgue, sudden infant death syndrome",English
Good Kill,2014.0,Drama Thriller,Andrew Niccol,Bruce Greenwood,Zoë Kravitz,Stafford Douglas,6.4,"cigarette butt, drone, funeral procession, nellis air force base, taliban",English
Now Is Good,2012.0,Drama Romance,Ol Parker,Jeremy Irvine,Olivia Williams,Paddy Considine,7.2,"death, dying, leukemia, teenage girl, terminal illness",English
Girls Gone Dead,2012.0,Comedy Horror,Michael Hoffman Jr.,Vincent Chimato,John McGlothlin,Al Sapienza,3.5,"mini skirt, party, spring break, voyeur, war hammer",English
Subconscious,2015.0,Action Mystery Thriller,Georgia Hilton,Mike Beckingham,Tim Abell,Tom Stedham,2.2,"military, submarine, suspense, time travel, world war two",English
Crossroads,2002.0,Comedy Drama,Tamra Davis,Britney Spears,Katherine Boecher,Dave Allen,3.3,"audition, friendship, graduation, high school graduation, love",English
Enter Nowhere,2011.0,Mystery Thriller,Jack Heller,Shaun Sipos,Katherine Waterston,Christopher Denham,6.6,"cabin, going in circles, pac man, stranger, woods",English
Fight to the Finish,2016.0,Action Romance Sport,Warren Sheppard,Jennifer Hale,Randy Jay Burrell,Vincent De Paul,4.0,"fighting, karate",English
Alleluia! The Devil's Carnival,2016.0,Horror Musical,Darren Lynn Bousman,Paul Sorvino,Barry Bostwick,Terrance Zdunich,7.4,"carnival, devil, redemption, reference to god",English
Born to Fly: Elizabeth Streb vs. Gravity,2014.0,Action Biography Documentary Sport,Catherine Gund,Elizabeth Streb,Sarah Callan,Laura Flanders,6.8,three word title,English
Oz the Great and Powerful,2013.0,Adventure Family Fantasy,Sam Raimi,Tim Holmes,Mila Kunis,James Franco,6.4,"circus, magic, magician, oz, witch",English
The Toxic Avenger,1984.0,Action Comedy Horror Sci-Fi,Michael Herz,Patrick Kilpatrick,Mark Torgl,Pat Ryan,6.2,"boy, health club, superhero, toxic waste, troma",English
Straight Out of Brooklyn,1991.0,Crime Drama,Matty Rich,Lawrence Gilliard Jr.,George T. Odom,Matty Rich,5.9,"domestic violence, housing project, new york city, poverty, racism",English
Bloody Sunday,2002.0,Drama History War,Paul Greengrass,James Nesbitt,Nicholas Farrell,Tim Pigott-Smith,7.7,"civil rights, irish, march, northern ireland, protest march",English
Diamond Ruff,2015.0,Action,Alec Asten,Luis Sanchez,Dennis L.A. White,Fredro Starr,4.3,"prison, prisoner, reverend, terminal illness, two word title",English
Conversations with Other Women,2005.0,Comedy Drama Romance,Hans Canosa,Olivia Wilde,Thomas Lennon,Nora Zehetner,7.1,"female frontal nudity, filming a wedding, lingerie slip, memory, wedding",English
Poultrygeist: Night of the Chicken Dead,2006.0,Comedy Horror Musical,Lloyd Kaufman,John Karyus,Lloyd Kaufman,Kate Graham,6.2,"castration, chicken, fast food, indian burial ground, protest",English
Mutual Friends,2013.0,Comedy Romance,Matthew Watts,Jennifer Lafleur,Cheyenne Jackson,Michael Stahl-David,6.8,"bromance, manhattan new york city, new york city, photograph, surprise",English
42nd Street,1933.0,Comedy Musical Romance,Lloyd Bacon,Ginger Rogers,Dick Powell,George Brent,7.7,"chorus girl, chorus line, director, gala premiere, song",English
Rise of the Entrepreneur: The Search for a Better Way,2014.0,Documentary,Joe Kenemore,Bob Proctor,Jack Canfield,Eric Worre,8.2,"business, entrepreneur, network marketing",English
Metropolitan,1990.0,Comedy Drama Romance,Whit Stillman,Chris Eigeman,Taylor Nichols,Ellia Thompson,7.5,"apartment, dancing, debutante, new york, upper class",English
As It Is in Heaven,2004.0,Comedy Drama Music Romance,Kay Pollak,Michael Nyqvist,Frida Hallgren,Nils-Anders Vallgårda,7.6,"amazing grace the hymn, choir, heart attack, hometown, skidding truck",Swedish
Roadside,2013.0,Drama Horror Mystery Thriller,Eric England,Jack E. Curenton,Ace Marrero,Alan Pietruszewski,4.1,"dog, gun, hostage, husband wife relationship, jealousy",English
Napoleon Dynamite,2004.0,Comedy,Jared Hess,Jon Heder,Diedrich Bader,Jon Gries,6.9,"class president, family relationships, friend, high school, jock",English
Blue Ruin,2013.0,Crime Drama Thriller,Jeremy Saulnier,Devin Ratray,Eve Plumb,Amy Hargreaves,7.1,"blood splatter, car, neo noir, vengeance, vomiting",English
Paranormal Activity,2007.0,Horror,Oren Peli,Micah Sloat,Ashley Palmer,Amber Armstrong,6.3,"dark force, entity, evil force, found footage, paranormal phenomenon",English
Dogtown and Z-Boys,2001.0,Documentary Sport,Stacy Peralta,Tony Alva,Jay Adams,Jeff Ament,7.7,"california, drought, playground, skateboarding, surfer",English
Monty Python and the Holy Grail,1975.0,Adventure Comedy Fantasy,Terry Gilliam,Eric Idle,Michael Palin,Terry Jones,8.3,"camelot, holy grail, king arthur, knight, lancelot",English
Quinceañera,2006.0,Drama,Richard Glatzer,Emily Rios,Jesse Garcia,Alicia Sixtos,7.1,"15th birthday, birthday, gay, party, security guard",Spanish
Gory Gory Hallelujah,2003.0,Comedy Fantasy Horror Musical,Sue Corcoran,Tony Doupe,Sue Corcoran,David Frederick White,4.7,"conspiracy, feminist, hippie, motorcycle, slapstick comedy",English
Tarnation,2003.0,Biography Documentary,Jonathan Caouette,Greg Ayres,Jonathan Caouette,Renee Leblanc,7.2,"answering machine, home movie, lithium, schizophrenic, video diary",English
Love in the Time of Monsters,2014.0,Comedy Horror,Matt Jackson,Kane Hodder,Paul Elia,Alex Sanborn,5.4,"bigfoot, love, monster, sasquatch, tourist",English
The Beyond,1981.0,Horror,Lucio Fulci,Catriona MacColl,David Warbeck,Al Cliver,6.9,"doctor, hell, hotel, painter, plumber",Italian
What Happens in Vegas,2008.0,Comedy Romance,Tom Vaughan,Treat Williams,Andrew Daly,Michelle Krusiec,6.1,"casino, father son relationship, jackpot, judge, wedding",English
The Dark Hours,2005.0,Horror Thriller,Paul Fox,Dov Tiefenbach,Jeff Seymour,Gordon Currie,6.1,"brain tumor, champagne, game, psychiatrist, weekend",English
My Beautiful Laundrette,1985.0,Comedy Drama Romance,Stephen Frears,Saeed Jaffrey,Roshan Seth,Garry Cooper,6.9,"england, mistress, pakistani, politics, thatcher",English
Show Me,2004.0,Drama Thriller,Cassandra Nicolaou,Katharine Isabelle,Michelle Nolden,Gabriel Hogan,6.0,"bathtub, implied incest, lesbian, squeegee, tied to a chair",French
Cries & Whispers,1972.0,Drama,Ingmar Bergman,Liv Ullmann,Ingrid Thulin,Erland Josephson,8.2,"dying, love, mansion, selfishness, turn of the century",Swedish
Trekkies,1997.0,Documentary,Roger Nygard,Walter Koenig,DeForest Kelley,James Doohan,7.0,"autograph, dentist, outer space, star trek, telephone call",English
The Broadway Melody,1929.0,Musical Romance,Harry Beaumont,Anita Page,Bessie Love,Charles King,6.3,"sibling rivalry, singer, sister act, whistling, wisecrack humor",English
The Evil Dead,1981.0,Fantasy Horror,Sam Raimi,Ted Raimi,Betsy Baker,Ellen Sandweiss,7.6,"cult director, cult film, evil dead, necronomicon, psychotronic film",English
Maniac,2012.0,Horror Thriller,Franck Khalfoun,America Olivo,Nora Arnezeder,Liane Balaban,6.1,"exhibition, mannequin, obsession, oral sex, photographer",English
Murderball,2005.0,Documentary Sport,Henry Alex Rubin,Mark Zupan,Joe Bishop,Andy Cohn,7.8,"paralympics, quad rugby, rugby, team, wheelchair",English
American Ninja 2: The Confrontation,1987.0,Action Drama,Sam Firstenberg,Michael Dudikoff,Steve James,Larry Poindexter,4.7,"blood splatter, island, motorboat, ninja, sequel to cult film",English
51 Birch Street,2005.0,Documentary,Doug Block,Carol Block,Ellen Block,Mike Block,7.5,"address as title, number in title, parents",English
Rotor DR1,2015.0,Family Sci-Fi,Chad Kapper,Tom E. Nicholson,Natalie Welch,Christian Kapper,3.4,"drone, playing with gun, post apocalypse, road trip, working class family",English
Halloween,1978.0,Horror Thriller,John Carpenter,Jamie Lee Curtis,Donald Pleasence,P.J. Soles,7.9,"halloween, masked killer, michael myers, slasher, trick or treat",English
12 Angry Men,1957.0,Crime Drama,Sidney Lumet,Jack Warden,Lee J. Cobb,John Fiedler,8.9,"courtroom, dialogue driven, dialogue driven storyline, jury, murder",English
My Dog Tulip,2009.0,Animation Drama,Paul Fierlinger,Isabella Rossellini,Peter Gerety,Lynn Redgrave,6.9,"autobiography, dog movie, german shepherd, memoir, old man",English
It Happened One Night,1934.0,Comedy Romance,Frank Capra,Claudette Colbert,Alan Hale,Walter Connolly,8.2,"bus, detective, love, money, reporter",English
Dogtooth,2009.0,Drama Thriller,Yorgos Lanthimos,Angeliki Papoulia,Mary Tsoni,Sissy Petropoulou,7.3,"fellatio, isolated house, overprotective father, social isolation, unsimulated sex",Greek
Tupac: Resurrection,2003.0,Biography Documentary Music,Lauren Lazin,James Cagney,Gary Coleman,Todd Bridges,8.0,"hip hop, name in title, rap star, rapper, reference to tupac shakur",English
Tumbleweeds,1999.0,Comedy Drama,Gavin O'Connor,Kimberly J. Brown,Janet McTeer,Lois Smith,6.7,"boss, fight, reference to william shakespeare, white trash, written and directed by cast member",English
The Prophecy,1995.0,Action Fantasy Horror Mystery Thriller,Gregory Widen,Viggo Mortensen,Adam Goldberg,Virginia Madsen,6.6,"angel, corpse, girl, heaven, soul",English
When the Cat's Away,1996.0,Comedy Romance,Cédric Klapisch,Simon Abkarian,Zinedine Soualem,Jane Bradbury,6.9,"cat, homosexual sex, male homosexuality, neighborhood, noisy neighbor",French
Pieces of April,2003.0,Comedy Drama,Peter Hedges,Oliver Platt,Adrian Martinez,Derek Luke,7.1,"apartment, oven, stove, thanksgiving, thanksgiving dinner",English
The Big Swap,1998.0,Drama,Niall Johnson,Kevin Howarth,Mark Caven,Thierry Harcourt,5.6,"breasts, female frontal nudity, jealousy, male full frontal nudity, male nudity",English
Old Joy,2006.0,Drama,Kelly Reichardt,Daniel London,Lucy,Will Oldham,6.7,"cell phone, male frontal nudity, oregon, sexual ambiguity, title directed by female",English
Wendy and Lucy,2008.0,Drama,Kelly Reichardt,John Robinson,Lucy,Will Oldham,7.1,"car, dog, flip phone, rape threat, vulnerable",English
3 Backyards,2010.0,Drama,Eric Mendelsohn,Embeth Davidtz,Edie Falco,Kathryn Erbe,5.2,number in title,English
Pierrot le Fou,1965.0,Crime Drama Romance,Jean-Luc Godard,Jean-Paul Belmondo,Anna Karina,Graziella Galvani,7.7,"beach, money, on the run, party, smuggling",French
Nothing But a Man,1964.0,Drama Romance,Michael Roemer,Yaphet Kotto,Gloria Foster,Ivan Dixon,8.1,"1960s, father, railroad, town, worker",English
"First Love, Last Rites",1997.0,Drama Romance,Jesse Peretz,Robert John Burke,Eli Marienthal,Natasha Gregson Wagner,5.5,"listening to music, misfit, panties, red panties, sex",English
Fighting Tommy Riley,2004.0,Drama Sport,Eddie O'Flaherty,Don Wallace,Eddie Jones,Christina Chambers,6.6,"older man younger man relationship, punching bag, school teacher, undressing, unrequited love",English
Royal Kill,2009.0,Action Thriller,Babar Ahmed,Lalaine,Alexander Wraith,Darren Kendrick,3.2,"assassin, female assassin, kingdom, martial arts, mission",English
Across the Universe,2007.0,Drama Fantasy Musical Romance,Julie Taymor,Jim Sturgess,T.V. Carpio,Robert Clohessy,7.4,"anti war, liverpool, love, protest, song",English
Death Race 2000,1975.0,Action Comedy Sci-Fi Sport,Paul Bartel,Sylvester Stallone,David Carradine,Martin Kove,6.2,"cult director, cult film, drive in classic, psychotronic, race",English
Locker 13,2014.0,Thriller,Bruce Dellis,Tatyana Ali,Ricky Schroder,Jon Polito,4.8,"digit in title, latino, life or death, philosophy, supernatural",English
Midnight Cabaret,1990.0,Horror,Pece Dingo,Michael Des Barres,Wilhelm von Homburg,Thom Mathews,4.5,"cigarette smoking, death, devil, nightmare, satanic cult",English
Anderson's Cross,2010.0,Comedy Drama Romance,Jerome Elston Scott,Taran Killam,Joanna Cassidy,Ryan Carnes,7.2,"divorce, marriage, mother daughter relationship, sex, teenage boy",English
Bizarre,2015.0,Drama Musical Romance,Étienne Faure,Rumi Missabu,Pierre Prieur,Raquel Nave,4.3,"full frontal nudity, group shower, male full frontal nudity, male nudity, shower",English
Graduation Day,1981.0,Horror Mystery,Herb Freed,Linnea Quigley,Carmen Argenziano,Vanna White,4.5,"coach, mask, school principal, team, track",English
Compliance,2012.0,Biography Crime Drama Thriller,Craig Zobel,Dreama Walker,Matt Servitto,James McCaffrey,6.4,"authority, boss subordinate relationship, fast food restaurant, gullibility, telephone call",English
Chasing Amy,1997.0,Comedy Drama Romance,Kevin Smith,Matt Damon,Ethan Suplee,Joey Lauren Adams,7.3,"comic book, friendship, gay, lesbian, secret",English
Lovely & Amazing,2001.0,Comedy Drama Romance,Nicole Holofcener,Aunjanue Ellis,Brenda Blethyn,Raven Goodwin,6.9,"african american, dog, homecoming queen, insecurity, surgery",English
Death Calls,2010.0,Action Adventure Mystery Romance Thriller,Ken Del Conte,Hector Echavarria,Robert Miano,Ron Roggé,4.3,"murder, oppression, rebirth, reincarnation, revenge",English
Better Luck Tomorrow,2002.0,Crime Drama Romance,Justin Lin,Parry Shen,Jason Tobin,Collin Kahey,7.2,"asian american, high school, overachiever, pubic hair, vomiting",English
The Incredibly True Adventure of Two Girls in Love,1995.0,Comedy Drama Romance,Maria Maggenti,Nicole Ari Parker,Laurel Holloman,Stephanie Berry,6.5,"caught having sex, class, friend, lesbian, lesbian sex",English
Chuck & Buck,2000.0,Comedy Drama,Miguel Arteta,Lupe Ontiveros,Mike White,Chris Weitz,6.6,"best friend, bisexuality, friend, gay kiss, sexuality",English
American Desi,2001.0,Comedy Drama Romance,Piyush Dinker Pandya,Purva Bedi,Rizwan Manji,Anil Kumar,6.7,"college, desi, heritage, india, indian american",English
Cube,1997.0,Mystery Sci-Fi Thriller,Vincenzo Natali,David Hewlett,Julian Richings,Nicole de Boer,7.3,"escape, labyrinth, maze, red light, trap",English
Love and Other Catastrophes,1996.0,Comedy Romance,Emma-Kate Croghan,Radha Mitchell,Frances O'Connor,Matt Day,6.4,"film school, love, medical student, student, university",English
I Married a Strange Person!,1997.0,Animation Comedy Drama Fantasy Sci-Fi,Bill Plympton,Charis Michelsen,Bill Martone,Richard Spore,7.0,"claim in title, exclamation point in title, punctuation in title, reference to babe ruth, sex",English
November,2004.0,Drama Mystery Thriller,Greg Harrison,Amir Talai,Anne Archer,Nora Dunn,5.5,"female protagonist, murder, photographer, robbery, shot to death",English
Like Crazy,2011.0,Drama Romance,Drake Doremus,Jennifer Lawrence,Charlie Bewley,Finola Hughes,6.7,"girlfriend, immigration, long distance relationship, parents, student visa",English
Teeth and Blood,2015.0,Horror,Al Franklin,Marshal Hilton,Steffinnie Phrommany,Clint Jung,4.3,"blood, teeth",English
Sugar Town,1999.0,Comedy Music,Allison Anders,Ally Sheedy,Rosanna Arquette,John Doe,6.1,"drugs, music producer, rock music, title directed by female, vegetarian",English
The Motel,2005.0,Comedy Drama,Michael Kang,Samantha Futerman,Clint Jordan,Jackie Nova,6.8,"absent father, asian american, friendship between men, motel, mother son relationship",Cantonese
The Canyons,2013.0,Drama Thriller,Paul Schrader,Nolan Gerard Funk,Gus Van Sant,James Deen,3.9,"cocaine, homosexual, penis, psychopath, pubic hair",English
On the Outs,2004.0,Drama,Lori Silverbush,Judy Marte,Flaco Navaja,Dominic Colón,6.9,"dominican, drug dealer, prison, single mother, teenage pregnancy",English
Shotgun Stories,2007.0,Drama Thriller,Jeff Nichols,Michael Abbott Jr.,Natalie Canerday,Travis Smith,7.3,"bare chested male, half brother, indifference, shotgun, violence",English
Exam,2009.0,Mystery Thriller,Stuart Hazeldine,Colin Salmon,Luke Mably,Pollyanna McIntosh,6.9,"band aid, hairpin, one day, single set production, unsubtitled foreign language",English
The Sticky Fingers of Time,1997.0,Sci-Fi,Hilary Brougher,James Urbaniak,Samantha Buck,Terumi Matthews,6.3,"future, nonlinear timeline, time travel, title directed by female, writer",English
Sunday School Musical,2008.0,Drama Musical,Rachel Goldenberg,Dustin Fitzsimons,Mark Hengst,Debra Lynn Hull,2.5,"church, competition, high school, new school, pastor",English
Ink,2009.0,Action Drama Fantasy Sci-Fi,Jamin Winans,Eme Ikwuakor,Marty Lindsey,Jessica Duffy,7.0,"dream, self destructiveness, storyteller, time paradox, workaholic",English
The Christmas Bunny,2010.0,Drama Family,Tom Seidman,Florence Henderson,Derek Brandon,Charles Irving Beale,6.2,"animal in title, christmas, farm, michigan, rabbit",English
Jesus People,2007.0,Comedy Short,Jason Naumann,Victoria Jackson,Kate Flannery,Tim Bagley,6.9,"mockumentary, single camera, subtle comedy",English
Butterfly,1982.0,Crime Drama,Matt Cimber,Stacy Keach,June Lockhart,Stuart Whitman,4.5,"breasts, female frontal nudity, female rear nudity, incest, voyeur",English
The Frozen,2012.0,Horror Thriller,Andrew Hyatt,Noah Segan,Brit Morgan,Sedona James,4.4,two word title,English
The Love Letter,1998.0,Fantasy Romance,Dan Curtis,Jennifer Jason Leigh,Campbell Scott,Estelle Parsons,7.4,"antique, desk, letter, love, time travel",English
Give Me Shelter,2014.0,Documentary,Kristin Rizzo,Esai Morales,Robert Davi,Elaine Hendrix,8.0,independent film,English
Little Big Top,2006.0,Comedy,Ward Roberts,Sid Haig,Jacob Zachar,Travis Betz,6.5,"amateur, circus, clown, unconsciousness, urination",English
Bronson,2008.0,Action Biography Crime Drama,Nicolas Winding Refn,Tom Hardy,James Lance,Matt King,7.1,"male full frontal nudity, prison, prisoner, solitary confinement, violence",English
Western Religion,2015.0,Adventure Drama Fantasy Thriller Western,James O'Brien,Mark Fantasia,Vivian Lamolli,Greg Jackson,4.0,"arizona, gambling, gunfighter, poker game, year 1879",English
Burn,2012.0,Documentary,Tom Putnam,Brendan Doogie Milewski,Donald Austin,Craig Dougherty,7.5,"abandoned building, detroit michigan, firefighter, michigan, urban setting",English
Urbania,2000.0,Drama,Jon Shear,Dan Futterman,Josh Hamilton,Matt Keeslar,7.0,"hot dog bun, needle, new york, rat, tourist",English
The Stewardesses,1969.0,Comedy Drama,Al Silliman Jr.,Christina Hart,Nancy Ison,William Condos,4.0,"female frontal nudity, female nudity, lesbian sex, lesbianism, sex",English
"The Beast from 20,000 Fathoms",1953.0,Adventure Horror Sci-Fi,Eugène Lourié,Kenneth Tobey,Cecil Kellaway,Ross Elliott,6.7,"arctic, beast, dinosaur, monster, rhedosaurus",English
"20,000 Leagues Under the Sea",1954.0,Adventure Drama Family Fantasy Sci-Fi,Richard Fleischer,James Mason,Robert J. Wilke,Paul Lukas,7.2,"captain, expedition, sea, submarine, whale",English
Mad Max,1979.0,Action Adventure Sci-Fi Thriller,George Miller,Hugh Keays-Byrne,Steve Bisley,Joanne Samuel,7.0,"biker, motorcycle, motorcycle gang, post apocalypse, woman wearing only a man's shirt",English
Swingers,1996.0,Comedy Drama,Doug Liman,Jon Favreau,Alex Désert,Blake Lindsley,7.4,"actor, black panties, cult film, friend, upskirt",English
A Fistful of Dollars,1964.0,Action Drama Western,Sergio Leone,Clint Eastwood,Gian Maria Volontè,Aldo Sambrell,8.0,"balladeer, bar, drifter, mexican, revenge",Italian
She Done Him Wrong,1933.0,Comedy Drama History Musical Romance,Lowell Sherman,Mae West,Gilbert Roland,Louise Beavers,6.5,"captain, marriage proposal, saloon, saloon singer, singer",English
The Grace Card,2010.0,Drama,David G. Evans,Michael Joiner,Chris Thomas,Michael Higgenbottom,6.4,"christian film, forgiveness, hospital, pastor, police",English
3,2010.0,Comedy Drama Romance,Tom Tykwer,Devid Striesow,Sebastian Schipper,Sophie Rois,6.8,"female nudity, full frontal female nudity, male frontal nudity, menage a trois, pubic hair",German
The Business of Fancydancing,2002.0,Drama Music,Sherman Alexie,William Joseph Elk III,Leo Rossi,Cynthia Geary,6.9,"funeral, gay, native american protagonist, poet, reservation",English
Call + Response,2008.0,Documentary History Music,Justin Dillon,Matisyahu,Natasha Bedingfield,Madeleine Albright,7.5,"fair trade, human trafficking, non profit, rockumentary, slavery",English
Side Effects,2013.0,Crime Drama Thriller,Steven Soderbergh,Channing Tatum,David Costabile,Katie Lowes,7.1,"clinical trial, female protagonist, neuropharmacology, psychiatrist, side effect",English
Malevolence,2003.0,Crime Horror Mystery Thriller,Stevan Mena,R. Brandon Johnson,Stevan Mena,Richard Glover,5.1,"abandoned house, bank, robber, swing, witness",English
Shooting the Warwicks,2015.0,Comedy Drama,Adam Rifkin,Marri Savinar,Adam Rifkin,Bethany Blakey,6.2,"family relationships, husband wife relationship, nudity, reality, reality spoof",English
Super Hybrid,2010.0,Horror Sci-Fi Thriller,Eric Valette,Melanie Papalia,Ryan Kennedy,John Reardon,3.9,"based on comic book, blue bra and panties, female protagonist, girl in bra and panties, killer car",English
Baghead,2008.0,Comedy Drama Horror Romance,Jay Duplass,Greta Gerwig,Jennifer Lafleur,Elise Muller,6.0,"actor, cabin, california, paper bag, vomiting",English
Ordet,1955.0,Drama Fantasy,Carl Theodor Dreyer,Hanne Aagesen,Sylvia Eckhausen,Ejner Federspiel,8.1,"august, doctor, faith, patriarch, prayer",Danish
Good Dick,2008.0,Comedy Drama Romance,Marianna Palka,Bryce Dallas Howard,Martin Starr,Jason Ritter,6.5,"avoidant personality disorder, emotionally vulnerable, sex, video store, video store clerk",English
The Man from Earth,2007.0,Drama Romance Sci-Fi,Richard Schenkman,William Katt,John Billingsley,David Lee Smith,8.0,"cro magnon, dialogue driven storyline, single set production, single setting, storytelling",English
The Trials of Darryl Hunt,2006.0,Crime Documentary,Ricki Stern,Darryl Hunt,Evelyn Jefferson,John Reeves,7.7,"false accusation, murder, north carolina, trial, wrongful conviction",English
An American Girl Holiday,2004.0,Drama Family,Nadia Tass,Mia Farrow,Jordan Bridges,Bruce Gooch,7.2,"courtship, friend, girl, servant, sister",English
Yesterday Was a Lie,2008.0,Drama Music Mystery Romance Sci-Fi,James Kerwin,John Newton,Chase Masterson,H.M. Wynant,5.4,"claim in title, jazz, jazz singer, sexy woman, time manipulation",English
Children of Heaven,1997.0,Drama Family,Majid Majidi,Bahare Seddiqi,Amir Farrokh Hashemian,Mohammad Amir Naji,8.5,"class, gardening, race, school, shoe",Persian
Weekend,2011.0,Drama Romance,Andrew Haigh,Tom Cullen,Chris New,Vauxhall Jermaine,7.7,"coming out, fellatio, male in bathtub, male nudity, nudity",English
She's Gotta Have It,1986.0,Comedy Romance,Spike Lee,S. Epatha Merkerson,Joie Lee,Tracy Camilla Johns,6.5,"female nudity, male model, nudity, rite of passage, sex",English
Another Earth,2011.0,Drama Romance Sci-Fi,Mike Cahill,Robin Lord Taylor,William Mapother,Flint Beverage,7.0,"duplicate earth, janitor, planet, solar system, synchronicity",English
The Calling,2014.0,Thriller,Jason Stone,Topher Grace,Ellen Burstyn,Christopher Heyerdahl,5.8,"bouquet, house fire, praying, serial killer, tied to a chair",English
Sweet Sweetback's Baadasssss Song,1971.0,Crime Drama Thriller,Melvin Van Peebles,John Amos,Mario Van Peebles,Melvin Van Peebles,5.5,"black panther, hells angels, on the run, racist, racist cop",English
Perfect Cowboy,2014.0,Drama,Ken Roht,Charla Cochran,Joe Lev,Sienna Beckman,7.0,"country singer, father son relationship, music group",English
Tadpole,2000.0,Comedy Drama Romance,Gary Winick,Bebe Neuwirth,Aaron Stanford,Ron Rifkin,6.3,"best friend, boy, french, friend, love",English
Once,2007.0,Drama Music Romance,John Carney,Glen Hansard,Markéta Irglová,Darren Healy,7.9,"immigrant, independent film, song, street, vacuum cleaner",English
The Woman Chaser,1999.0,Comedy,Robinson Devor,Marilyn Rising,Eugene Roche,Max Kerstein,7.3,"car salesman, filmmaking, pulp fiction, santa claus suit, truck driver",English
The Horse Boy,2009.0,Documentary,Michel Orion Scott,Temple Grandin,Rowan Isaacson,Simon Baron-Cohen,7.4,"horse, journey, mongolia, shaman, travel",English
When the Lights Went Out,2012.0,Horror,Pat Holden,Alan Brent,Martin Compston,Kate Ashfield,5.4,"father daughter relationship, poltergeist, spirit, stairway, urination",English
Heroes of Dirt,2015.0,Action Drama Sport,Eric Bugbee,Joel Moody,Bill Allen,Lia Tucker,7.1,"bike, bmx, drugs, troubled teen, youth",English
The Texas Chain Saw Massacre,1974.0,Horror Thriller,Tobe Hooper,Gunnar Hansen,Edwin Neal,Marilyn Burns,7.5,"cannibal, chainsaw, hitchhiker, independent film, leatherface",English
A Charlie Brown Christmas,1965.0,Animation Comedy Family,Bill Melendez,Peter Robbins,Bill Melendez,Christopher Shea,8.4,"christmas, christmas tree, commercialism, meaning of christmas, tree",English
Aroused,2013.0,Documentary,Deborah Anderson,Lisa Ann,Jesse Jane,Kayden Kross,5.3,"aroused, photography, pornography documentary, pornstar",English
Roger & Me,1989.0,Documentary,Michael Moore,Michael Moore,Pat Boone,Bob Eubanks,7.5,"factory, flint michigan, general motors, michigan, quest",English
Cat People,1982.0,Fantasy Horror Thriller,Paul Schrader,Ed Begley Jr.,Ruby Dee,John Heard,6.1,"cat, cat people, leopard, love, slip the undergarment",English
An American in Hollywood,2014.0,Drama,Sai Varadan,J.D. Williams,Hassan Johnson,Samantha Esteban,7.2,place name in title,English
Sound of My Voice,2011.0,Drama Mystery Sci-Fi Thriller,Zal Batmanglij,Christopher Denham,James Urbaniak,Constance Wu,6.7,"cult, cult leader, female nudity, greedy institution, manipulation",English
Your Sister's Sister,2011.0,Comedy Drama,Lynn Shelton,Mark Duplass,Mike Birbiglia,Mel Eslyn,6.7,"drunken sex, mashed potatoes, pancakes, tequila, title directed by female",English
A Dog's Breakfast,2007.0,Comedy,David Hewlett,Christopher Judge,David Hewlett,Paul McGillion,7.0,"dog, vegetarian",English
A Dog's Breakfast,2007.0,Comedy,David Hewlett,Christopher Judge,David Hewlett,Paul McGillion,7.0,"dog, vegetarian",English
Night of the Living Dead,1968.0,Drama Horror Mystery,George A. Romero,Judith O'Dea,Duane Jones,S. William Hinzman,8.0,"cemetery, farmhouse, radiation, running out of gas, zombie",English
Une Femme Mariée,1964.0,Drama,Jean-Luc Godard,Philippe Leroy,Macha Méril,Rita Maiden,7.4,"acting, actor, face slap, fashion, magazine",French
The Work and the Story,2003.0,Comedy,Nathan Smith Jones,Richard Moll,Frank Gerrish,Christopher Robin Miller,5.7,"latter day saints, lds film, mock documentary, mormon, mormonism",English
Facing the Giants,2006.0,Drama Sport,Alex Kendrick,Alex Kendrick,Erin Bethea,Shannen Fields,6.7,"christian, coach, faith, football, football team",English
The Gallows,2015.0,Horror Thriller,Travis Cluff,Pfeifer Brown,Cassidy Gifford,Reese Mishler,4.2,"breaking and entering, gallows, hanging, high school, stage",English
Eraserhead,1977.0,Fantasy Horror Sci-Fi,David Lynch,Hal Landon Jr.,Jack Nance,Charlotte Stewart,7.4,"apartment, baby, deformed baby, factory, surrealism",English
Hollywood Shuffle,1987.0,Comedy,Robert Townsend,Robert Townsend,Keenen Ivory Wayans,Helen Martin,7.0,"actor, african american, dream, two word title, written and directed by cast member",English
The Mighty,1998.0,Comedy Drama,Peter Chelsom,Kieran Culkin,Elden Henson,Gena Rowlands,7.3,"book, friendship, knight, learning disability, tutor",English
Penitentiary,1979.0,Crime Drama Sport,Jamaa Fanaka,Leon Isaac Kennedy,Chuck Mitchell,Wilbur 'Hi-Fi' White,5.8,"blaxploitation, boxing, convict, drifter, false accusation",English
The Lost Skeleton of Cadavra,2001.0,Comedy Horror Sci-Fi,Larry Blamire,Fay Masterson,Brian Howe,Larry Blamire,7.0,"alien, cave, husband wife relationship, monster, skeleton",English
Cheap Thrills,2013.0,Comedy Crime Drama Horror Thriller,E.L. Katz,Brighton Sharbino,Ethan Embry,Elissa Dowling,6.8,"cocaine, extramarital affair, sex, shooting, violence",English
Indie Game: The Movie,2012.0,Documentary,Lisanne Pajot,Jonathan Blow,Edmund McMillen,Phil Fish,7.7,movie in title,English
Closure,2007.0,Thriller,Dan Reed,Danny Dyer,Adam Rayner,Ralph Brown,5.6,"countryside, night, party, rape, scar",English
Open Secret,1948.0,Crime Drama,John Reinhardt,Sheldon Leonard,John Ireland,Arthur O'Connell,7.1,"anti semitism, gangster",English
Echo Dr.,2013.0,Action Drama Sci-Fi Thriller,Patrick Ryan Sims,Claire Gordon-Harper,Hugh Mun,Johnathan Hurley,3.6,"android, artificial intelligence, home invasion, security system, tech noir",English
The Night Visitor,1971.0,Crime Horror Thriller,Laslo Benedek,Liv Ullmann,Trevor Howard,Andrew Keir,6.8,"escape, independent film, mental illness, prison, revenge",English
The Past is a Grotesque Animal,2014.0,Biography Documentary Music,Jason Miller,Jon Brion,Dottie Alexander,David Barnes,7.6,"artist, band, male rear nudity, sexuality, stage",English
The Last House on the Left,2009.0,Crime Horror Thriller,Dennis Iliadis,Tony Goldwyn,Monica Potter,Martha MacIsaac,6.6,"kidnapping, lake, microwave oven, psychopath, woods",English
"Peace, Propaganda & the Promised Land",2004.0,Documentary,Sut Jhally,Noam Chomsky,Seth Ackerman,Arik Ascherman,8.3,"arab israeli conflict, israel, media, middle east, palestine",English
Pi,1998.0,Drama Mystery Thriller,Darren Aronofsky,Mark Margolis,Clint Mansell,Stanley B. Herman,7.5,"mathematician, nature, numbers, pattern, using a metal detector on a beach",English
"I Love You, Don't Touch Me!",1997.0,Comedy Romance,Julie Davis,Jack McGee,Meredith Scott Lynn,Tim DeZarn,5.4,"female frontal nudity, female rear nudity, title directed by female, virgin, written and directed by cast member",English
20 Dates,1998.0,Biography Comedy Romance,Myles Berkowitz,Tia Carrere,Tom Ardavany,Robert McKee,5.3,"fake documentary, hidden camera, mockumentary, narrative, reality show",English
Super Size Me,2004.0,Comedy Documentary Drama,Morgan Spurlock,Chemeeka Walker,Amanda Kearsan,Amelia Giancarlo,7.3,"experiment, fast food, food industry, meal, overeating",English
The FP,2011.0,Comedy,Brandon Trost,Clifton Collins Jr.,Sean Whalen,James DeBello,5.6,"abbreviation in title, based on short film, competition dancing, dystopia, location in title",English
Happy Christmas,2014.0,Comedy Drama,Joe Swanberg,Anna Kendrick,Lena Dunham,Mark Webber,5.6,"chicago illinois, drink, drinking, filmmaker, writer",English
The Brain That Wouldn't Die,1962.0,Horror Sci-Fi,Joseph Green,Virginia Leith,Jason Evers,Bruce Kerr,4.1,"brain, fiance, laboratory, surgeon, surgery",English
Tiger Orange,2014.0,Drama,Wade Gasque,Ty Parker,Vincent Duvall,Loanne Bishop,6.8,"coming out, father son relationship, gay, gay brother, toilet sex",English
Supporting Characters,2012.0,Comedy,Daniel Schechter,Lena Dunham,Kevin Corrigan,Alex Karpovsky,6.3,"film editor, kiss, marriage proposal, movie screening, urination",English
Absentia,2011.0,Drama Horror Mystery,Mike Flanagan,Justin Gordon,Courtney Bell,Erin Cipolletti,5.8,"anticipate, dead in absentia, foetus, tunnel, unreliable narration",English
The Brothers McMullen,1995.0,Comedy Drama Romance,Edward Burns,Shari Albert,Michael McGlone,Maxine Bahns,6.6,"abusive father, critically acclaimed, loss of father, love, true love",English
The Dirties,2013.0,Crime Drama Thriller,Matt Johnson,Paul Daniel Ayotte,Shailene Garnett,Matt Johnson,6.7,"best friend, bully, friend, revenge, school",English
Gabriela,1983.0,Comedy Drama Romance,Bruno Barreto,Marcello Mastroianni,Sonia Braga,Joffre Soares,6.4,"based on novel, brazil, female underarm hair, sex in a window, star appears nude",Portuguese
Tiny Furniture,2010.0,Comedy Drama Romance,Lena Dunham,Lena Dunham,Merritt Wever,Jemima Kirke,6.3,"adult returns home, girl with glasses, hipster, shower, title directed by female",English
The Naked Ape,2006.0,Comedy Drama,Daniel Mellitz,Corbin Bernsen,Chelse Swain,Amanda MacDonald,4.7,"coming of age, male nudity, road trip, skinny dipping, teenager",English
The Call of Cthulhu,2005.0,Fantasy Horror Mystery Thriller,Andrew Leman,Dan Novy,David Mersault,Barry Lynch,7.3,"1920s, cthulhu, dream, sailor, silent film",English
The Signal,2014.0,Sci-Fi Thriller,William Eubank,Lin Shaye,Olivia Cooke,Beau Knapp,6.1,"computer hacker, girlfriend in a coma, nosebleed, prosthetic leg, road trip",English
The Image Revolution,2014.0,Biography Documentary,Patrick Meaney,Taliesin Jaffe,Greg Aronowitz,Jeff Dowd,7.4,"comic book, comic book history, comics, spawn, walking dead",English
This Is Martin Bonner,2013.0,Drama,Chad Hartigan,Jan Haley,Paul Eenhoorn,Demetrius Grosse,6.6,"estranged daughter, friendship, nevada, prisoner, unlikely friendship",English
A True Story,2013.0,Comedy,Malcolm Goodwin,Katrina Bowden,Jon Gries,Kelen Coleman,5.5,"ellipsis in title, long title, period in title, punctuation in title, title ends with period",English
George Washington,2000.0,Drama,David Gordon Green,Paul Schneider,Eddie Rouse,Damian Jewan Lee,7.5,"cover up, north carolina, redemption, small town, teenager",English
Smiling Fish & Goat on Fire,1999.0,Comedy Romance,Kevin Jordan,Derick Martini,Christa Miller,Ion Overman,7.6,"accountant, actor, animal in title, mail carrier, single parent",English
Raymond Did It,2011.0,Horror,Travis Legge,Elissa Dowling,Patricia Raven,Lindsay Felton,3.2,"blood, independent film, mutilation, violence",English
The Last Waltz,1978.0,Documentary Music,Martin Scorsese,Ringo Starr,Levon Helm,Bob Dylan,8.2,"band, final concert, guitar, interview, thanksgiving",English
The Exploding Girl,2009.0,Drama,Bradley Rust Gray,Zoe Kazan,Mark Rendall,Jordan Scovel,6.3,"friend, hospital, low budget film, ring, stoned",English
Mutual Appreciation,2005.0,Comedy,Andrew Bujalski,Andrew Bujalski,Kate Dollenmayer,Justin Rice,6.9,"friendship, guitarist, mumblecore, musician, new york",English
Her Cry: La Llorona Investigation,2013.0,Horror,Damir Catic,Nichole Ceballos,Ron Gelner,Parker Riggs,5.4,"la llorona, weeping",English
Down Terrace,2009.0,Comedy Crime Drama,Ben Wheatley,Michael Smiley,Tony Way,David Schaal,6.5,black comedy,English
Clerks,1994.0,Comedy,Kevin Smith,Jason Mewes,Brian O'Halloran,Jeff Anderson,7.8,"clerk, friend, hockey, video, video store",English
Funny Ha Ha,2002.0,Comedy Drama,Andrew Bujalski,Andrew Bujalski,Kate Dollenmayer,Justin Rice,6.4,mumblecore,English
In the Company of Men,1997.0,Comedy Drama,Neil LaBute,Stacy Edwards,Matt Malloy,Jason Dixie,7.3,"business trip, love, misogynist, office, secretary",English
Sabotage,2014.0,Action Crime Drama Thriller,David Ayer,Mireille Enos,Martin Donovan,Maurice Compte,5.7,"dea, drug cartel, kicked in the crotch, strip club, tough girl",English
Manito,2002.0,Drama Family,Eric Eason,Franky G,Panchito Gómez,Casper Martinez,7.0,"ex convict, graduation, manhattan new york city, older brother is bad influence, washington heights manhattan new york city",English
Rampage,2009.0,Action Crime Thriller,Uwe Boll,Matt Frewer,Katharine Isabelle,Michael Paré,6.3,"death, first part, killing spree, massacre, murder",English
Slacker,1991.0,Comedy Drama,Richard Linklater,Tommy Pallotta,Richard Linklater,Jean Caffeine,7.1,"austin texas, moon, pap smear, texas, twenty something",English
Dry Spell,2013.0,Comedy Romance,Travis Legge,Kristen Seavey,Suzi Lorraine,Travis Legge,3.3,"anti romantic comedy, dating, divorce, sex comedy, sex scene",English
Flywheel,2003.0,Drama,Alex Kendrick,Shannen Fields,Lisa Arnold,Janet Lee Dapper,6.9,"baby, car salesman, christian film, pregnancy, used car salesman",English
Exeter,2015.0,Horror Mystery Thriller,Marcus Nispel,Ashley Tramonte,Brittany Curran,Lindsay MacDonald,4.6,"asylum, demon, party, secret, teenager",English
The Ridges,2011.0,Drama Horror Thriller,Brandon Landers,Robbie Barnes,Alana Kaniewski,Brandon Landers,3.0,"avatar, college, death, tron, university",English
The Puffy Chair,2005.0,Comedy Drama Romance,Jay Duplass,Mark Duplass,Katie Aselton,Bari Hyman,6.6,"birthday, gift, motel, new york city, upholsterer",English
All Superheroes Must Die,2011.0,Sci-Fi Thriller,Jason Trost,Sean Whalen,Jason Trost,Nick Principe,4.0,"arch villain, game of death, kidnapping, superhero",English
Pink Flamingos,1972.0,Comedy Crime Horror,John Waters,Divine,Mink Stole,Edith Massey,6.1,"absurd humor, egg, gross out humor, lesbian, sex",English
Clean,2004.0,Drama Music Romance,Olivier Assayas,Maggie Cheung,Béatrice Dalle,Don McKellar,6.9,"jail, junkie, money, motel, singer",French
The Circle,2000.0,Drama,Jafar Panahi,Fereshteh Sadre Orafaiy,Nargess Mamizadeh,Mojgan Faramarzi,7.5,"abortion, bus, hospital, prison, prostitution",Persian
The Cure,1997.0,Crime Horror Mystery Thriller,Kiyoshi Kurosawa,Kôji Yakusho,Anna Nakagawa,Denden,7.4,"breasts, interrogation, investigation, murder, watching television",Japanese
On the Downlow,2004.0,Drama,Tadeo Garcia,Tatiana Suarez-Pico,Michael Cortez,Eric Ambriz,6.1,"gang initiation, gunplay, hazing, latino, shakespeare's romeo and juliet",English
Sanctuary; Quite a Conundrum,2012.0,Comedy Horror Thriller,Thomas L. Phillips,Julianna Pitt,Joe Coffey,John Lucas,5.4,"nudity, party, pirate, swimsuit, three word title",English
Bang,1995.0,Crime Drama,Ash Baron-Cohen,Peter Greene,Stanley B. Herman,James Noble,6.4,"corruption, homeless, homeless man, motorcycle, urban legend",English
Primer,2004.0,Drama Sci-Fi Thriller,Shane Carruth,Shane Carruth,David Sullivan,Casey Gooden,7.0,"changing the future, independent film, invention, nonlinear timeline, time travel",English
Cavite,2005.0,Thriller,Neill Dela Llana,Ian Gamazon,Edgar Tancangco,Quynn Ton,6.3,"jihad, mindanao, philippines, security guard, squatter",English
El Mariachi,1992.0,Action Crime Drama Romance Thriller,Robert Rodriguez,Carlos Gallardo,Peter Marquardt,Consuelo Gómez,6.9,"assassin, death, guitar, gun, mariachi",Spanish
The Mongol King,2005.0,Crime Drama,Anthony Vallone,Richard Jewell,John Considine,Sara Stepnicka,7.8,"jewell, mongol, nostradamus, stepnicka, vallone",English
Newlyweds,2011.0,Comedy Drama,Edward Burns,Kerry Bishé,Caitlin FitzGerald,Daniella Pineda,6.4,written and directed by cast member,English
Signed Sealed Delivered,2013.0,Comedy Drama,Scott Smith,Eric Mabius,Daphne Zuniga,Crystal Lowe,7.7,"fraud, postal worker, prison, theft, trial",English
My Date with Drew,2004.0,Documentary,Jon Gunn,John August,Brian Herzlinger,Jon Gunn,6.6,"actress name in title, crush, date, four word title, video camera",English
